account_id,person_id,bank_name,branch_city,account_type,opening_date
ACC0001,P0993,Bharat Urban Bank,Ahmedabad,Current,2019-11-08
ACC0002,P0212,Vindhya Rural Bank,Hyderabad,Savings,2024-11-09
ACC0003,P0361,National Cooperative Bank,Chandigarh,Savings,2020-12-28
ACC0004,P0250,Saraswati Finance Bank,Gurugram,Savings,2015-03-10
ACC0005,P0591,Vindhya Rural Bank,Mumbai,Current,2019-02-13
ACC0006,P0850,Bharat Urban Bank,Chandigarh,Current,2015-06-23
ACC0007,P0902,National Cooperative Bank,Pune,Savings,2021-09-07
ACC0008,P0494,Vindhya Rural Bank,Kolkata,Savings,2023-11-28
ACC0009,P0886,Bharat Urban Bank,Bhubaneswar,Current,2016-09-19
ACC0010,P0891,National Cooperative Bank,Ludhiana,Current,2023-02-07
ACC0011,P0533,Suvidha Nagrik Bank,Hyderabad,Savings,2017-03-27
ACC0012,P0954,Bharat Urban Bank,Hyderabad,Savings,2020-11-24
ACC0013,P0105,Bharat Urban Bank,Bhubaneswar,Savings,2021-10-20
ACC0014,P0010,Bharat Urban Bank,Amritsar,Current,2022-01-19
ACC0015,P0343,Saraswati Finance Bank,Patna,Savings,2023-05-19
ACC0016,P0028,Vindhya Rural Bank,Patna,Savings,2019-10-16
ACC0017,P0572,Suvidha Nagrik Bank,Jaipur,Current,2020-12-13
ACC0018,P0531,Himgiri Commercial Bank,Noida,Savings,2016-03-04
ACC0019,P0833,Himgiri Commercial Bank,Kolkata,Savings,2024-02-29
ACC0020,P0406,Suvidha Nagrik Bank,Jaipur,Savings,2018-01-22
ACC0021,P0444,Saraswati Finance Bank,Delhi,Current,2024-10-31
ACC0022,P0139,Bharat Urban Bank,Chennai,Savings,2016-03-02
ACC0023,P0480,National Cooperative Bank,Chandigarh,Current,2021-05-18
ACC0024,P0009,Vindhya Rural Bank,Dehradun,Savings,2021-07-04
ACC0025,P0908,Vindhya Rural Bank,Ghaziabad,Savings,2024-06-19
ACC0026,P0930,National Cooperative Bank,Amritsar,Current,2017-03-12
ACC0027,P0266,Suvidha Nagrik Bank,Surat,Savings,2015-08-25
ACC0028,P0086,National Cooperative Bank,Kanpur,Savings,2023-11-22
ACC0029,P0972,Saraswati Finance Bank,Gurugram,Savings,2024-04-21
ACC0030,P0171,Vindhya Rural Bank,Surat,Savings,2022-11-09
ACC0031,P0707,Bharat Urban Bank,Kolkata,Current,2021-11-18
ACC0032,P0217,Bharat Urban Bank,Hyderabad,Savings,2021-01-29
ACC0033,P0772,Suvidha Nagrik Bank,Agra,Current,2015-09-17
ACC0034,P0594,Himgiri Commercial Bank,Dehradun,Savings,2024-01-11
ACC0035,P0680,Vindhya Rural Bank,Kolkata,Current,2024-11-11
ACC0036,P0045,Bharat Urban Bank,Ranchi,Savings,2020-11-25
ACC0037,P0663,National Cooperative Bank,Haridwar,Savings,2020-10-20
ACC0038,P0527,Suvidha Nagrik Bank,Lucknow,Savings,2024-09-16
ACC0039,P0369,Suvidha Nagrik Bank,Hyderabad,Current,2020-08-12
ACC0040,P0275,National Cooperative Bank,Bhopal,Savings,2021-02-16
ACC0041,P0181,Suvidha Nagrik Bank,Ahmedabad,Current,2015-10-07
ACC0042,P0963,Saraswati Finance Bank,Dehradun,Savings,2017-07-18
ACC0043,P0315,Suvidha Nagrik Bank,Bhubaneswar,Savings,2024-02-01
ACC0044,P0269,National Cooperative Bank,Faridabad,Savings,2016-11-10
ACC0045,P0537,Saraswati Finance Bank,Chandigarh,Current,2019-09-07
ACC0046,P0081,Bharat Urban Bank,Ghaziabad,Current,2016-11-05
ACC0047,P0262,Suvidha Nagrik Bank,Mumbai,Savings,2020-04-24
ACC0048,P0352,Saraswati Finance Bank,Delhi,Current,2021-04-13
ACC0049,P0037,National Cooperative Bank,Pune,Savings,2016-09-02
ACC0050,P0786,National Cooperative Bank,Surat,Current,2017-05-09
ACC0051,P0337,Himgiri Commercial Bank,Chandigarh,Savings,2017-07-07
ACC0052,P0165,National Cooperative Bank,Ghaziabad,Current,2023-11-27
ACC0053,P0474,Saraswati Finance Bank,Bhopal,Current,2017-05-14
ACC0054,P0058,Suvidha Nagrik Bank,Bhopal,Savings,2024-12-12
ACC0055,P0745,Vindhya Rural Bank,Ranchi,Current,2017-11-26
ACC0056,P0561,Himgiri Commercial Bank,Ghaziabad,Current,2022-11-23
ACC0057,P0327,National Cooperative Bank,Hyderabad,Savings,2020-07-19
ACC0058,P0633,Vindhya Rural Bank,Pune,Savings,2024-10-18
ACC0059,P0776,Saraswati Finance Bank,Bhubaneswar,Current,2016-06-06
ACC0060,P0497,Suvidha Nagrik Bank,Ghaziabad,Current,2024-12-14
ACC0061,P0320,Vindhya Rural Bank,Surat,Current,2020-03-26
ACC0062,P0678,Bharat Urban Bank,Jaipur,Current,2017-08-17
ACC0063,P0652,Himgiri Commercial Bank,Bhubaneswar,Savings,2020-11-10
ACC0064,P0248,Himgiri Commercial Bank,Kanpur,Savings,2016-06-13
ACC0065,P0582,Suvidha Nagrik Bank,Hyderabad,Savings,2020-07-13
ACC0066,P0857,National Cooperative Bank,Faridabad,Current,2024-02-01
ACC0067,P0600,Himgiri Commercial Bank,Patna,Current,2024-04-02
ACC0068,P0318,National Cooperative Bank,Chennai,Savings,2019-02-10
ACC0069,P0140,Bharat Urban Bank,Ahmedabad,Savings,2016-03-25
ACC0070,P0473,Vindhya Rural Bank,Indore,Savings,2018-03-17
ACC0071,P0199,National Cooperative Bank,Amritsar,Savings,2020-12-13
ACC0072,P0947,National Cooperative Bank,Delhi,Current,2021-10-02
ACC0073,P0302,Suvidha Nagrik Bank,Delhi,Current,2015-01-16
ACC0074,P0944,Saraswati Finance Bank,Ludhiana,Current,2015-08-27
ACC0075,P0221,Suvidha Nagrik Bank,Ghaziabad,Savings,2016-06-13
ACC0076,P0751,Suvidha Nagrik Bank,Faridabad,Current,2021-01-19
ACC0077,P0074,National Cooperative Bank,Ghaziabad,Savings,2021-02-03
ACC0078,P0854,Suvidha Nagrik Bank,Patna,Current,2020-02-05
ACC0079,P0267,Suvidha Nagrik Bank,Bengaluru,Current,2023-09-03
ACC0080,P0077,Suvidha Nagrik Bank,Bhubaneswar,Current,2022-03-05
ACC0081,P0021,Vindhya Rural Bank,Kanpur,Current,2019-10-22
ACC0082,P0019,Bharat Urban Bank,Kanpur,Current,2019-11-10
ACC0083,P0938,National Cooperative Bank,Surat,Savings,2018-09-26
ACC0084,P0739,Himgiri Commercial Bank,Hyderabad,Savings,2024-07-30
ACC0085,P0512,Saraswati Finance Bank,Ludhiana,Savings,2024-11-23
ACC0086,P0598,Saraswati Finance Bank,Bhopal,Savings,2017-01-31
ACC0087,P0186,Vindhya Rural Bank,Bhopal,Savings,2022-03-08
ACC0088,P0624,Bharat Urban Bank,Kanpur,Savings,2021-11-01
ACC0089,P0816,National Cooperative Bank,Surat,Savings,2024-09-04
ACC0090,P0119,Saraswati Finance Bank,Haridwar,Current,2020-12-31
ACC0091,P0411,Himgiri Commercial Bank,Amritsar,Savings,2016-05-10
ACC0092,P0061,Vindhya Rural Bank,Jaipur,Savings,2015-11-02
ACC0093,P0379,National Cooperative Bank,Chandigarh,Current,2018-02-18
ACC0094,P0488,Vindhya Rural Bank,Ludhiana,Savings,2023-05-29
ACC0095,P0614,Bharat Urban Bank,Surat,Current,2016-09-14
ACC0096,P0511,Saraswati Finance Bank,Hyderabad,Savings,2021-01-12
ACC0097,P0416,Vindhya Rural Bank,Kanpur,Current,2017-09-14
ACC0098,P0124,Bharat Urban Bank,Patna,Current,2021-02-19
ACC0099,P0239,Himgiri Commercial Bank,Gurugram,Current,2020-06-13
ACC0100,P0948,Saraswati Finance Bank,Amritsar,Current,2021-01-13
ACC0101,P0847,Bharat Urban Bank,Kanpur,Current,2017-03-13
ACC0102,P0744,National Cooperative Bank,Amritsar,Current,2017-12-10
ACC0103,P0841,National Cooperative Bank,Bhopal,Savings,2022-08-13
ACC0104,P0723,Bharat Urban Bank,Kanpur,Savings,2022-11-17
ACC0105,P0040,Bharat Urban Bank,Dehradun,Savings,2021-04-14
ACC0106,P0567,Himgiri Commercial Bank,Hyderabad,Savings,2018-08-15
ACC0107,P0647,National Cooperative Bank,Ludhiana,Current,2021-06-30
ACC0108,P0749,Himgiri Commercial Bank,Surat,Current,2024-09-03
ACC0109,P0215,Himgiri Commercial Bank,Jaipur,Current,2019-03-12
ACC0110,P0270,Vindhya Rural Bank,Bhopal,Current,2016-10-04
ACC0111,P0865,Himgiri Commercial Bank,Ahmedabad,Savings,2015-01-06
ACC0112,P0541,Himgiri Commercial Bank,Chandigarh,Current,2018-07-08
ACC0113,P0282,Vindhya Rural Bank,Ghaziabad,Savings,2021-12-18
ACC0114,P0844,National Cooperative Bank,Kanpur,Current,2018-06-11
ACC0115,P0869,Saraswati Finance Bank,Haridwar,Current,2020-01-13
ACC0116,P0065,National Cooperative Bank,Chandigarh,Current,2017-09-17
ACC0117,P0679,Bharat Urban Bank,Bhopal,Current,2020-10-06
ACC0118,P0784,Bharat Urban Bank,Kanpur,Current,2017-10-25
ACC0119,P0102,Vindhya Rural Bank,Bengaluru,Savings,2024-06-07
ACC0120,P0347,Suvidha Nagrik Bank,Ahmedabad,Savings,2018-12-23
ACC0121,P0584,Vindhya Rural Bank,Pune,Savings,2017-06-19
ACC0122,P0384,Suvidha Nagrik Bank,Pune,Savings,2015-01-30
ACC0123,P0904,Vindhya Rural Bank,Kanpur,Current,2018-12-22
ACC0124,P0898,Saraswati Finance Bank,Bengaluru,Savings,2022-11-24
ACC0125,P0619,Vindhya Rural Bank,Indore,Current,2015-12-17
ACC0126,P0085,Suvidha Nagrik Bank,Ahmedabad,Savings,2018-08-15
ACC0127,P0231,Himgiri Commercial Bank,Dehradun,Current,2018-10-23
ACC0128,P0997,Himgiri Commercial Bank,Ludhiana,Current,2019-08-29
ACC0129,P0906,National Cooperative Bank,Kanpur,Savings,2018-04-15
ACC0130,P0234,Bharat Urban Bank,Hyderabad,Savings,2017-03-01
ACC0131,P0573,Himgiri Commercial Bank,Agra,Current,2024-11-28
ACC0132,P0750,Bharat Urban Bank,Ludhiana,Savings,2018-05-18
ACC0133,P0372,Saraswati Finance Bank,Noida,Savings,2015-01-23
ACC0134,P0654,Suvidha Nagrik Bank,Patna,Savings,2019-11-16
ACC0135,P0294,Bharat Urban Bank,Chandigarh,Savings,2018-11-17
ACC0136,P0773,National Cooperative Bank,Faridabad,Savings,2015-07-09
ACC0137,P0722,Vindhya Rural Bank,Kolkata,Current,2024-04-23
ACC0138,P0365,National Cooperative Bank,Indore,Current,2024-01-20
ACC0139,P0517,Saraswati Finance Bank,Surat,Current,2021-11-23
ACC0140,P0700,Vindhya Rural Bank,Patna,Savings,2021-04-05
ACC0141,P0650,National Cooperative Bank,Patna,Savings,2017-03-04
ACC0142,P0044,Saraswati Finance Bank,Kolkata,Current,2023-12-24
ACC0143,P0130,Bharat Urban Bank,Bengaluru,Current,2021-10-10
ACC0144,P0785,Vindhya Rural Bank,Amritsar,Savings,2019-11-26
ACC0145,P0219,Vindhya Rural Bank,Agra,Current,2024-02-16
ACC0146,P0558,Vindhya Rural Bank,Faridabad,Savings,2021-06-01
ACC0147,P0331,Vindhya Rural Bank,Pune,Current,2022-12-08
ACC0148,P0068,National Cooperative Bank,Hyderabad,Savings,2015-07-26
ACC0149,P0169,Saraswati Finance Bank,Pune,Savings,2022-02-22
ACC0150,P0185,National Cooperative Bank,Noida,Savings,2020-06-30
ACC0151,P0736,Suvidha Nagrik Bank,Pune,Current,2019-09-09
ACC0152,P0220,Suvidha Nagrik Bank,Surat,Current,2023-09-12
ACC0153,P0329,Vindhya Rural Bank,Noida,Current,2017-08-14
ACC0154,P0479,Saraswati Finance Bank,Noida,Savings,2015-01-18
ACC0155,P0956,Saraswati Finance Bank,Faridabad,Savings,2024-04-04
ACC0156,P0583,Vindhya Rural Bank,Mumbai,Savings,2015-11-03
ACC0157,P0433,Himgiri Commercial Bank,Gurugram,Savings,2023-07-18
ACC0158,P0492,Saraswati Finance Bank,Patna,Current,2023-04-21
ACC0159,P0323,Bharat Urban Bank,Amritsar,Current,2020-06-20
ACC0160,P0618,Suvidha Nagrik Bank,Bhubaneswar,Current,2017-11-21
ACC0161,P0377,Bharat Urban Bank,Noida,Current,2020-08-30
ACC0162,P0353,Vindhya Rural Bank,Lucknow,Savings,2024-07-27
ACC0163,P0264,Himgiri Commercial Bank,Chandigarh,Current,2015-10-26
ACC0164,P0534,National Cooperative Bank,Dehradun,Current,2015-06-18
ACC0165,P0175,Himgiri Commercial Bank,Agra,Savings,2016-12-02
ACC0166,P0814,Suvidha Nagrik Bank,Mumbai,Current,2022-07-26
ACC0167,P0200,Himgiri Commercial Bank,Surat,Savings,2018-07-11
ACC0168,P0006,National Cooperative Bank,Lucknow,Current,2022-08-28
ACC0169,P0809,National Cooperative Bank,Lucknow,Savings,2018-09-29
ACC0170,P0546,Bharat Urban Bank,Surat,Current,2019-07-19
ACC0171,P0506,Suvidha Nagrik Bank,Ludhiana,Current,2018-05-20
ACC0172,P0015,Saraswati Finance Bank,Ahmedabad,Current,2024-12-01
ACC0173,P0959,Saraswati Finance Bank,Kanpur,Current,2024-01-22
ACC0174,P0434,Saraswati Finance Bank,Jaipur,Savings,2021-02-05
ACC0175,P0205,Suvidha Nagrik Bank,Chennai,Savings,2016-01-02
ACC0176,P0163,Saraswati Finance Bank,Patna,Savings,2021-10-30
ACC0177,P0132,Suvidha Nagrik Bank,Kanpur,Savings,2018-12-14
ACC0178,P0419,Bharat Urban Bank,Mumbai,Current,2019-01-17
ACC0179,P0701,National Cooperative Bank,Gurugram,Savings,2022-09-21
ACC0180,P0211,Saraswati Finance Bank,Bhopal,Savings,2023-08-11
ACC0181,P0314,National Cooperative Bank,Ghaziabad,Savings,2018-08-26
ACC0182,P0746,Himgiri Commercial Bank,Surat,Current,2022-12-02
ACC0183,P0155,Vindhya Rural Bank,Bhopal,Current,2024-11-27
ACC0184,P0703,Himgiri Commercial Bank,Bhubaneswar,Current,2019-08-13
ACC0185,P0462,Vindhya Rural Bank,Gurugram,Current,2020-03-18
ACC0186,P0620,Vindhya Rural Bank,Amritsar,Current,2023-01-30
ACC0187,P0817,National Cooperative Bank,Chennai,Current,2016-02-16
ACC0188,P0213,Vindhya Rural Bank,Surat,Current,2018-09-10
ACC0189,P0916,Saraswati Finance Bank,Dehradun,Current,2018-03-11
ACC0190,P0984,Vindhya Rural Bank,Bhubaneswar,Current,2020-10-26
ACC0191,P0376,Suvidha Nagrik Bank,Faridabad,Current,2024-07-01
ACC0192,P0160,Himgiri Commercial Bank,Ahmedabad,Current,2024-12-12
ACC0193,P0899,Himgiri Commercial Bank,Noida,Current,2022-02-11
ACC0194,P0399,Bharat Urban Bank,Ghaziabad,Current,2020-09-04
ACC0195,P0733,Bharat Urban Bank,Ranchi,Current,2019-11-01
ACC0196,P0288,Bharat Urban Bank,Pune,Current,2022-05-12
ACC0197,P0007,Suvidha Nagrik Bank,Bengaluru,Current,2022-02-22
ACC0198,P0952,National Cooperative Bank,Ludhiana,Current,2024-03-11
ACC0199,P0157,Himgiri Commercial Bank,Amritsar,Current,2015-07-11
ACC0200,P0043,Himgiri Commercial Bank,Bhopal,Current,2019-02-19
ACC0201,P0523,National Cooperative Bank,Haridwar,Current,2019-10-17
ACC0202,P0184,Bharat Urban Bank,Gurugram,Current,2023-04-17
ACC0203,P0035,Saraswati Finance Bank,Bhopal,Current,2019-09-29
ACC0204,P0342,Bharat Urban Bank,Indore,Savings,2024-10-07
ACC0205,P0128,National Cooperative Bank,Kolkata,Current,2016-03-28
ACC0206,P0418,Suvidha Nagrik Bank,Ludhiana,Current,2020-08-26
ACC0207,P0115,Vindhya Rural Bank,Kolkata,Current,2024-01-22
ACC0208,P0969,National Cooperative Bank,Ghaziabad,Current,2023-08-19
ACC0209,P0032,Saraswati Finance Bank,Chennai,Current,2018-01-25
ACC0210,P0133,Bharat Urban Bank,Bengaluru,Current,2016-12-16
ACC0211,P0498,Saraswati Finance Bank,Noida,Savings,2019-04-07
ACC0212,P0452,Vindhya Rural Bank,Agra,Savings,2017-03-16
ACC0213,P0514,Himgiri Commercial Bank,Hyderabad,Current,2022-02-15
ACC0214,P0436,Bharat Urban Bank,Faridabad,Savings,2015-11-27
ACC0215,P0214,Vindhya Rural Bank,Kanpur,Savings,2016-06-25
ACC0216,P0819,Saraswati Finance Bank,Kanpur,Current,2017-11-14
ACC0217,P0013,Saraswati Finance Bank,Jaipur,Savings,2015-08-30
ACC0218,P0770,National Cooperative Bank,Bengaluru,Savings,2023-04-23
ACC0219,P0281,Vindhya Rural Bank,Faridabad,Savings,2022-10-30
ACC0220,P0592,Vindhya Rural Bank,Chennai,Savings,2021-05-30
ACC0221,P0209,Saraswati Finance Bank,Hyderabad,Savings,2015-11-23
ACC0222,P0900,Himgiri Commercial Bank,Ludhiana,Current,2021-06-17
ACC0223,P0873,Saraswati Finance Bank,Agra,Current,2017-08-15
ACC0224,P0779,Saraswati Finance Bank,Noida,Savings,2020-03-14
ACC0225,P0301,Vindhya Rural Bank,Hyderabad,Current,2016-09-04
ACC0226,P0928,Bharat Urban Bank,Indore,Savings,2023-12-13
ACC0227,P0715,Himgiri Commercial Bank,Chandigarh,Current,2017-08-22
ACC0228,P0632,Saraswati Finance Bank,Surat,Savings,2015-03-23
ACC0229,P0923,Himgiri Commercial Bank,Chennai,Savings,2017-02-20
ACC0230,P0309,National Cooperative Bank,Mumbai,Current,2017-04-20
ACC0231,P0896,Suvidha Nagrik Bank,Gurugram,Current,2016-02-25
ACC0232,P0922,Vindhya Rural Bank,Bengaluru,Current,2022-10-04
ACC0233,P0135,Himgiri Commercial Bank,Patna,Savings,2023-01-11
ACC0234,P0549,Suvidha Nagrik Bank,Hyderabad,Current,2016-08-19
ACC0235,P0669,Suvidha Nagrik Bank,Noida,Savings,2020-01-27
ACC0236,P0625,Saraswati Finance Bank,Noida,Current,2017-03-22
ACC0237,P0823,Bharat Urban Bank,Chennai,Current,2021-06-26
ACC0238,P0439,Vindhya Rural Bank,Kanpur,Current,2017-12-14
ACC0239,P0336,Saraswati Finance Bank,Noida,Current,2022-08-13
ACC0240,P0093,Himgiri Commercial Bank,Bhubaneswar,Current,2017-07-26
ACC0241,P0991,National Cooperative Bank,Chandigarh,Savings,2022-07-06
ACC0242,P0911,National Cooperative Bank,Faridabad,Current,2015-12-19
ACC0243,P0092,Himgiri Commercial Bank,Patna,Savings,2018-05-30
ACC0244,P0542,Suvidha Nagrik Bank,Ahmedabad,Savings,2022-11-10
ACC0245,P0313,National Cooperative Bank,Chandigarh,Current,2019-06-10
ACC0246,P0237,Vindhya Rural Bank,Amritsar,Current,2021-06-13
ACC0247,P0371,Bharat Urban Bank,Faridabad,Current,2021-03-11
ACC0248,P0821,Suvidha Nagrik Bank,Mumbai,Savings,2024-11-13
ACC0249,P0800,Saraswati Finance Bank,Chandigarh,Savings,2024-11-27
ACC0250,P0752,Suvidha Nagrik Bank,Bengaluru,Current,2024-08-15
ACC0251,P0166,Bharat Urban Bank,Lucknow,Savings,2022-11-25
ACC0252,P0992,Vindhya Rural Bank,Amritsar,Current,2024-05-21
ACC0253,P0712,Saraswati Finance Bank,Bhubaneswar,Current,2016-07-06
ACC0254,P0039,Suvidha Nagrik Bank,Faridabad,Savings,2024-10-13
ACC0255,P0536,National Cooperative Bank,Gurugram,Savings,2016-06-09
ACC0256,P0467,Bharat Urban Bank,Pune,Savings,2024-12-15
ACC0257,P0575,Suvidha Nagrik Bank,Bengaluru,Current,2020-07-24
ACC0258,P0612,Vindhya Rural Bank,Surat,Savings,2019-10-30
ACC0259,P0878,Vindhya Rural Bank,Lucknow,Savings,2024-07-09
ACC0260,P0451,Himgiri Commercial Bank,Agra,Current,2019-08-24
ACC0261,P0344,Vindhya Rural Bank,Surat,Savings,2023-11-16
ACC0262,P0393,Himgiri Commercial Bank,Agra,Current,2019-12-31
ACC0263,P0026,Bharat Urban Bank,Noida,Current,2016-06-16
ACC0264,P0082,Suvidha Nagrik Bank,Amritsar,Current,2016-04-10
ACC0265,P0057,National Cooperative Bank,Pune,Savings,2017-10-21
ACC0266,P0356,Vindhya Rural Bank,Ludhiana,Savings,2019-10-15
ACC0267,P0243,Vindhya Rural Bank,Amritsar,Savings,2015-08-22
ACC0268,P0083,Suvidha Nagrik Bank,Agra,Current,2016-11-03
ACC0269,P0382,Bharat Urban Bank,Jaipur,Savings,2015-06-23
ACC0270,P0095,Vindhya Rural Bank,Pune,Savings,2019-02-20
ACC0271,P0048,Himgiri Commercial Bank,Lucknow,Savings,2024-11-05
ACC0272,P0100,National Cooperative Bank,Agra,Current,2019-09-16
ACC0273,P0667,National Cooperative Bank,Haridwar,Current,2016-04-17
ACC0274,P0975,Saraswati Finance Bank,Amritsar,Savings,2016-07-25
ACC0275,P0164,Bharat Urban Bank,Ludhiana,Savings,2015-07-23
ACC0276,P0324,Vindhya Rural Bank,Lucknow,Current,2022-03-12
ACC0277,P0227,Suvidha Nagrik Bank,Gurugram,Savings,2015-12-04
ACC0278,P0872,Bharat Urban Bank,Chennai,Current,2015-05-01
ACC0279,P0988,Suvidha Nagrik Bank,Chandigarh,Savings,2023-03-13
ACC0280,P0855,Suvidha Nagrik Bank,Amritsar,Savings,2023-06-22
ACC0281,P0223,Saraswati Finance Bank,Gurugram,Savings,2015-04-23
ACC0282,P0121,Bharat Urban Bank,Gurugram,Savings,2018-08-05
ACC0283,P0914,Himgiri Commercial Bank,Lucknow,Current,2018-01-10
ACC0284,P0861,Saraswati Finance Bank,Ghaziabad,Current,2017-03-26
ACC0285,P0174,Saraswati Finance Bank,Kolkata,Current,2018-10-16
ACC0286,P0187,Suvidha Nagrik Bank,Ghaziabad,Current,2024-07-08
ACC0287,P0881,Saraswati Finance Bank,Ahmedabad,Current,2018-10-30
ACC0288,P0036,National Cooperative Bank,Surat,Savings,2018-02-19
ACC0289,P0839,National Cooperative Bank,Hyderabad,Current,2016-06-26
ACC0290,P0162,Himgiri Commercial Bank,Faridabad,Current,2018-05-30
ACC0291,P0303,Vindhya Rural Bank,Jaipur,Savings,2016-05-07
ACC0292,P0500,Bharat Urban Bank,Delhi,Current,2018-06-14
ACC0293,P0901,Vindhya Rural Bank,Kanpur,Savings,2024-02-24
ACC0294,P0708,Vindhya Rural Bank,Ranchi,Savings,2022-09-22
ACC0295,P0374,Saraswati Finance Bank,Ludhiana,Savings,2023-11-08
ACC0296,P0706,Saraswati Finance Bank,Haridwar,Savings,2015-03-08
ACC0297,P0909,Suvidha Nagrik Bank,Agra,Savings,2017-07-04
ACC0298,P0544,Saraswati Finance Bank,Agra,Current,2024-09-19
ACC0299,P0421,Suvidha Nagrik Bank,Ghaziabad,Current,2024-02-26
ACC0300,P0721,National Cooperative Bank,Ghaziabad,Savings,2018-05-19
ACC0301,P0689,National Cooperative Bank,Bengaluru,Current,2016-12-14
ACC0302,P0929,Saraswati Finance Bank,Gurugram,Current,2018-08-28
ACC0303,P0295,Vindhya Rural Bank,Agra,Current,2022-10-03
ACC0304,P0681,Himgiri Commercial Bank,Patna,Savings,2018-05-23
ACC0305,P0123,Bharat Urban Bank,Mumbai,Current,2020-04-25
ACC0306,P0629,Suvidha Nagrik Bank,Kanpur,Current,2016-04-25
ACC0307,P0868,Himgiri Commercial Bank,Delhi,Savings,2019-10-25
ACC0308,P0656,National Cooperative Bank,Gurugram,Current,2015-12-15
ACC0309,P0935,Bharat Urban Bank,Ghaziabad,Savings,2016-12-02
ACC0310,P0084,Suvidha Nagrik Bank,Delhi,Current,2020-07-31
ACC0311,P0228,Suvidha Nagrik Bank,Haridwar,Savings,2018-12-29
ACC0312,P0758,National Cooperative Bank,Patna,Savings,2019-08-08
ACC0313,P0370,Suvidha Nagrik Bank,Hyderabad,Savings,2023-09-13
ACC0314,P0951,Saraswati Finance Bank,Ghaziabad,Current,2019-03-22
ACC0315,P0286,Bharat Urban Bank,Ranchi,Current,2021-02-13
ACC0316,P0106,Vindhya Rural Bank,Kanpur,Savings,2018-09-14
ACC0317,P0023,Bharat Urban Bank,Patna,Savings,2017-12-31
ACC0318,P0284,Bharat Urban Bank,Bengaluru,Savings,2018-01-09
ACC0319,P0977,Saraswati Finance Bank,Kanpur,Current,2016-10-07
ACC0320,P0556,Saraswati Finance Bank,Bhopal,Current,2015-11-12
ACC0321,P0781,Suvidha Nagrik Bank,Hyderabad,Savings,2015-01-31
ACC0322,P0375,National Cooperative Bank,Agra,Savings,2022-11-07
ACC0323,P0692,Bharat Urban Bank,Delhi,Current,2022-07-04
ACC0324,P0867,Himgiri Commercial Bank,Faridabad,Current,2024-06-12
ACC0325,P0762,Vindhya Rural Bank,Hyderabad,Current,2021-05-30
ACC0326,P0547,Saraswati Finance Bank,Haridwar,Savings,2024-03-16
ACC0327,P0349,Bharat Urban Bank,Bhubaneswar,Savings,2024-10-10
ACC0328,P0229,Bharat Urban Bank,Bengaluru,Savings,2023-02-16
ACC0329,P0018,Saraswati Finance Bank,Ghaziabad,Savings,2021-10-07
ACC0330,P0626,Saraswati Finance Bank,Ludhiana,Savings,2020-10-30
ACC0331,P0230,Saraswati Finance Bank,Kanpur,Current,2015-03-08
ACC0332,P0201,Vindhya Rural Bank,Ahmedabad,Savings,2015-03-17
ACC0333,P0730,Himgiri Commercial Bank,Pune,Savings,2018-07-20
ACC0334,P0505,Bharat Urban Bank,Hyderabad,Savings,2021-07-20
ACC0335,P0359,Suvidha Nagrik Bank,Jaipur,Savings,2023-09-03
ACC0336,P0610,National Cooperative Bank,Kanpur,Savings,2021-12-29
ACC0337,P0648,Bharat Urban Bank,Haridwar,Savings,2015-04-26
ACC0338,P0238,Himgiri Commercial Bank,Agra,Savings,2023-09-24
ACC0339,P0853,Vindhya Rural Bank,Kolkata,Current,2017-07-27
ACC0340,P0484,National Cooperative Bank,Gurugram,Current,2019-11-02
ACC0341,P0892,Suvidha Nagrik Bank,Lucknow,Current,2018-03-02
ACC0342,P0525,Saraswati Finance Bank,Patna,Savings,2016-04-08
ACC0343,P0983,Saraswati Finance Bank,Surat,Current,2023-07-01
ACC0344,P0355,Suvidha Nagrik Bank,Jaipur,Savings,2022-09-03
ACC0345,P0392,Himgiri Commercial Bank,Gurugram,Savings,2015-02-06
ACC0346,P0396,National Cooperative Bank,Ghaziabad,Current,2021-06-16
ACC0347,P0754,Suvidha Nagrik Bank,Jaipur,Savings,2020-07-26
ACC0348,P0942,Saraswati Finance Bank,Kolkata,Savings,2023-05-15
ACC0349,P0224,Suvidha Nagrik Bank,Amritsar,Savings,2022-01-31
ACC0350,P0330,Bharat Urban Bank,Lucknow,Savings,2017-06-07
ACC0351,P0936,National Cooperative Bank,Ranchi,Current,2021-02-24
ACC0352,P0308,National Cooperative Bank,Amritsar,Savings,2016-06-13
ACC0353,P0704,Saraswati Finance Bank,Delhi,Savings,2020-06-08
ACC0354,P0198,Bharat Urban Bank,Bhubaneswar,Savings,2018-07-10
ACC0355,P0274,Vindhya Rural Bank,Jaipur,Savings,2019-12-22
ACC0356,P0910,Saraswati Finance Bank,Lucknow,Current,2020-10-20
ACC0357,P0050,Saraswati Finance Bank,Delhi,Current,2017-09-23
ACC0358,P0981,Bharat Urban Bank,Amritsar,Savings,2018-01-12
ACC0359,P0179,Saraswati Finance Bank,Jaipur,Current,2022-09-23
ACC0360,P0946,Suvidha Nagrik Bank,Faridabad,Current,2023-07-14
ACC0361,P0520,Vindhya Rural Bank,Pune,Current,2019-07-10
ACC0362,P0051,National Cooperative Bank,Indore,Savings,2018-02-24
ACC0363,P0830,Suvidha Nagrik Bank,Chandigarh,Current,2015-07-05
ACC0364,P0769,Himgiri Commercial Bank,Delhi,Savings,2015-10-24
ACC0365,P0964,Saraswati Finance Bank,Ahmedabad,Savings,2021-11-28
ACC0366,P0339,Himgiri Commercial Bank,Bengaluru,Savings,2024-04-17
ACC0367,P0257,Himgiri Commercial Bank,Bhubaneswar,Current,2017-09-04
ACC0368,P0822,Vindhya Rural Bank,Ludhiana,Current,2019-03-27
ACC0369,P0849,Saraswati Finance Bank,Jaipur,Savings,2019-07-25
ACC0370,P0258,Vindhya Rural Bank,Delhi,Current,2020-07-01
ACC0371,P0173,Saraswati Finance Bank,Dehradun,Current,2015-07-28
ACC0372,P0090,Saraswati Finance Bank,Pune,Current,2022-12-20
ACC0373,P0195,Suvidha Nagrik Bank,Gurugram,Savings,2015-09-29
ACC0374,P0845,Vindhya Rural Bank,Bhubaneswar,Savings,2018-12-03
ACC0375,P0606,National Cooperative Bank,Jaipur,Current,2020-09-21
ACC0376,P0695,National Cooperative Bank,Amritsar,Current,2018-08-26
ACC0377,P0144,Bharat Urban Bank,Faridabad,Current,2016-06-12
ACC0378,P0876,Bharat Urban Bank,Ludhiana,Current,2016-12-21
ACC0379,P0828,Bharat Urban Bank,Mumbai,Savings,2015-07-24
ACC0380,P0260,Vindhya Rural Bank,Ghaziabad,Current,2016-10-15
ACC0381,P0764,National Cooperative Bank,Kanpur,Savings,2016-11-06
ACC0382,P0571,Saraswati Finance Bank,Ranchi,Savings,2024-03-12
ACC0383,P0113,Himgiri Commercial Bank,Ludhiana,Savings,2023-10-18
ACC0384,P0664,Saraswati Finance Bank,Ludhiana,Current,2023-04-19
ACC0385,P0316,Vindhya Rural Bank,Surat,Current,2021-06-24
ACC0386,P0442,Saraswati Finance Bank,Bengaluru,Current,2020-01-20
ACC0387,P0799,Himgiri Commercial Bank,Ghaziabad,Savings,2023-10-05
ACC0388,P0341,Himgiri Commercial Bank,Gurugram,Current,2017-01-31
ACC0389,P0874,National Cooperative Bank,Bhopal,Current,2018-05-25
ACC0390,P0974,Himgiri Commercial Bank,Gurugram,Current,2015-12-19
ACC0391,P0509,Vindhya Rural Bank,Ludhiana,Savings,2024-10-25
ACC0392,P0088,Vindhya Rural Bank,Agra,Savings,2015-06-25
ACC0393,P0661,National Cooperative Bank,Chandigarh,Current,2017-01-18
ACC0394,P0332,National Cooperative Bank,Faridabad,Current,2016-12-08
ACC0395,P0720,Saraswati Finance Bank,Gurugram,Current,2024-10-08
ACC0396,P0953,National Cooperative Bank,Mumbai,Savings,2019-04-21
ACC0397,P0808,Saraswati Finance Bank,Amritsar,Savings,2016-08-10
ACC0398,P0178,Saraswati Finance Bank,Chennai,Current,2024-08-06
ACC0399,P0968,Himgiri Commercial Bank,Hyderabad,Savings,2017-05-16
ACC0400,P0073,National Cooperative Bank,Gurugram,Current,2015-05-08
ACC0401,P0539,Bharat Urban Bank,Surat,Current,2018-04-20
ACC0402,P0417,Saraswati Finance Bank,Kolkata,Savings,2016-11-29
ACC0403,P0438,Bharat Urban Bank,Agra,Savings,2024-03-11
ACC0404,P0986,Suvidha Nagrik Bank,Ranchi,Savings,2020-04-18
ACC0405,P0321,Saraswati Finance Bank,Ahmedabad,Savings,2022-04-02
ACC0406,P0553,Vindhya Rural Bank,Agra,Savings,2016-08-20
ACC0407,P0503,Himgiri Commercial Bank,Amritsar,Savings,2016-11-30
ACC0408,P0796,Himgiri Commercial Bank,Bhubaneswar,Current,2022-11-15
ACC0409,P0921,National Cooperative Bank,Chandigarh,Current,2020-08-26
ACC0410,P0890,Saraswati Finance Bank,Kolkata,Savings,2017-03-27
ACC0411,P0699,Suvidha Nagrik Bank,Ghaziabad,Current,2020-06-12
ACC0412,P0189,Himgiri Commercial Bank,Amritsar,Current,2016-03-30
ACC0413,P0803,Vindhya Rural Bank,Bengaluru,Savings,2019-04-28
ACC0414,P0448,Vindhya Rural Bank,Faridabad,Savings,2015-02-01
ACC0415,P0360,Vindhya Rural Bank,Ahmedabad,Current,2015-11-06
ACC0416,P0076,National Cooperative Bank,Delhi,Current,2016-06-28
ACC0417,P0842,Saraswati Finance Bank,Patna,Current,2016-07-23
ACC0418,P0560,Saraswati Finance Bank,Kanpur,Savings,2015-02-02
ACC0419,P0949,Bharat Urban Bank,Ranchi,Savings,2015-06-07
ACC0420,P0042,Himgiri Commercial Bank,Dehradun,Current,2023-03-21
ACC0421,P0055,Vindhya Rural Bank,Ahmedabad,Current,2019-10-24
ACC0422,P0004,Himgiri Commercial Bank,Kolkata,Current,2016-12-13
ACC0423,P0440,National Cooperative Bank,Agra,Savings,2020-03-11
ACC0424,P0528,Suvidha Nagrik Bank,Gurugram,Savings,2017-11-20
ACC0425,P0063,Suvidha Nagrik Bank,Chennai,Current,2021-01-07
ACC0426,P0834,National Cooperative Bank,Bhubaneswar,Savings,2018-03-02
ACC0427,P0613,Vindhya Rural Bank,Patna,Current,2015-08-10
ACC0428,P0017,Himgiri Commercial Bank,Noida,Savings,2022-03-02
ACC0429,P0761,Suvidha Nagrik Bank,Chandigarh,Savings,2022-06-13
ACC0430,P0134,Himgiri Commercial Bank,Bhubaneswar,Current,2021-11-05
ACC0431,P0961,National Cooperative Bank,Ahmedabad,Current,2021-10-18
ACC0432,P0774,National Cooperative Bank,Agra,Current,2021-07-29
ACC0433,P0247,Vindhya Rural Bank,Patna,Current,2021-07-03
ACC0434,P0674,Vindhya Rural Bank,Chandigarh,Savings,2021-06-15
ACC0435,P0002,Saraswati Finance Bank,Mumbai,Current,2019-09-22
ACC0436,P0367,Suvidha Nagrik Bank,Faridabad,Current,2018-02-06
ACC0437,P0551,Suvidha Nagrik Bank,Faridabad,Current,2019-04-28
ACC0438,P0593,Vindhya Rural Bank,Indore,Savings,2023-10-25
ACC0439,P0447,Himgiri Commercial Bank,Surat,Savings,2024-02-14
ACC0440,P0684,National Cooperative Bank,Gurugram,Current,2016-12-20
ACC0441,P0395,Bharat Urban Bank,Indore,Current,2023-08-04
ACC0442,P0530,Saraswati Finance Bank,Kolkata,Savings,2020-11-09
ACC0443,P0158,National Cooperative Bank,Gurugram,Current,2017-04-12
ACC0444,P0177,Suvidha Nagrik Bank,Kanpur,Savings,2016-01-16
ACC0445,P0143,Saraswati Finance Bank,Gurugram,Current,2016-12-29
ACC0446,P0131,Saraswati Finance Bank,Hyderabad,Current,2015-08-20
ACC0447,P0676,Saraswati Finance Bank,Bhopal,Current,2016-02-28
ACC0448,P0129,National Cooperative Bank,Surat,Savings,2018-09-05
ACC0449,P0713,National Cooperative Bank,Bhopal,Savings,2021-02-07
ACC0450,P0875,Saraswati Finance Bank,Agra,Current,2015-05-20
ACC0451,P0987,Saraswati Finance Bank,Surat,Savings,2024-09-20
ACC0452,P0565,Bharat Urban Bank,Bengaluru,Current,2016-03-01
ACC0453,P0636,National Cooperative Bank,Kanpur,Savings,2017-06-18
ACC0454,P0925,Vindhya Rural Bank,Chennai,Savings,2023-07-30
ACC0455,P0292,National Cooperative Bank,Bhopal,Current,2019-10-20
ACC0456,P0380,Saraswati Finance Bank,Lucknow,Current,2023-10-11
ACC0457,P0794,Himgiri Commercial Bank,Bhubaneswar,Current,2015-09-08
ACC0458,P0735,Vindhya Rural Bank,Lucknow,Current,2015-12-03
ACC0459,P0734,National Cooperative Bank,Ludhiana,Savings,2024-07-18
ACC0460,P0747,Suvidha Nagrik Bank,Ghaziabad,Current,2017-06-20
ACC0461,P0665,Saraswati Finance Bank,Delhi,Current,2019-08-19
ACC0462,P0742,Himgiri Commercial Bank,Kanpur,Current,2016-08-05
ACC0463,P0564,National Cooperative Bank,Pune,Savings,2017-03-16
ACC0464,P0431,Vindhya Rural Bank,Chennai,Savings,2017-06-29
ACC0465,P0117,Bharat Urban Bank,Faridabad,Savings,2019-01-07
ACC0466,P0338,Bharat Urban Bank,Agra,Current,2016-04-27
ACC0467,P0150,Himgiri Commercial Bank,Pune,Current,2015-05-26
ACC0468,P0232,Vindhya Rural Bank,Hyderabad,Current,2018-09-27
ACC0469,P0804,Saraswati Finance Bank,Ghaziabad,Current,2015-10-27
ACC0470,P0364,Bharat Urban Bank,Noida,Savings,2021-02-26
ACC0471,P0851,Vindhya Rural Bank,Ghaziabad,Savings,2016-02-12
ACC0472,P0791,Vindhya Rural Bank,Chandigarh,Savings,2018-10-10
ACC0473,P0835,Vindhya Rural Bank,Chennai,Savings,2018-07-18
ACC0474,P0409,Bharat Urban Bank,Agra,Current,2022-07-29
ACC0475,P0883,Saraswati Finance Bank,Dehradun,Current,2023-08-15
ACC0476,P0852,National Cooperative Bank,Dehradun,Savings,2019-11-06
ACC0477,P0932,Suvidha Nagrik Bank,Patna,Savings,2015-01-12
ACC0478,P0837,Bharat Urban Bank,Bhopal,Current,2017-11-16
ACC0479,P0945,Vindhya Rural Bank,Bhubaneswar,Savings,2015-12-17
ACC0480,P0962,Suvidha Nagrik Bank,Chandigarh,Current,2022-07-22
ACC0481,P0413,Bharat Urban Bank,Kolkata,Savings,2021-12-30
ACC0482,P0965,Himgiri Commercial Bank,Ludhiana,Savings,2024-05-23
ACC0483,P0831,Himgiri Commercial Bank,Indore,Current,2025-01-01
ACC0484,P0589,National Cooperative Bank,Surat,Current,2016-11-15
ACC0485,P0197,Vindhya Rural Bank,Noida,Current,2024-05-10
ACC0486,P0485,Himgiri Commercial Bank,Noida,Savings,2016-12-04
ACC0487,P0268,Bharat Urban Bank,Gurugram,Current,2023-09-07
ACC0488,P0931,Vindhya Rural Bank,Kanpur,Current,2022-12-22
ACC0489,P0710,Vindhya Rural Bank,Delhi,Current,2016-10-20
ACC0490,P0450,National Cooperative Bank,Haridwar,Current,2022-02-24
ACC0491,P0118,Suvidha Nagrik Bank,Delhi,Savings,2018-03-05
ACC0492,P0659,Himgiri Commercial Bank,Haridwar,Savings,2017-04-27
ACC0493,P0596,Bharat Urban Bank,Hyderabad,Savings,2024-07-17
ACC0494,P0634,Bharat Urban Bank,Kanpur,Savings,2017-05-27
ACC0495,P0276,Vindhya Rural Bank,Mumbai,Current,2015-04-04
ACC0496,P0366,Suvidha Nagrik Bank,Kolkata,Savings,2021-10-14
ACC0497,P0460,Vindhya Rural Bank,Chandigarh,Current,2024-05-27
ACC0498,P0778,Saraswati Finance Bank,Agra,Savings,2019-02-27
ACC0499,P0194,Himgiri Commercial Bank,Agra,Current,2015-01-09
ACC0500,P0383,Saraswati Finance Bank,Surat,Savings,2017-07-24
ACC0501,P0072,Bharat Urban Bank,Lucknow,Current,2019-12-20
ACC0502,P0259,Bharat Urban Bank,Ranchi,Current,2021-11-24
ACC0503,P0653,Himgiri Commercial Bank,Ghaziabad,Current,2024-07-14
ACC0504,P0905,Vindhya Rural Bank,Chandigarh,Current,2021-02-16
ACC0505,P0888,Bharat Urban Bank,Ludhiana,Savings,2023-01-28
ACC0506,P0753,Himgiri Commercial Bank,Bengaluru,Savings,2024-05-21
ACC0507,P0272,Suvidha Nagrik Bank,Pune,Current,2020-02-27
ACC0508,P0696,Himgiri Commercial Bank,Dehradun,Savings,2016-04-29
ACC0509,P0554,National Cooperative Bank,Haridwar,Current,2024-09-14
ACC0510,P0298,Bharat Urban Bank,Pune,Current,2021-01-05
ACC0511,P0053,Suvidha Nagrik Bank,Surat,Savings,2017-05-11
ACC0512,P0261,Himgiri Commercial Bank,Dehradun,Current,2022-02-11
ACC0513,P0846,Bharat Urban Bank,Faridabad,Current,2019-04-30
ACC0514,P0114,Saraswati Finance Bank,Ahmedabad,Current,2016-10-18
ACC0515,P0725,Saraswati Finance Bank,Bhopal,Current,2016-05-20
ACC0516,P0003,National Cooperative Bank,Agra,Current,2022-01-18
ACC0517,P0358,Vindhya Rural Bank,Faridabad,Current,2022-10-29
ACC0518,P0504,National Cooperative Bank,Haridwar,Savings,2020-08-10
ACC0519,P0226,Suvidha Nagrik Bank,Kanpur,Savings,2017-01-28
ACC0520,P0934,Bharat Urban Bank,Ludhiana,Savings,2020-10-20
ACC0521,P0979,National Cooperative Bank,Indore,Current,2022-01-05
ACC0522,P0538,Himgiri Commercial Bank,Bhopal,Current,2018-05-23
ACC0523,P0437,National Cooperative Bank,Dehradun,Savings,2017-07-02
ACC0524,P0328,Vindhya Rural Bank,Mumbai,Current,2018-10-31
ACC0525,P0091,Vindhya Rural Bank,Chandigarh,Savings,2021-12-15
ACC0526,P0668,Vindhya Rural Bank,Ahmedabad,Savings,2017-07-18
ACC0527,P0655,National Cooperative Bank,Ranchi,Savings,2023-10-29
ACC0528,P0489,Himgiri Commercial Bank,Haridwar,Current,2023-01-07
ACC0529,P0885,Himgiri Commercial Bank,Noida,Current,2017-01-27
ACC0530,P0456,Himgiri Commercial Bank,Mumbai,Savings,2024-07-04
ACC0531,P0825,National Cooperative Bank,Faridabad,Savings,2017-11-08
ACC0532,P0388,Vindhya Rural Bank,Mumbai,Current,2023-06-30
ACC0533,P0362,Bharat Urban Bank,Chennai,Current,2015-02-24
ACC0534,P0403,Suvidha Nagrik Bank,Ranchi,Current,2022-06-21
ACC0535,P0940,Bharat Urban Bank,Patna,Savings,2020-11-27
ACC0536,P0482,Himgiri Commercial Bank,Indore,Savings,2019-05-01
ACC0537,P0519,Suvidha Nagrik Bank,Mumbai,Current,2018-04-09
ACC0538,P0483,Vindhya Rural Bank,Kanpur,Current,2019-09-24
ACC0539,P0159,Himgiri Commercial Bank,Ghaziabad,Current,2017-09-29
ACC0540,P0604,Suvidha Nagrik Bank,Ghaziabad,Savings,2019-01-05
ACC0541,P0677,Bharat Urban Bank,Hyderabad,Savings,2019-02-14
ACC0542,P0491,Himgiri Commercial Bank,Agra,Savings,2022-12-08
ACC0543,P0149,Vindhya Rural Bank,Gurugram,Savings,2017-02-24
ACC0544,P0927,Suvidha Nagrik Bank,Surat,Savings,2016-05-22
ACC0545,P0510,Vindhya Rural Bank,Agra,Current,2015-09-30
ACC0546,P0587,Bharat Urban Bank,Mumbai,Current,2021-02-05
ACC0547,P0412,Bharat Urban Bank,Mumbai,Savings,2021-01-30
ACC0548,P0289,National Cooperative Bank,Agra,Savings,2017-03-11
ACC0549,P0978,Vindhya Rural Bank,Ludhiana,Savings,2022-09-21
ACC0550,P0222,Saraswati Finance Bank,Ludhiana,Savings,2022-06-21
ACC0551,P0919,Vindhya Rural Bank,Hyderabad,Current,2021-11-07
ACC0552,P0152,Saraswati Finance Bank,Agra,Savings,2015-01-28
ACC0553,P0435,Vindhya Rural Bank,Gurugram,Savings,2018-04-28
ACC0554,P0717,Suvidha Nagrik Bank,Patna,Savings,2020-04-22
ACC0555,P0693,Vindhya Rural Bank,Faridabad,Current,2015-12-22
ACC0556,P0400,Bharat Urban Bank,Dehradun,Savings,2016-09-07
ACC0557,P0966,Bharat Urban Bank,Pune,Current,2024-06-30
ACC0558,P0430,Saraswati Finance Bank,Agra,Current,2022-11-11
ACC0559,P0481,Saraswati Finance Bank,Dehradun,Current,2022-01-04
ACC0560,P0782,Himgiri Commercial Bank,Ludhiana,Savings,2015-08-28
ACC0561,P0280,Suvidha Nagrik Bank,Dehradun,Savings,2016-04-21
ACC0562,P0453,National Cooperative Bank,Ghaziabad,Savings,2017-04-03
ACC0563,P0913,National Cooperative Bank,Hyderabad,Savings,2018-12-19
ACC0564,P0702,Bharat Urban Bank,Bengaluru,Current,2020-11-14
ACC0565,P0427,Bharat Urban Bank,Indore,Current,2023-10-05
ACC0566,P0054,Suvidha Nagrik Bank,Kanpur,Savings,2016-06-27
ACC0567,P0559,Bharat Urban Bank,Gurugram,Current,2016-06-22
ACC0568,P0602,National Cooperative Bank,Surat,Current,2024-09-02
ACC0569,P0797,Bharat Urban Bank,Ahmedabad,Savings,2016-01-05
ACC0570,P0958,Saraswati Finance Bank,Patna,Current,2016-12-03
ACC0571,P0127,Vindhya Rural Bank,Jaipur,Current,2017-11-25
ACC0572,P0089,Himgiri Commercial Bank,Lucknow,Savings,2017-04-27
ACC0573,P0880,Vindhya Rural Bank,Ludhiana,Savings,2020-12-06
ACC0574,P0698,Vindhya Rural Bank,Dehradun,Savings,2023-04-11
ACC0575,P0407,Himgiri Commercial Bank,Bhubaneswar,Current,2016-07-13
ACC0576,P0976,Bharat Urban Bank,Lucknow,Current,2015-02-25
ACC0577,P0153,Bharat Urban Bank,Pune,Savings,2021-10-19
ACC0578,P0402,Himgiri Commercial Bank,Agra,Current,2022-08-17
ACC0579,P0335,National Cooperative Bank,Faridabad,Savings,2024-10-27
ACC0580,P0617,Saraswati Finance Bank,Bengaluru,Savings,2023-05-23
ACC0581,P0137,Vindhya Rural Bank,Noida,Current,2018-10-16
ACC0582,P0300,Suvidha Nagrik Bank,Chennai,Current,2016-11-02
ACC0583,P0425,National Cooperative Bank,Dehradun,Current,2022-02-25
ACC0584,P0391,Suvidha Nagrik Bank,Bhopal,Savings,2020-09-13
ACC0585,P0513,National Cooperative Bank,Ranchi,Savings,2021-05-08
ACC0586,P0802,Himgiri Commercial Bank,Chennai,Savings,2021-03-31
ACC0587,P0493,Vindhya Rural Bank,Hyderabad,Savings,2015-07-02
ACC0588,P0296,National Cooperative Bank,Chandigarh,Savings,2021-10-29
ACC0589,P0317,Himgiri Commercial Bank,Patna,Savings,2024-10-18
ACC0590,P0464,Bharat Urban Bank,Agra,Current,2019-12-20
ACC0591,P0101,Suvidha Nagrik Bank,Ahmedabad,Savings,2021-06-01
ACC0592,P0848,Saraswati Finance Bank,Chandigarh,Savings,2015-01-09
ACC0593,P0643,Saraswati Finance Bank,Ranchi,Current,2021-06-27
ACC0594,P0422,Saraswati Finance Bank,Ahmedabad,Current,2017-03-11
ACC0595,P0441,Himgiri Commercial Bank,Haridwar,Savings,2015-03-19
ACC0596,P0176,Himgiri Commercial Bank,Ghaziabad,Savings,2020-07-07
ACC0597,P0840,Vindhya Rural Bank,Bengaluru,Savings,2015-02-23
ACC0598,P0628,Vindhya Rural Bank,Patna,Current,2021-05-24
ACC0599,P0141,Suvidha Nagrik Bank,Ranchi,Current,2017-07-24
ACC0600,P0815,Bharat Urban Bank,Ahmedabad,Savings,2021-12-18
ACC0601,P0760,Suvidha Nagrik Bank,Ranchi,Savings,2024-03-23
ACC0602,P0621,Suvidha Nagrik Bank,Bengaluru,Current,2017-08-15
ACC0603,P0378,National Cooperative Bank,Bengaluru,Current,2021-05-08
ACC0604,P0548,Himgiri Commercial Bank,Mumbai,Current,2021-07-10
ACC0605,P0120,National Cooperative Bank,Ghaziabad,Savings,2022-04-08
ACC0606,P0459,Himgiri Commercial Bank,Bhopal,Savings,2024-06-21
ACC0607,P0079,Himgiri Commercial Bank,Agra,Current,2023-05-13
ACC0608,P0903,Suvidha Nagrik Bank,Ranchi,Savings,2015-03-26
ACC0609,P0069,Bharat Urban Bank,Dehradun,Current,2023-09-16
ACC0610,P0466,Vindhya Rural Bank,Surat,Savings,2017-06-16
ACC0611,P0843,Bharat Urban Bank,Patna,Current,2023-12-04
ACC0612,P0577,National Cooperative Bank,Gurugram,Current,2021-03-29
ACC0613,P0616,Vindhya Rural Bank,Haridwar,Savings,2019-02-28
ACC0614,P0532,Bharat Urban Bank,Haridwar,Savings,2020-06-21
ACC0615,P0463,Himgiri Commercial Bank,Amritsar,Savings,2018-12-22
ACC0616,P0570,Suvidha Nagrik Bank,Amritsar,Savings,2021-07-18
ACC0617,P0496,Himgiri Commercial Bank,Chennai,Current,2023-12-09
ACC0618,P0183,Vindhya Rural Bank,Dehradun,Savings,2016-10-15
ACC0619,P0660,National Cooperative Bank,Kolkata,Savings,2024-10-25
ACC0620,P0351,Saraswati Finance Bank,Delhi,Current,2023-02-12
ACC0621,P0265,Suvidha Nagrik Bank,Haridwar,Savings,2024-03-11
ACC0622,P0716,Saraswati Finance Bank,Kanpur,Savings,2015-04-09
ACC0623,P0563,Bharat Urban Bank,Haridwar,Current,2015-05-02
ACC0624,P0005,Suvidha Nagrik Bank,Hyderabad,Savings,2015-10-29
ACC0625,P0398,Suvidha Nagrik Bank,Bhopal,Current,2021-03-16
ACC0626,P0060,Bharat Urban Bank,Ludhiana,Savings,2016-09-17
ACC0627,P0099,Bharat Urban Bank,Chandigarh,Current,2020-01-02
ACC0628,P0893,Bharat Urban Bank,Bhopal,Savings,2021-03-18
ACC0629,P0806,Saraswati Finance Bank,Ahmedabad,Current,2019-01-08
ACC0630,P0001,Himgiri Commercial Bank,Gurugram,Current,2015-02-07
ACC0631,P0256,Himgiri Commercial Bank,Amritsar,Savings,2020-02-16
ACC0632,P0516,Bharat Urban Bank,Kolkata,Savings,2023-09-02
ACC0633,P0576,National Cooperative Bank,Jaipur,Savings,2022-04-24
ACC0634,P0801,Vindhya Rural Bank,Patna,Savings,2015-03-10
ACC0635,P0062,Saraswati Finance Bank,Kolkata,Savings,2022-10-09
ACC0636,P0034,Bharat Urban Bank,Surat,Current,2021-05-02
ACC0637,P0408,Himgiri Commercial Bank,Dehradun,Current,2023-08-02
ACC0638,P0933,Saraswati Finance Bank,Kanpur,Current,2018-06-26
ACC0639,P0502,National Cooperative Bank,Dehradun,Current,2015-08-05
ACC0640,P0277,Vindhya Rural Bank,Agra,Current,2017-03-25
ACC0641,P0955,Himgiri Commercial Bank,Bhopal,Current,2018-09-26
ACC0642,P0870,Himgiri Commercial Bank,Ghaziabad,Savings,2023-12-10
ACC0643,P0244,Suvidha Nagrik Bank,Mumbai,Savings,2024-08-17
ACC0644,P0156,Himgiri Commercial Bank,Mumbai,Savings,2023-11-26
ACC0645,P0631,Himgiri Commercial Bank,Pune,Savings,2016-03-24
ACC0646,P0161,National Cooperative Bank,Gurugram,Savings,2024-03-23
ACC0647,P0813,National Cooperative Bank,Dehradun,Savings,2015-06-13
ACC0648,P0354,Vindhya Rural Bank,Bengaluru,Current,2022-01-07
ACC0649,P0895,Vindhya Rural Bank,Amritsar,Current,2017-11-06
ACC0650,P0196,Vindhya Rural Bank,Amritsar,Current,2019-04-04
ACC0651,P0022,Vindhya Rural Bank,Dehradun,Current,2021-04-01
ACC0652,P0310,Bharat Urban Bank,Delhi,Current,2024-09-07
ACC0653,P0622,Bharat Urban Bank,Hyderabad,Current,2024-01-30
ACC0654,P0279,Suvidha Nagrik Bank,Jaipur,Current,2021-09-02
ACC0655,P0543,National Cooperative Bank,Mumbai,Current,2017-03-04
ACC0656,P0273,Himgiri Commercial Bank,Kolkata,Current,2023-10-09
ACC0657,P0999,Himgiri Commercial Bank,Ludhiana,Savings,2024-11-04
ACC0658,P0252,National Cooperative Bank,Jaipur,Current,2022-08-15
ACC0659,P0580,Bharat Urban Bank,Patna,Current,2016-02-02
ACC0660,P0683,Suvidha Nagrik Bank,Haridwar,Savings,2015-04-11
ACC0661,P0812,Saraswati Finance Bank,Bhopal,Savings,2022-12-23
ACC0662,P0609,National Cooperative Bank,Chandigarh,Current,2024-06-21
ACC0663,P0675,Himgiri Commercial Bank,Kolkata,Current,2015-10-20
ACC0664,P0420,Bharat Urban Bank,Ghaziabad,Savings,2019-04-23
ACC0665,P0415,Himgiri Commercial Bank,Jaipur,Savings,2016-08-27
ACC0666,P0672,National Cooperative Bank,Ranchi,Savings,2020-04-28
ACC0667,P0682,Suvidha Nagrik Bank,Pune,Current,2020-10-03
ACC0668,P0104,National Cooperative Bank,Mumbai,Savings,2019-10-28
ACC0669,P0719,National Cooperative Bank,Lucknow,Savings,2016-05-29
ACC0670,P0768,Saraswati Finance Bank,Ahmedabad,Savings,2024-05-19
ACC0671,P0235,Suvidha Nagrik Bank,Faridabad,Current,2023-05-05
ACC0672,P0623,Saraswati Finance Bank,Chandigarh,Current,2022-06-09
ACC0673,P0486,National Cooperative Bank,Kanpur,Current,2016-05-27
ACC0674,P0915,Vindhya Rural Bank,Hyderabad,Savings,2015-08-10
ACC0675,P0738,Suvidha Nagrik Bank,Kolkata,Savings,2023-06-02
ACC0676,P0394,Bharat Urban Bank,Hyderabad,Current,2021-05-04
ACC0677,P0478,Saraswati Finance Bank,Pune,Savings,2017-07-22
ACC0678,P0067,Vindhya Rural Bank,Agra,Current,2019-02-27
ACC0679,P0291,Vindhya Rural Bank,Pune,Current,2020-04-10
ACC0680,P0477,Saraswati Finance Bank,Ranchi,Current,2022-05-16
ACC0681,P0686,Bharat Urban Bank,Haridwar,Savings,2018-10-10
ACC0682,P0311,Bharat Urban Bank,Amritsar,Savings,2021-10-30
ACC0683,P0432,Saraswati Finance Bank,Patna,Current,2020-08-04
ACC0684,P0206,National Cooperative Bank,Bengaluru,Savings,2021-12-08
ACC0685,P0304,Saraswati Finance Bank,Bhubaneswar,Savings,2015-07-09
ACC0686,P1000,Vindhya Rural Bank,Delhi,Savings,2017-11-01
ACC0687,P0863,National Cooperative Bank,Pune,Savings,2022-06-13
ACC0688,P0052,Suvidha Nagrik Bank,Kolkata,Savings,2017-01-13
ACC0689,P0490,Suvidha Nagrik Bank,Amritsar,Current,2016-03-03
ACC0690,P0515,Suvidha Nagrik Bank,Jaipur,Savings,2021-12-29
ACC0691,P0271,Vindhya Rural Bank,Hyderabad,Savings,2018-05-25
ACC0692,P0971,Bharat Urban Bank,Bengaluru,Savings,2024-01-17
ACC0693,P0718,Vindhya Rural Bank,Chennai,Savings,2020-03-14
ACC0694,P0943,Himgiri Commercial Bank,Ghaziabad,Current,2020-07-18
ACC0695,P0122,Suvidha Nagrik Bank,Ludhiana,Current,2022-07-10
ACC0696,P0096,National Cooperative Bank,Noida,Savings,2015-03-02
ACC0697,P0996,Himgiri Commercial Bank,Chandigarh,Savings,2024-09-01
ACC0698,P0728,Saraswati Finance Bank,Lucknow,Current,2022-07-25
ACC0699,P0424,National Cooperative Bank,Jaipur,Savings,2018-06-18
ACC0700,P0193,Bharat Urban Bank,Mumbai,Savings,2021-03-16
ACC0701,P0641,Himgiri Commercial Bank,Noida,Current,2021-09-02
ACC0702,P0887,Suvidha Nagrik Bank,Faridabad,Current,2019-11-30
ACC0703,P0458,National Cooperative Bank,Kanpur,Current,2017-06-01
ACC0704,P0148,Himgiri Commercial Bank,Patna,Savings,2015-08-14
ACC0705,P0033,Bharat Urban Bank,Hyderabad,Savings,2023-04-26
ACC0706,P0455,Himgiri Commercial Bank,Ludhiana,Current,2022-04-09
ACC0707,P0666,Saraswati Finance Bank,Ranchi,Current,2015-07-27
ACC0708,P0724,Saraswati Finance Bank,Kolkata,Savings,2015-11-21
ACC0709,P0860,Saraswati Finance Bank,Kolkata,Savings,2019-03-05
ACC0710,P0285,Bharat Urban Bank,Indore,Current,2021-11-19
ACC0711,P0524,Suvidha Nagrik Bank,Noida,Savings,2022-06-06
ACC0712,P0146,Bharat Urban Bank,Surat,Savings,2017-05-16
ACC0713,P0507,Himgiri Commercial Bank,Kolkata,Current,2021-01-22
ACC0714,P0016,National Cooperative Bank,Indore,Savings,2015-01-26
ACC0715,P0743,National Cooperative Bank,Gurugram,Savings,2016-12-16
ACC0716,P0233,Saraswati Finance Bank,Haridwar,Current,2021-03-31
ACC0717,P0775,Bharat Urban Bank,Ranchi,Current,2022-11-07
ACC0718,P0529,National Cooperative Bank,Haridwar,Savings,2024-01-09
ACC0719,P0694,Himgiri Commercial Bank,Kanpur,Savings,2018-02-23
ACC0720,P0242,Vindhya Rural Bank,Bhopal,Savings,2023-08-15
ACC0721,P0094,Himgiri Commercial Bank,Agra,Savings,2018-04-19
ACC0722,P0807,Vindhya Rural Bank,Dehradun,Savings,2019-06-21
ACC0723,P0790,Himgiri Commercial Bank,Hyderabad,Current,2016-02-26
ACC0724,P0414,National Cooperative Bank,Kanpur,Savings,2021-07-05
ACC0725,P0858,National Cooperative Bank,Bhopal,Current,2023-10-03
ACC0726,P0788,National Cooperative Bank,Bengaluru,Savings,2017-06-17
ACC0727,P0191,Himgiri Commercial Bank,Noida,Current,2015-10-08
ACC0728,P0882,Suvidha Nagrik Bank,Patna,Current,2022-07-03
ACC0729,P0691,Vindhya Rural Bank,Amritsar,Savings,2024-01-05
ACC0730,P0207,Bharat Urban Bank,Noida,Current,2018-12-30
ACC0731,P0401,Himgiri Commercial Bank,Surat,Current,2020-04-20
ACC0732,P0426,National Cooperative Bank,Agra,Savings,2021-07-28
ACC0733,P0255,Suvidha Nagrik Bank,Delhi,Current,2020-06-13
ACC0734,P0350,Bharat Urban Bank,Haridwar,Current,2016-02-05
ACC0735,P0024,Vindhya Rural Bank,Lucknow,Savings,2015-01-31
ACC0736,P0662,Saraswati Finance Bank,Agra,Savings,2022-12-24
ACC0737,P0545,Himgiri Commercial Bank,Mumbai,Current,2023-06-06
ACC0738,P0097,Bharat Urban Bank,Ghaziabad,Savings,2024-01-17
ACC0739,P0766,Himgiri Commercial Bank,Chandigarh,Savings,2022-01-23
ACC0740,P0305,Saraswati Finance Bank,Bhubaneswar,Savings,2019-01-19
ACC0741,P0970,Vindhya Rural Bank,Dehradun,Savings,2015-05-15
ACC0742,P0824,National Cooperative Bank,Gurugram,Current,2019-10-11
ACC0743,P0312,Himgiri Commercial Bank,Amritsar,Savings,2022-09-11
ACC0744,P0111,National Cooperative Bank,Indore,Current,2022-01-05
ACC0745,P0574,Suvidha Nagrik Bank,Faridabad,Savings,2023-10-19
ACC0746,P0586,Himgiri Commercial Bank,Jaipur,Savings,2023-02-08
ACC0747,P0071,Himgiri Commercial Bank,Ranchi,Savings,2019-06-29
ACC0748,P0108,Bharat Urban Bank,Ludhiana,Savings,2024-01-08
ACC0749,P0461,National Cooperative Bank,Faridabad,Current,2019-03-17
ACC0750,P0404,Saraswati Finance Bank,Bengaluru,Current,2016-09-03
ACC0751,P0777,Saraswati Finance Bank,Bhubaneswar,Current,2018-07-06
ACC0752,P0780,Vindhya Rural Bank,Ludhiana,Current,2015-07-12
ACC0753,P0263,Suvidha Nagrik Bank,Delhi,Current,2024-10-24
ACC0754,P0008,Vindhya Rural Bank,Patna,Savings,2019-04-15
ACC0755,P0709,Vindhya Rural Bank,Kanpur,Current,2016-09-10
ACC0756,P0253,Himgiri Commercial Bank,Ranchi,Current,2019-09-06
ACC0757,P0658,Himgiri Commercial Bank,Chandigarh,Savings,2016-01-27
ACC0758,P0203,National Cooperative Bank,Chennai,Current,2021-06-05
ACC0759,P0673,Himgiri Commercial Bank,Delhi,Savings,2019-12-10
ACC0760,P0705,Himgiri Commercial Bank,Ahmedabad,Savings,2022-10-03
ACC0761,P0027,National Cooperative Bank,Faridabad,Current,2019-02-18
ACC0762,P0429,Bharat Urban Bank,Bhopal,Savings,2023-02-24
ACC0763,P0637,Bharat Urban Bank,Chandigarh,Savings,2017-03-31
ACC0764,P0810,Vindhya Rural Bank,Delhi,Savings,2021-01-12
ACC0765,P0578,National Cooperative Bank,Hyderabad,Savings,2024-07-06
ACC0766,P0299,Himgiri Commercial Bank,Indore,Current,2022-03-24
ACC0767,P0603,Himgiri Commercial Bank,Mumbai,Current,2018-06-07
ACC0768,P0056,National Cooperative Bank,Faridabad,Savings,2022-03-02
ACC0769,P0990,Bharat Urban Bank,Amritsar,Current,2019-10-19
ACC0770,P0714,Saraswati Finance Bank,Bhopal,Current,2024-09-26
ACC0771,P0245,Saraswati Finance Bank,Bengaluru,Savings,2015-07-11
ACC0772,P0070,Himgiri Commercial Bank,Surat,Current,2021-11-20
ACC0773,P0443,Vindhya Rural Bank,Faridabad,Savings,2015-10-11
ACC0774,P0729,Vindhya Rural Bank,Ghaziabad,Current,2024-11-08
ACC0775,P0920,Saraswati Finance Bank,Gurugram,Savings,2023-10-30
ACC0776,P0472,National Cooperative Bank,Indore,Current,2018-08-31
ACC0777,P0989,Himgiri Commercial Bank,Lucknow,Savings,2022-03-04
ACC0778,P0994,Himgiri Commercial Bank,Mumbai,Savings,2022-04-23
ACC0779,P0390,National Cooperative Bank,Dehradun,Current,2015-01-11
ACC0780,P0340,National Cooperative Bank,Haridwar,Savings,2015-01-14
ACC0781,P0110,Bharat Urban Bank,Haridwar,Savings,2021-10-02
ACC0782,P0590,Vindhya Rural Bank,Jaipur,Current,2016-10-20
ACC0783,P0293,National Cooperative Bank,Ranchi,Savings,2023-08-25
ACC0784,P0471,National Cooperative Bank,Surat,Current,2019-09-14
ACC0785,P0278,National Cooperative Bank,Noida,Current,2022-04-17
ACC0786,P0168,Vindhya Rural Bank,Patna,Current,2019-07-19
ACC0787,P0562,Suvidha Nagrik Bank,Bengaluru,Current,2015-01-11
ACC0788,P0866,National Cooperative Bank,Ghaziabad,Savings,2021-09-28
ACC0789,P0871,Bharat Urban Bank,Delhi,Current,2016-07-11
ACC0790,P0389,Himgiri Commercial Bank,Amritsar,Current,2023-04-26
ACC0791,P0884,Saraswati Finance Bank,Bhubaneswar,Current,2016-11-20
ACC0792,P0651,Vindhya Rural Bank,Gurugram,Current,2022-01-18
ACC0793,P0939,National Cooperative Bank,Pune,Current,2023-11-13
ACC0794,P0241,Vindhya Rural Bank,Chandigarh,Savings,2023-10-02
ACC0795,P0688,Bharat Urban Bank,Ranchi,Savings,2017-02-03
ACC0796,P0011,Bharat Urban Bank,Bhubaneswar,Savings,2018-10-11
ACC0797,P0685,Suvidha Nagrik Bank,Haridwar,Current,2016-02-25
ACC0798,P0246,National Cooperative Bank,Noida,Savings,2019-04-24
ACC0799,P0031,Saraswati Finance Bank,Patna,Savings,2022-10-28
ACC0800,P0826,Bharat Urban Bank,Delhi,Current,2015-10-02
