camera_id,location_id,camera_type,city
CAM0001,LOC0002,ANPR,Ahmedabad
CAM0002,LOC0004,ANPR,Mumbai
CAM0003,LOC0005,ANPR,Amritsar
CAM0004,LOC0011,ANPR,Bengaluru
CAM0005,LOC0013,ANPR,Chennai
CAM0006,LOC0014,ANPR,Delhi
CAM0007,LOC0016,ANPR,Bhopal
CAM0008,LOC0019,ANPR,Faridabad
CAM0009,LOC0020,ANPR,Chandigarh
CAM0010,LOC0021,ANPR,Mumbai
CAM0011,LOC0024,ANPR,Ludhiana
CAM0012,LOC0026,ANPR,Hyderabad
CAM0013,LOC0027,ANPR,Indore
CAM0014,LOC0028,ANPR,Kanpur
CAM0015,LOC0030,ANPR,Bhopal
CAM0016,LOC0031,CCTV,Hyderabad
CAM0017,LOC0033,CCTV,Patna
CAM0018,LOC0035,CCTV,Gurugram
CAM0019,LOC0037,ANPR,Chennai
CAM0020,LOC0038,CCTV,Hyderabad
CAM0021,LOC0039,ANPR,Chennai
CAM0022,LOC0045,ANPR,Dehradun
CAM0023,LOC0047,ANPR,Kanpur
CAM0024,LOC0051,ANPR,Gurugram
CAM0025,LOC0052,CCTV,Agra
CAM0026,LOC0053,CCTV,Bengaluru
CAM0027,LOC0054,ANPR,Chennai
CAM0028,LOC0056,CCTV,Kanpur
CAM0029,LOC0057,CCTV,Gurugram
CAM0030,LOC0059,ANPR,Patna
CAM0031,LOC0064,ANPR,Ludhiana
CAM0032,LOC0067,ANPR,Lucknow
CAM0033,LOC0068,ANPR,Kanpur
CAM0034,LOC0071,CCTV,Indore
CAM0035,LOC0074,CCTV,Amritsar
CAM0036,LOC0075,ANPR,Chennai
CAM0037,LOC0076,ANPR,Delhi
CAM0038,LOC0079,ANPR,Faridabad
CAM0039,LOC0080,CCTV,Delhi
CAM0040,LOC0084,ANPR,Ghaziabad
CAM0041,LOC0087,CCTV,Ludhiana
CAM0042,LOC0089,ANPR,Pune
CAM0043,LOC0090,CCTV,Lucknow
CAM0044,LOC0093,CCTV,Kolkata
CAM0045,LOC0094,ANPR,Bhopal
CAM0046,LOC0099,CCTV,Dehradun
CAM0047,LOC0105,ANPR,Kolkata
CAM0048,LOC0109,CCTV,Faridabad
CAM0049,LOC0113,ANPR,Ghaziabad
CAM0050,LOC0114,ANPR,Bengaluru
CAM0051,LOC0116,ANPR,Dehradun
CAM0052,LOC0119,ANPR,Kolkata
CAM0053,LOC0123,ANPR,Bhopal
CAM0054,LOC0124,ANPR,Surat
CAM0055,LOC0127,ANPR,Indore
CAM0056,LOC0128,ANPR,Mumbai
CAM0057,LOC0129,ANPR,Patna
CAM0058,LOC0130,CCTV,Patna
CAM0059,LOC0134,ANPR,Noida
CAM0060,LOC0136,CCTV,Bengaluru
CAM0061,LOC0137,ANPR,Indore
CAM0062,LOC0138,ANPR,Amritsar
CAM0063,LOC0142,ANPR,Chandigarh
CAM0064,LOC0143,ANPR,Kanpur
CAM0065,LOC0145,ANPR,Dehradun
CAM0066,LOC0146,ANPR,Agra
CAM0067,LOC0150,ANPR,Kanpur
CAM0068,LOC0151,ANPR,Haridwar
CAM0069,LOC0152,CCTV,Agra
CAM0070,LOC0153,ANPR,Bhubaneswar
CAM0071,LOC0155,ANPR,Patna
CAM0072,LOC0156,CCTV,Agra
CAM0073,LOC0161,CCTV,Agra
CAM0074,LOC0164,ANPR,Ahmedabad
CAM0075,LOC0165,ANPR,Kanpur
CAM0076,LOC0166,CCTV,Gurugram
CAM0077,LOC0168,ANPR,Noida
CAM0078,LOC0170,ANPR,Ghaziabad
CAM0079,LOC0171,ANPR,Dehradun
CAM0080,LOC0174,ANPR,Hyderabad
CAM0081,LOC0176,ANPR,Pune
CAM0082,LOC0177,ANPR,Agra
CAM0083,LOC0179,ANPR,Mumbai
CAM0084,LOC0180,ANPR,Gurugram
CAM0085,LOC0184,ANPR,Noida
CAM0086,LOC0185,ANPR,Patna
CAM0087,LOC0188,ANPR,Patna
CAM0088,LOC0192,ANPR,Surat
CAM0089,LOC0198,ANPR,Amritsar
CAM0090,LOC0203,ANPR,Agra
CAM0091,LOC0210,ANPR,Ranchi
CAM0092,LOC0211,ANPR,Pune
CAM0093,LOC0213,CCTV,Pune
CAM0094,LOC0214,ANPR,Chennai
CAM0095,LOC0215,ANPR,Jaipur
CAM0096,LOC0216,ANPR,Pune
CAM0097,LOC0217,ANPR,Surat
CAM0098,LOC0221,ANPR,Kanpur
CAM0099,LOC0223,CCTV,Agra
CAM0100,LOC0224,CCTV,Jaipur
CAM0101,LOC0225,ANPR,Noida
CAM0102,LOC0226,ANPR,Agra
CAM0103,LOC0227,ANPR,Agra
CAM0104,LOC0228,CCTV,Lucknow
CAM0105,LOC0229,ANPR,Kolkata
CAM0106,LOC0232,ANPR,Patna
CAM0107,LOC0236,ANPR,Pune
CAM0108,LOC0237,ANPR,Indore
CAM0109,LOC0238,ANPR,Ranchi
CAM0110,LOC0239,ANPR,Ghaziabad
CAM0111,LOC0241,ANPR,Ranchi
CAM0112,LOC0243,ANPR,Gurugram
CAM0113,LOC0244,ANPR,Bhopal
CAM0114,LOC0246,CCTV,Bengaluru
CAM0115,LOC0248,ANPR,Delhi
CAM0116,LOC0254,ANPR,Delhi
CAM0117,LOC0255,CCTV,Agra
CAM0118,LOC0257,CCTV,Pune
CAM0119,LOC0264,ANPR,Ghaziabad
CAM0120,LOC0266,CCTV,Ludhiana
CAM0121,LOC0270,CCTV,Kolkata
CAM0122,LOC0273,CCTV,Ghaziabad
CAM0123,LOC0276,ANPR,Hyderabad
CAM0124,LOC0277,ANPR,Surat
CAM0125,LOC0279,CCTV,Amritsar
CAM0126,LOC0280,ANPR,Kanpur
CAM0127,LOC0282,CCTV,Agra
CAM0128,LOC0283,ANPR,Faridabad
CAM0129,LOC0284,CCTV,Delhi
CAM0130,LOC0285,ANPR,Kolkata
CAM0131,LOC0288,ANPR,Agra
CAM0132,LOC0293,ANPR,Ghaziabad
CAM0133,LOC0294,ANPR,Chennai
CAM0134,LOC0296,CCTV,Ludhiana
CAM0135,LOC0297,ANPR,Amritsar
CAM0136,LOC0298,ANPR,Hyderabad
