device_id,imei,make,model
DEV0001,35100000000001,Xiaomi,Model-30
DEV0002,35100000000002,Xiaomi,Model-1
DEV0003,35100000000003,Oppo,Model-26
DEV0004,35100000000004,Realme,Model-26
DEV0005,35100000000005,Realme,Model-23
DEV0006,35100000000006,Realme,Model-18
DEV0007,35100000000007,Vivo,Model-40
DEV0008,35100000000008,Xiaomi,Model-22
DEV0009,35100000000009,Vivo,Model-5
DEV0010,35100000000010,Vivo,Model-17
DEV0011,35100000000011,Nokia,Model-33
DEV0012,35100000000012,OnePlus,Model-11
DEV0013,35100000000013,Oppo,Model-23
DEV0014,35100000000014,OnePlus,Model-26
DEV0015,35100000000015,Apple,Model-25
DEV0016,35100000000016,Realme,Model-30
DEV0017,35100000000017,Oppo,Model-21
DEV0018,35100000000018,Xiaomi,Model-13
DEV0019,35100000000019,Samsung,Model-21
DEV0020,35100000000020,Apple,Model-17
DEV0021,35100000000021,Motorola,Model-7
DEV0022,35100000000022,Vivo,Model-27
DEV0023,35100000000023,Nokia,Model-37
DEV0024,35100000000024,Xiaomi,Model-12
DEV0025,35100000000025,Vivo,Model-38
DEV0026,35100000000026,Xiaomi,Model-6
DEV0027,35100000000027,Motorola,Model-33
DEV0028,35100000000028,Nokia,Model-5
DEV0029,35100000000029,Apple,Model-15
DEV0030,35100000000030,OnePlus,Model-3
DEV0031,35100000000031,Xiaomi,Model-20
DEV0032,35100000000032,Motorola,Model-6
DEV0033,35100000000033,Motorola,Model-2
DEV0034,35100000000034,Xiaomi,Model-40
DEV0035,35100000000035,Realme,Model-22
DEV0036,35100000000036,Apple,Model-1
DEV0037,35100000000037,Realme,Model-2
DEV0038,35100000000038,Samsung,Model-22
DEV0039,35100000000039,Oppo,Model-33
DEV0040,35100000000040,Vivo,Model-33
DEV0041,35100000000041,Nokia,Model-31
DEV0042,35100000000042,Apple,Model-14
DEV0043,35100000000043,Nokia,Model-30
DEV0044,35100000000044,Realme,Model-31
DEV0045,35100000000045,Vivo,Model-16
DEV0046,35100000000046,Samsung,Model-31
DEV0047,35100000000047,Vivo,Model-38
DEV0048,35100000000048,Motorola,Model-10
DEV0049,35100000000049,OnePlus,Model-24
DEV0050,35100000000050,OnePlus,Model-7
DEV0051,35100000000051,Xiaomi,Model-20
DEV0052,35100000000052,Apple,Model-28
DEV0053,35100000000053,Realme,Model-17
DEV0054,35100000000054,Apple,Model-9
DEV0055,35100000000055,Vivo,Model-39
DEV0056,35100000000056,Nokia,Model-18
DEV0057,35100000000057,Oppo,Model-16
DEV0058,35100000000058,Motorola,Model-27
DEV0059,35100000000059,Motorola,Model-2
DEV0060,35100000000060,OnePlus,Model-30
DEV0061,35100000000061,Realme,Model-19
DEV0062,35100000000062,Realme,Model-10
DEV0063,35100000000063,Nokia,Model-38
DEV0064,35100000000064,Vivo,Model-14
DEV0065,35100000000065,Vivo,Model-23
DEV0066,35100000000066,OnePlus,Model-40
DEV0067,35100000000067,Nokia,Model-17
DEV0068,35100000000068,Vivo,Model-18
DEV0069,35100000000069,OnePlus,Model-7
DEV0070,35100000000070,Xiaomi,Model-15
DEV0071,35100000000071,Vivo,Model-27
DEV0072,35100000000072,Xiaomi,Model-1
DEV0073,35100000000073,Apple,Model-3
DEV0074,35100000000074,Realme,Model-1
DEV0075,35100000000075,Nokia,Model-38
DEV0076,35100000000076,OnePlus,Model-20
DEV0077,35100000000077,Vivo,Model-35
DEV0078,35100000000078,Nokia,Model-8
DEV0079,35100000000079,Xiaomi,Model-35
DEV0080,35100000000080,Nokia,Model-17
DEV0081,35100000000081,Xiaomi,Model-13
DEV0082,35100000000082,Nokia,Model-34
DEV0083,35100000000083,Oppo,Model-13
DEV0084,35100000000084,Realme,Model-6
DEV0085,35100000000085,Realme,Model-22
DEV0086,35100000000086,Nokia,Model-25
DEV0087,35100000000087,Realme,Model-4
DEV0088,35100000000088,Realme,Model-1
DEV0089,35100000000089,Apple,Model-33
DEV0090,35100000000090,Oppo,Model-13
DEV0091,35100000000091,Realme,Model-19
DEV0092,35100000000092,Xiaomi,Model-14
DEV0093,35100000000093,Apple,Model-13
DEV0094,35100000000094,OnePlus,Model-5
DEV0095,35100000000095,Oppo,Model-13
DEV0096,35100000000096,Xiaomi,Model-12
DEV0097,35100000000097,Apple,Model-37
DEV0098,35100000000098,Realme,Model-34
DEV0099,35100000000099,Realme,Model-32
DEV0100,35100000000100,Xiaomi,Model-25
DEV0101,35100000000101,OnePlus,Model-33
DEV0102,35100000000102,Motorola,Model-4
DEV0103,35100000000103,Apple,Model-10
DEV0104,35100000000104,Realme,Model-30
DEV0105,35100000000105,Apple,Model-13
DEV0106,35100000000106,Xiaomi,Model-14
DEV0107,35100000000107,Vivo,Model-34
DEV0108,35100000000108,Xiaomi,Model-15
DEV0109,35100000000109,OnePlus,Model-37
DEV0110,35100000000110,Apple,Model-2
DEV0111,35100000000111,Realme,Model-25
DEV0112,35100000000112,Vivo,Model-29
DEV0113,35100000000113,Samsung,Model-13
DEV0114,35100000000114,Nokia,Model-11
DEV0115,35100000000115,OnePlus,Model-17
DEV0116,35100000000116,Xiaomi,Model-17
DEV0117,35100000000117,Samsung,Model-28
DEV0118,35100000000118,Realme,Model-39
DEV0119,35100000000119,Vivo,Model-18
DEV0120,35100000000120,Nokia,Model-31
DEV0121,35100000000121,Vivo,Model-9
DEV0122,35100000000122,Realme,Model-10
DEV0123,35100000000123,Samsung,Model-4
DEV0124,35100000000124,Samsung,Model-11
DEV0125,35100000000125,Motorola,Model-33
DEV0126,35100000000126,Xiaomi,Model-34
DEV0127,35100000000127,Realme,Model-17
DEV0128,35100000000128,Apple,Model-12
DEV0129,35100000000129,Apple,Model-24
DEV0130,35100000000130,OnePlus,Model-21
DEV0131,35100000000131,Realme,Model-20
DEV0132,35100000000132,Apple,Model-24
DEV0133,35100000000133,Samsung,Model-5
DEV0134,35100000000134,Oppo,Model-17
DEV0135,35100000000135,Apple,Model-30
DEV0136,35100000000136,Apple,Model-3
DEV0137,35100000000137,Oppo,Model-11
DEV0138,35100000000138,Nokia,Model-33
DEV0139,35100000000139,OnePlus,Model-39
DEV0140,35100000000140,Apple,Model-27
DEV0141,35100000000141,Oppo,Model-32
DEV0142,35100000000142,Apple,Model-18
DEV0143,35100000000143,Oppo,Model-22
DEV0144,35100000000144,Xiaomi,Model-6
DEV0145,35100000000145,Samsung,Model-6
DEV0146,35100000000146,Xiaomi,Model-29
DEV0147,35100000000147,Apple,Model-6
DEV0148,35100000000148,Motorola,Model-13
DEV0149,35100000000149,Apple,Model-31
DEV0150,35100000000150,Samsung,Model-5
DEV0151,35100000000151,Motorola,Model-12
DEV0152,35100000000152,Vivo,Model-39
DEV0153,35100000000153,Vivo,Model-26
DEV0154,35100000000154,Vivo,Model-20
DEV0155,35100000000155,Nokia,Model-5
DEV0156,35100000000156,Oppo,Model-35
DEV0157,35100000000157,Motorola,Model-28
DEV0158,35100000000158,Oppo,Model-26
DEV0159,35100000000159,Nokia,Model-17
DEV0160,35100000000160,Samsung,Model-9
DEV0161,35100000000161,Apple,Model-23
DEV0162,35100000000162,Xiaomi,Model-24
DEV0163,35100000000163,Samsung,Model-33
DEV0164,35100000000164,Nokia,Model-9
DEV0165,35100000000165,Samsung,Model-7
DEV0166,35100000000166,Xiaomi,Model-34
DEV0167,35100000000167,Motorola,Model-9
DEV0168,35100000000168,Realme,Model-34
DEV0169,35100000000169,OnePlus,Model-32
DEV0170,35100000000170,Xiaomi,Model-32
DEV0171,35100000000171,Xiaomi,Model-24
DEV0172,35100000000172,Samsung,Model-25
DEV0173,35100000000173,Motorola,Model-1
DEV0174,35100000000174,Apple,Model-11
DEV0175,35100000000175,Oppo,Model-29
DEV0176,35100000000176,Oppo,Model-9
DEV0177,35100000000177,Apple,Model-39
DEV0178,35100000000178,Motorola,Model-13
DEV0179,35100000000179,Apple,Model-12
DEV0180,35100000000180,Motorola,Model-36
DEV0181,35100000000181,Nokia,Model-8
DEV0182,35100000000182,Samsung,Model-30
DEV0183,35100000000183,Motorola,Model-30
DEV0184,35100000000184,Motorola,Model-13
DEV0185,35100000000185,Nokia,Model-25
DEV0186,35100000000186,Nokia,Model-32
DEV0187,35100000000187,Nokia,Model-21
DEV0188,35100000000188,Oppo,Model-2
DEV0189,35100000000189,Motorola,Model-3
DEV0190,35100000000190,Realme,Model-11
DEV0191,35100000000191,Motorola,Model-26
DEV0192,35100000000192,OnePlus,Model-16
DEV0193,35100000000193,Samsung,Model-26
DEV0194,35100000000194,Apple,Model-31
DEV0195,35100000000195,Apple,Model-25
DEV0196,35100000000196,Xiaomi,Model-33
DEV0197,35100000000197,Samsung,Model-32
DEV0198,35100000000198,OnePlus,Model-36
DEV0199,35100000000199,Samsung,Model-34
DEV0200,35100000000200,Samsung,Model-25
DEV0201,35100000000201,Xiaomi,Model-36
DEV0202,35100000000202,Xiaomi,Model-19
DEV0203,35100000000203,Motorola,Model-9
DEV0204,35100000000204,Oppo,Model-10
DEV0205,35100000000205,Vivo,Model-10
DEV0206,35100000000206,OnePlus,Model-29
DEV0207,35100000000207,Vivo,Model-36
DEV0208,35100000000208,Xiaomi,Model-15
DEV0209,35100000000209,Oppo,Model-13
DEV0210,35100000000210,Samsung,Model-21
DEV0211,35100000000211,Vivo,Model-2
DEV0212,35100000000212,Nokia,Model-26
DEV0213,35100000000213,Oppo,Model-24
DEV0214,35100000000214,Nokia,Model-34
DEV0215,35100000000215,Vivo,Model-21
DEV0216,35100000000216,Nokia,Model-39
DEV0217,35100000000217,Realme,Model-28
DEV0218,35100000000218,Oppo,Model-34
DEV0219,35100000000219,Nokia,Model-34
DEV0220,35100000000220,Vivo,Model-2
DEV0221,35100000000221,Apple,Model-29
DEV0222,35100000000222,Realme,Model-26
DEV0223,35100000000223,Realme,Model-12
DEV0224,35100000000224,Vivo,Model-19
DEV0225,35100000000225,Realme,Model-9
DEV0226,35100000000226,Oppo,Model-16
DEV0227,35100000000227,Samsung,Model-20
DEV0228,35100000000228,OnePlus,Model-7
DEV0229,35100000000229,Samsung,Model-10
DEV0230,35100000000230,OnePlus,Model-24
DEV0231,35100000000231,Xiaomi,Model-3
DEV0232,35100000000232,Apple,Model-5
DEV0233,35100000000233,Samsung,Model-36
DEV0234,35100000000234,Realme,Model-28
DEV0235,35100000000235,Nokia,Model-20
DEV0236,35100000000236,OnePlus,Model-21
DEV0237,35100000000237,Motorola,Model-35
DEV0238,35100000000238,Oppo,Model-32
DEV0239,35100000000239,Nokia,Model-3
DEV0240,35100000000240,Vivo,Model-6
DEV0241,35100000000241,Oppo,Model-31
DEV0242,35100000000242,Apple,Model-16
DEV0243,35100000000243,Apple,Model-38
DEV0244,35100000000244,Vivo,Model-24
DEV0245,35100000000245,Vivo,Model-37
DEV0246,35100000000246,Nokia,Model-37
DEV0247,35100000000247,Realme,Model-7
DEV0248,35100000000248,Nokia,Model-21
DEV0249,35100000000249,Motorola,Model-26
DEV0250,35100000000250,Xiaomi,Model-27
DEV0251,35100000000251,Realme,Model-33
DEV0252,35100000000252,Apple,Model-26
DEV0253,35100000000253,OnePlus,Model-2
DEV0254,35100000000254,Oppo,Model-1
DEV0255,35100000000255,Xiaomi,Model-5
DEV0256,35100000000256,Xiaomi,Model-13
DEV0257,35100000000257,Realme,Model-28
DEV0258,35100000000258,Realme,Model-33
DEV0259,35100000000259,Xiaomi,Model-3
DEV0260,35100000000260,Nokia,Model-35
DEV0261,35100000000261,Oppo,Model-5
DEV0262,35100000000262,Realme,Model-21
DEV0263,35100000000263,Xiaomi,Model-34
DEV0264,35100000000264,Xiaomi,Model-23
DEV0265,35100000000265,Apple,Model-32
DEV0266,35100000000266,Oppo,Model-16
DEV0267,35100000000267,Oppo,Model-18
DEV0268,35100000000268,Oppo,Model-29
DEV0269,35100000000269,Vivo,Model-27
DEV0270,35100000000270,Samsung,Model-20
DEV0271,35100000000271,OnePlus,Model-40
DEV0272,35100000000272,Samsung,Model-16
DEV0273,35100000000273,OnePlus,Model-27
DEV0274,35100000000274,Oppo,Model-15
DEV0275,35100000000275,Motorola,Model-22
DEV0276,35100000000276,Realme,Model-12
DEV0277,35100000000277,Vivo,Model-13
DEV0278,35100000000278,Apple,Model-4
DEV0279,35100000000279,OnePlus,Model-8
DEV0280,35100000000280,Realme,Model-31
DEV0281,35100000000281,Oppo,Model-33
DEV0282,35100000000282,OnePlus,Model-16
DEV0283,35100000000283,Xiaomi,Model-34
DEV0284,35100000000284,Vivo,Model-4
DEV0285,35100000000285,Apple,Model-25
DEV0286,35100000000286,Motorola,Model-20
DEV0287,35100000000287,Oppo,Model-25
DEV0288,35100000000288,Apple,Model-36
DEV0289,35100000000289,Motorola,Model-18
DEV0290,35100000000290,Nokia,Model-36
DEV0291,35100000000291,Motorola,Model-2
DEV0292,35100000000292,Apple,Model-39
DEV0293,35100000000293,Apple,Model-36
DEV0294,35100000000294,OnePlus,Model-17
DEV0295,35100000000295,Motorola,Model-3
DEV0296,35100000000296,Xiaomi,Model-35
DEV0297,35100000000297,Motorola,Model-5
DEV0298,35100000000298,Samsung,Model-10
DEV0299,35100000000299,Motorola,Model-18
DEV0300,35100000000300,Realme,Model-26
DEV0301,35100000000301,Oppo,Model-37
DEV0302,35100000000302,Nokia,Model-3
DEV0303,35100000000303,OnePlus,Model-21
DEV0304,35100000000304,OnePlus,Model-33
DEV0305,35100000000305,Nokia,Model-5
DEV0306,35100000000306,Vivo,Model-29
DEV0307,35100000000307,Nokia,Model-6
DEV0308,35100000000308,Apple,Model-20
DEV0309,35100000000309,OnePlus,Model-34
DEV0310,35100000000310,Nokia,Model-39
DEV0311,35100000000311,Realme,Model-17
DEV0312,35100000000312,Oppo,Model-21
DEV0313,35100000000313,Realme,Model-24
DEV0314,35100000000314,Oppo,Model-18
DEV0315,35100000000315,OnePlus,Model-8
DEV0316,35100000000316,OnePlus,Model-27
DEV0317,35100000000317,Oppo,Model-12
DEV0318,35100000000318,Apple,Model-26
DEV0319,35100000000319,OnePlus,Model-40
DEV0320,35100000000320,Realme,Model-14
DEV0321,35100000000321,Nokia,Model-33
DEV0322,35100000000322,Nokia,Model-17
DEV0323,35100000000323,Realme,Model-6
DEV0324,35100000000324,Nokia,Model-39
DEV0325,35100000000325,Xiaomi,Model-26
DEV0326,35100000000326,OnePlus,Model-16
DEV0327,35100000000327,Motorola,Model-24
DEV0328,35100000000328,Realme,Model-37
DEV0329,35100000000329,Samsung,Model-35
DEV0330,35100000000330,Xiaomi,Model-16
DEV0331,35100000000331,Realme,Model-7
DEV0332,35100000000332,Apple,Model-2
DEV0333,35100000000333,Nokia,Model-22
DEV0334,35100000000334,Vivo,Model-28
DEV0335,35100000000335,Vivo,Model-40
DEV0336,35100000000336,Vivo,Model-30
DEV0337,35100000000337,Oppo,Model-34
DEV0338,35100000000338,Nokia,Model-23
DEV0339,35100000000339,Realme,Model-10
DEV0340,35100000000340,Apple,Model-18
DEV0341,35100000000341,Realme,Model-19
DEV0342,35100000000342,Motorola,Model-25
DEV0343,35100000000343,Samsung,Model-5
DEV0344,35100000000344,Xiaomi,Model-28
DEV0345,35100000000345,Vivo,Model-34
DEV0346,35100000000346,Samsung,Model-4
DEV0347,35100000000347,Motorola,Model-19
DEV0348,35100000000348,Vivo,Model-36
DEV0349,35100000000349,Vivo,Model-36
DEV0350,35100000000350,Motorola,Model-36
DEV0351,35100000000351,Vivo,Model-18
DEV0352,35100000000352,Apple,Model-26
DEV0353,35100000000353,Motorola,Model-13
DEV0354,35100000000354,Motorola,Model-1
DEV0355,35100000000355,OnePlus,Model-14
DEV0356,35100000000356,Samsung,Model-23
DEV0357,35100000000357,OnePlus,Model-20
DEV0358,35100000000358,Realme,Model-30
DEV0359,35100000000359,Oppo,Model-17
DEV0360,35100000000360,OnePlus,Model-1
DEV0361,35100000000361,Oppo,Model-4
DEV0362,35100000000362,Motorola,Model-40
DEV0363,35100000000363,OnePlus,Model-8
DEV0364,35100000000364,Realme,Model-13
DEV0365,35100000000365,Vivo,Model-29
DEV0366,35100000000366,OnePlus,Model-6
DEV0367,35100000000367,Samsung,Model-33
DEV0368,35100000000368,Realme,Model-35
DEV0369,35100000000369,OnePlus,Model-28
DEV0370,35100000000370,OnePlus,Model-31
DEV0371,35100000000371,Vivo,Model-3
DEV0372,35100000000372,Motorola,Model-9
DEV0373,35100000000373,Oppo,Model-24
DEV0374,35100000000374,Oppo,Model-29
DEV0375,35100000000375,Vivo,Model-1
DEV0376,35100000000376,Nokia,Model-39
DEV0377,35100000000377,Oppo,Model-27
DEV0378,35100000000378,Apple,Model-13
DEV0379,35100000000379,Motorola,Model-25
DEV0380,35100000000380,Oppo,Model-29
DEV0381,35100000000381,Realme,Model-18
DEV0382,35100000000382,Apple,Model-36
DEV0383,35100000000383,Nokia,Model-22
DEV0384,35100000000384,Xiaomi,Model-22
DEV0385,35100000000385,Nokia,Model-19
DEV0386,35100000000386,Nokia,Model-7
DEV0387,35100000000387,Samsung,Model-23
DEV0388,35100000000388,Vivo,Model-19
DEV0389,35100000000389,Oppo,Model-19
DEV0390,35100000000390,OnePlus,Model-19
DEV0391,35100000000391,Motorola,Model-7
DEV0392,35100000000392,Realme,Model-34
DEV0393,35100000000393,Vivo,Model-33
DEV0394,35100000000394,Xiaomi,Model-10
DEV0395,35100000000395,Samsung,Model-29
DEV0396,35100000000396,OnePlus,Model-10
DEV0397,35100000000397,Apple,Model-10
DEV0398,35100000000398,Samsung,Model-36
DEV0399,35100000000399,OnePlus,Model-1
DEV0400,35100000000400,Nokia,Model-21
DEV0401,35100000000401,Apple,Model-29
DEV0402,35100000000402,Oppo,Model-24
DEV0403,35100000000403,OnePlus,Model-1
DEV0404,35100000000404,Samsung,Model-18
DEV0405,35100000000405,Nokia,Model-18
DEV0406,35100000000406,Nokia,Model-10
DEV0407,35100000000407,OnePlus,Model-1
DEV0408,35100000000408,Nokia,Model-24
DEV0409,35100000000409,Oppo,Model-29
DEV0410,35100000000410,Vivo,Model-40
DEV0411,35100000000411,Oppo,Model-11
DEV0412,35100000000412,Vivo,Model-22
DEV0413,35100000000413,Xiaomi,Model-39
DEV0414,35100000000414,OnePlus,Model-23
DEV0415,35100000000415,OnePlus,Model-12
DEV0416,35100000000416,Nokia,Model-6
DEV0417,35100000000417,Nokia,Model-37
DEV0418,35100000000418,Vivo,Model-22
DEV0419,35100000000419,Nokia,Model-3
DEV0420,35100000000420,OnePlus,Model-21
DEV0421,35100000000421,Oppo,Model-34
DEV0422,35100000000422,Motorola,Model-16
DEV0423,35100000000423,Nokia,Model-4
DEV0424,35100000000424,Vivo,Model-22
DEV0425,35100000000425,OnePlus,Model-33
DEV0426,35100000000426,Apple,Model-28
DEV0427,35100000000427,Motorola,Model-33
DEV0428,35100000000428,Xiaomi,Model-34
DEV0429,35100000000429,Motorola,Model-40
DEV0430,35100000000430,Apple,Model-16
DEV0431,35100000000431,Realme,Model-10
DEV0432,35100000000432,Realme,Model-2
DEV0433,35100000000433,Nokia,Model-25
DEV0434,35100000000434,Nokia,Model-25
DEV0435,35100000000435,Xiaomi,Model-8
DEV0436,35100000000436,Nokia,Model-13
DEV0437,35100000000437,Nokia,Model-13
DEV0438,35100000000438,Vivo,Model-17
DEV0439,35100000000439,OnePlus,Model-30
DEV0440,35100000000440,Realme,Model-25
DEV0441,35100000000441,Motorola,Model-27
DEV0442,35100000000442,Xiaomi,Model-7
DEV0443,35100000000443,Nokia,Model-28
DEV0444,35100000000444,Oppo,Model-36
DEV0445,35100000000445,Xiaomi,Model-7
DEV0446,35100000000446,Motorola,Model-36
DEV0447,35100000000447,Samsung,Model-8
DEV0448,35100000000448,Xiaomi,Model-8
DEV0449,35100000000449,Xiaomi,Model-2
DEV0450,35100000000450,Nokia,Model-8
DEV0451,35100000000451,Motorola,Model-21
DEV0452,35100000000452,Apple,Model-36
DEV0453,35100000000453,OnePlus,Model-33
DEV0454,35100000000454,Realme,Model-23
DEV0455,35100000000455,Nokia,Model-8
DEV0456,35100000000456,Xiaomi,Model-19
DEV0457,35100000000457,Vivo,Model-36
DEV0458,35100000000458,Realme,Model-36
DEV0459,35100000000459,OnePlus,Model-32
DEV0460,35100000000460,Apple,Model-1
DEV0461,35100000000461,Motorola,Model-21
DEV0462,35100000000462,Apple,Model-26
DEV0463,35100000000463,Nokia,Model-40
DEV0464,35100000000464,Xiaomi,Model-30
DEV0465,35100000000465,Realme,Model-19
DEV0466,35100000000466,Motorola,Model-24
DEV0467,35100000000467,OnePlus,Model-12
DEV0468,35100000000468,Xiaomi,Model-26
DEV0469,35100000000469,Realme,Model-39
DEV0470,35100000000470,Apple,Model-36
DEV0471,35100000000471,Apple,Model-18
DEV0472,35100000000472,Realme,Model-23
DEV0473,35100000000473,Xiaomi,Model-32
DEV0474,35100000000474,Oppo,Model-28
DEV0475,35100000000475,Xiaomi,Model-19
DEV0476,35100000000476,Vivo,Model-2
DEV0477,35100000000477,Oppo,Model-20
DEV0478,35100000000478,Realme,Model-2
DEV0479,35100000000479,Vivo,Model-36
DEV0480,35100000000480,Nokia,Model-23
DEV0481,35100000000481,Motorola,Model-38
DEV0482,35100000000482,Nokia,Model-9
DEV0483,35100000000483,Realme,Model-33
DEV0484,35100000000484,Samsung,Model-22
DEV0485,35100000000485,Realme,Model-35
DEV0486,35100000000486,Vivo,Model-39
DEV0487,35100000000487,Xiaomi,Model-7
DEV0488,35100000000488,Apple,Model-34
DEV0489,35100000000489,Samsung,Model-12
DEV0490,35100000000490,Motorola,Model-5
DEV0491,35100000000491,Motorola,Model-19
DEV0492,35100000000492,OnePlus,Model-36
DEV0493,35100000000493,OnePlus,Model-6
DEV0494,35100000000494,Vivo,Model-15
DEV0495,35100000000495,Nokia,Model-17
DEV0496,35100000000496,Vivo,Model-23
DEV0497,35100000000497,Xiaomi,Model-1
DEV0498,35100000000498,Motorola,Model-21
DEV0499,35100000000499,Oppo,Model-30
DEV0500,35100000000500,Motorola,Model-10
DEV0501,35100000000501,Xiaomi,Model-24
DEV0502,35100000000502,Oppo,Model-17
DEV0503,35100000000503,OnePlus,Model-12
DEV0504,35100000000504,Apple,Model-9
DEV0505,35100000000505,Xiaomi,Model-9
DEV0506,35100000000506,Motorola,Model-3
DEV0507,35100000000507,Oppo,Model-40
DEV0508,35100000000508,Nokia,Model-4
DEV0509,35100000000509,Apple,Model-13
DEV0510,35100000000510,Motorola,Model-37
DEV0511,35100000000511,Apple,Model-3
DEV0512,35100000000512,Samsung,Model-27
DEV0513,35100000000513,Samsung,Model-6
DEV0514,35100000000514,Samsung,Model-16
DEV0515,35100000000515,Realme,Model-7
DEV0516,35100000000516,Oppo,Model-6
DEV0517,35100000000517,Xiaomi,Model-12
DEV0518,35100000000518,OnePlus,Model-30
DEV0519,35100000000519,Motorola,Model-8
DEV0520,35100000000520,OnePlus,Model-37
DEV0521,35100000000521,Realme,Model-39
DEV0522,35100000000522,Xiaomi,Model-32
DEV0523,35100000000523,OnePlus,Model-35
DEV0524,35100000000524,OnePlus,Model-3
DEV0525,35100000000525,Oppo,Model-2
DEV0526,35100000000526,Xiaomi,Model-10
DEV0527,35100000000527,Xiaomi,Model-39
DEV0528,35100000000528,Oppo,Model-33
DEV0529,35100000000529,Realme,Model-8
DEV0530,35100000000530,OnePlus,Model-28
DEV0531,35100000000531,Xiaomi,Model-38
DEV0532,35100000000532,Samsung,Model-22
DEV0533,35100000000533,OnePlus,Model-23
DEV0534,35100000000534,Vivo,Model-37
DEV0535,35100000000535,Vivo,Model-11
DEV0536,35100000000536,Motorola,Model-18
DEV0537,35100000000537,Oppo,Model-19
DEV0538,35100000000538,Xiaomi,Model-31
DEV0539,35100000000539,Vivo,Model-40
DEV0540,35100000000540,Motorola,Model-21
DEV0541,35100000000541,Vivo,Model-28
DEV0542,35100000000542,Samsung,Model-14
DEV0543,35100000000543,Nokia,Model-1
DEV0544,35100000000544,OnePlus,Model-39
DEV0545,35100000000545,Motorola,Model-37
DEV0546,35100000000546,Realme,Model-28
DEV0547,35100000000547,Samsung,Model-10
DEV0548,35100000000548,Vivo,Model-36
DEV0549,35100000000549,Xiaomi,Model-39
DEV0550,35100000000550,Xiaomi,Model-29
DEV0551,35100000000551,Realme,Model-2
DEV0552,35100000000552,Samsung,Model-28
DEV0553,35100000000553,OnePlus,Model-18
DEV0554,35100000000554,Samsung,Model-16
DEV0555,35100000000555,OnePlus,Model-33
DEV0556,35100000000556,OnePlus,Model-2
DEV0557,35100000000557,Vivo,Model-11
DEV0558,35100000000558,Oppo,Model-33
DEV0559,35100000000559,OnePlus,Model-18
DEV0560,35100000000560,Nokia,Model-17
DEV0561,35100000000561,Samsung,Model-1
DEV0562,35100000000562,Xiaomi,Model-25
DEV0563,35100000000563,Oppo,Model-17
DEV0564,35100000000564,Realme,Model-27
DEV0565,35100000000565,Samsung,Model-32
DEV0566,35100000000566,Vivo,Model-36
DEV0567,35100000000567,Vivo,Model-10
DEV0568,35100000000568,OnePlus,Model-12
DEV0569,35100000000569,Oppo,Model-34
DEV0570,35100000000570,Apple,Model-29
DEV0571,35100000000571,Motorola,Model-3
DEV0572,35100000000572,OnePlus,Model-18
DEV0573,35100000000573,Nokia,Model-7
DEV0574,35100000000574,Motorola,Model-30
DEV0575,35100000000575,Realme,Model-18
DEV0576,35100000000576,Samsung,Model-5
DEV0577,35100000000577,Vivo,Model-9
DEV0578,35100000000578,Xiaomi,Model-18
DEV0579,35100000000579,Samsung,Model-31
DEV0580,35100000000580,OnePlus,Model-23
DEV0581,35100000000581,Motorola,Model-18
DEV0582,35100000000582,Motorola,Model-30
DEV0583,35100000000583,Motorola,Model-39
DEV0584,35100000000584,OnePlus,Model-39
DEV0585,35100000000585,Vivo,Model-2
DEV0586,35100000000586,OnePlus,Model-30
DEV0587,35100000000587,OnePlus,Model-19
DEV0588,35100000000588,Samsung,Model-2
DEV0589,35100000000589,Realme,Model-25
DEV0590,35100000000590,Nokia,Model-4
DEV0591,35100000000591,Motorola,Model-2
DEV0592,35100000000592,Samsung,Model-19
DEV0593,35100000000593,Vivo,Model-39
DEV0594,35100000000594,Xiaomi,Model-13
DEV0595,35100000000595,Vivo,Model-36
DEV0596,35100000000596,Xiaomi,Model-20
DEV0597,35100000000597,Vivo,Model-18
DEV0598,35100000000598,Samsung,Model-33
DEV0599,35100000000599,Realme,Model-39
DEV0600,35100000000600,Apple,Model-14
DEV0601,35100000000601,OnePlus,Model-6
DEV0602,35100000000602,Apple,Model-37
DEV0603,35100000000603,OnePlus,Model-5
DEV0604,35100000000604,Motorola,Model-28
DEV0605,35100000000605,Oppo,Model-2
DEV0606,35100000000606,Nokia,Model-28
DEV0607,35100000000607,Samsung,Model-6
DEV0608,35100000000608,Vivo,Model-16
DEV0609,35100000000609,Apple,Model-35
DEV0610,35100000000610,Vivo,Model-34
DEV0611,35100000000611,Realme,Model-9
DEV0612,35100000000612,Xiaomi,Model-40
DEV0613,35100000000613,Nokia,Model-15
DEV0614,35100000000614,Nokia,Model-29
DEV0615,35100000000615,Realme,Model-28
DEV0616,35100000000616,OnePlus,Model-13
DEV0617,35100000000617,Realme,Model-20
DEV0618,35100000000618,Realme,Model-20
DEV0619,35100000000619,Vivo,Model-1
DEV0620,35100000000620,Samsung,Model-16
DEV0621,35100000000621,Oppo,Model-6
DEV0622,35100000000622,OnePlus,Model-38
DEV0623,35100000000623,Oppo,Model-21
DEV0624,35100000000624,Nokia,Model-4
DEV0625,35100000000625,Apple,Model-38
DEV0626,35100000000626,Vivo,Model-29
DEV0627,35100000000627,Oppo,Model-10
DEV0628,35100000000628,Vivo,Model-3
DEV0629,35100000000629,Oppo,Model-31
DEV0630,35100000000630,Apple,Model-22
DEV0631,35100000000631,Oppo,Model-26
DEV0632,35100000000632,Vivo,Model-36
DEV0633,35100000000633,Vivo,Model-27
DEV0634,35100000000634,Apple,Model-39
DEV0635,35100000000635,Realme,Model-24
DEV0636,35100000000636,Realme,Model-8
DEV0637,35100000000637,OnePlus,Model-15
DEV0638,35100000000638,OnePlus,Model-8
DEV0639,35100000000639,OnePlus,Model-35
DEV0640,35100000000640,Oppo,Model-37
DEV0641,35100000000641,Oppo,Model-37
DEV0642,35100000000642,Motorola,Model-21
DEV0643,35100000000643,Nokia,Model-31
DEV0644,35100000000644,OnePlus,Model-37
DEV0645,35100000000645,OnePlus,Model-12
DEV0646,35100000000646,Vivo,Model-16
DEV0647,35100000000647,Motorola,Model-30
DEV0648,35100000000648,Samsung,Model-38
DEV0649,35100000000649,Motorola,Model-37
DEV0650,35100000000650,Motorola,Model-37
DEV0651,35100000000651,OnePlus,Model-9
DEV0652,35100000000652,Oppo,Model-13
DEV0653,35100000000653,Apple,Model-1
DEV0654,35100000000654,Nokia,Model-33
DEV0655,35100000000655,Realme,Model-3
DEV0656,35100000000656,Realme,Model-34
DEV0657,35100000000657,OnePlus,Model-9
DEV0658,35100000000658,Nokia,Model-31
DEV0659,35100000000659,OnePlus,Model-39
DEV0660,35100000000660,Xiaomi,Model-22
DEV0661,35100000000661,Oppo,Model-21
DEV0662,35100000000662,Xiaomi,Model-11
DEV0663,35100000000663,OnePlus,Model-2
DEV0664,35100000000664,Apple,Model-4
DEV0665,35100000000665,Nokia,Model-9
DEV0666,35100000000666,Samsung,Model-16
DEV0667,35100000000667,Realme,Model-19
DEV0668,35100000000668,OnePlus,Model-27
DEV0669,35100000000669,Motorola,Model-35
DEV0670,35100000000670,OnePlus,Model-14
DEV0671,35100000000671,Nokia,Model-8
DEV0672,35100000000672,Samsung,Model-23
DEV0673,35100000000673,OnePlus,Model-11
DEV0674,35100000000674,Nokia,Model-1
DEV0675,35100000000675,Oppo,Model-30
DEV0676,35100000000676,Apple,Model-34
DEV0677,35100000000677,Motorola,Model-18
DEV0678,35100000000678,OnePlus,Model-37
DEV0679,35100000000679,Samsung,Model-33
DEV0680,35100000000680,OnePlus,Model-8
DEV0681,35100000000681,Xiaomi,Model-1
DEV0682,35100000000682,Apple,Model-29
DEV0683,35100000000683,Samsung,Model-27
DEV0684,35100000000684,Vivo,Model-14
DEV0685,35100000000685,Samsung,Model-25
DEV0686,35100000000686,Nokia,Model-21
DEV0687,35100000000687,Motorola,Model-26
DEV0688,35100000000688,Realme,Model-27
DEV0689,35100000000689,Apple,Model-10
DEV0690,35100000000690,Nokia,Model-17
DEV0691,35100000000691,Xiaomi,Model-10
DEV0692,35100000000692,Motorola,Model-35
DEV0693,35100000000693,Motorola,Model-2
DEV0694,35100000000694,Nokia,Model-33
DEV0695,35100000000695,Apple,Model-37
DEV0696,35100000000696,Oppo,Model-34
DEV0697,35100000000697,Nokia,Model-29
DEV0698,35100000000698,Motorola,Model-2
DEV0699,35100000000699,OnePlus,Model-27
DEV0700,35100000000700,Vivo,Model-14
DEV0701,35100000000701,Vivo,Model-37
DEV0702,35100000000702,Apple,Model-17
DEV0703,35100000000703,Oppo,Model-12
DEV0704,35100000000704,Xiaomi,Model-32
DEV0705,35100000000705,Vivo,Model-20
DEV0706,35100000000706,Motorola,Model-6
DEV0707,35100000000707,Xiaomi,Model-6
DEV0708,35100000000708,Apple,Model-37
DEV0709,35100000000709,OnePlus,Model-7
DEV0710,35100000000710,Motorola,Model-6
DEV0711,35100000000711,Vivo,Model-38
DEV0712,35100000000712,OnePlus,Model-7
DEV0713,35100000000713,Vivo,Model-26
DEV0714,35100000000714,Xiaomi,Model-6
DEV0715,35100000000715,Realme,Model-9
DEV0716,35100000000716,Realme,Model-18
DEV0717,35100000000717,Samsung,Model-25
DEV0718,35100000000718,OnePlus,Model-12
DEV0719,35100000000719,OnePlus,Model-35
DEV0720,35100000000720,Motorola,Model-3
DEV0721,35100000000721,Apple,Model-13
DEV0722,35100000000722,Vivo,Model-38
DEV0723,35100000000723,Nokia,Model-14
DEV0724,35100000000724,Nokia,Model-10
DEV0725,35100000000725,Realme,Model-16
DEV0726,35100000000726,Apple,Model-5
DEV0727,35100000000727,Oppo,Model-39
DEV0728,35100000000728,OnePlus,Model-38
DEV0729,35100000000729,Vivo,Model-15
DEV0730,35100000000730,OnePlus,Model-11
DEV0731,35100000000731,Motorola,Model-5
DEV0732,35100000000732,Nokia,Model-6
DEV0733,35100000000733,Xiaomi,Model-3
DEV0734,35100000000734,Nokia,Model-20
DEV0735,35100000000735,Xiaomi,Model-22
DEV0736,35100000000736,Oppo,Model-12
DEV0737,35100000000737,Vivo,Model-8
DEV0738,35100000000738,Nokia,Model-24
DEV0739,35100000000739,Xiaomi,Model-25
DEV0740,35100000000740,OnePlus,Model-31
DEV0741,35100000000741,Xiaomi,Model-8
DEV0742,35100000000742,Xiaomi,Model-20
DEV0743,35100000000743,Nokia,Model-12
DEV0744,35100000000744,Apple,Model-34
DEV0745,35100000000745,Samsung,Model-39
DEV0746,35100000000746,Xiaomi,Model-7
DEV0747,35100000000747,Samsung,Model-16
DEV0748,35100000000748,Apple,Model-8
DEV0749,35100000000749,Realme,Model-16
DEV0750,35100000000750,Samsung,Model-14
DEV0751,35100000000751,Oppo,Model-32
DEV0752,35100000000752,Nokia,Model-26
DEV0753,35100000000753,Apple,Model-12
DEV0754,35100000000754,Samsung,Model-35
DEV0755,35100000000755,Oppo,Model-40
DEV0756,35100000000756,Nokia,Model-34
DEV0757,35100000000757,Samsung,Model-4
DEV0758,35100000000758,Nokia,Model-24
DEV0759,35100000000759,Realme,Model-18
DEV0760,35100000000760,Xiaomi,Model-35
DEV0761,35100000000761,Realme,Model-19
DEV0762,35100000000762,OnePlus,Model-36
DEV0763,35100000000763,Motorola,Model-2
DEV0764,35100000000764,Nokia,Model-37
DEV0765,35100000000765,OnePlus,Model-20
DEV0766,35100000000766,OnePlus,Model-22
DEV0767,35100000000767,Apple,Model-8
DEV0768,35100000000768,Nokia,Model-8
DEV0769,35100000000769,Samsung,Model-14
DEV0770,35100000000770,Nokia,Model-5
DEV0771,35100000000771,Realme,Model-31
DEV0772,35100000000772,Realme,Model-16
DEV0773,35100000000773,Vivo,Model-23
DEV0774,35100000000774,Motorola,Model-34
DEV0775,35100000000775,Apple,Model-10
DEV0776,35100000000776,Motorola,Model-29
DEV0777,35100000000777,Realme,Model-23
DEV0778,35100000000778,Vivo,Model-32
DEV0779,35100000000779,Vivo,Model-21
DEV0780,35100000000780,Apple,Model-19
DEV0781,35100000000781,Vivo,Model-15
DEV0782,35100000000782,Realme,Model-32
DEV0783,35100000000783,Realme,Model-30
DEV0784,35100000000784,Realme,Model-25
DEV0785,35100000000785,Realme,Model-31
DEV0786,35100000000786,OnePlus,Model-28
DEV0787,35100000000787,Xiaomi,Model-27
DEV0788,35100000000788,Motorola,Model-3
DEV0789,35100000000789,Motorola,Model-20
DEV0790,35100000000790,Xiaomi,Model-31
DEV0791,35100000000791,Apple,Model-34
DEV0792,35100000000792,Realme,Model-16
DEV0793,35100000000793,Vivo,Model-22
DEV0794,35100000000794,Apple,Model-33
DEV0795,35100000000795,Nokia,Model-8
DEV0796,35100000000796,Xiaomi,Model-19
DEV0797,35100000000797,Apple,Model-6
DEV0798,35100000000798,Nokia,Model-16
DEV0799,35100000000799,Realme,Model-25
DEV0800,35100000000800,Samsung,Model-31
DEV0801,35100000000801,Motorola,Model-37
DEV0802,35100000000802,Apple,Model-1
DEV0803,35100000000803,Samsung,Model-21
DEV0804,35100000000804,Oppo,Model-37
DEV0805,35100000000805,Apple,Model-17
DEV0806,35100000000806,Realme,Model-40
DEV0807,35100000000807,Vivo,Model-14
DEV0808,35100000000808,Motorola,Model-8
DEV0809,35100000000809,Oppo,Model-28
DEV0810,35100000000810,Nokia,Model-40
DEV0811,35100000000811,Realme,Model-18
DEV0812,35100000000812,Vivo,Model-34
DEV0813,35100000000813,Vivo,Model-5
DEV0814,35100000000814,Realme,Model-30
DEV0815,35100000000815,Realme,Model-11
DEV0816,35100000000816,Xiaomi,Model-22
DEV0817,35100000000817,Apple,Model-38
DEV0818,35100000000818,Motorola,Model-11
DEV0819,35100000000819,Nokia,Model-8
DEV0820,35100000000820,Samsung,Model-17
DEV0821,35100000000821,OnePlus,Model-15
DEV0822,35100000000822,Vivo,Model-7
DEV0823,35100000000823,Samsung,Model-38
DEV0824,35100000000824,Samsung,Model-12
DEV0825,35100000000825,Apple,Model-27
DEV0826,35100000000826,Oppo,Model-40
DEV0827,35100000000827,Motorola,Model-7
DEV0828,35100000000828,Vivo,Model-15
DEV0829,35100000000829,Oppo,Model-33
DEV0830,35100000000830,Samsung,Model-28
DEV0831,35100000000831,Realme,Model-16
DEV0832,35100000000832,Nokia,Model-27
DEV0833,35100000000833,Samsung,Model-27
DEV0834,35100000000834,Vivo,Model-15
DEV0835,35100000000835,Realme,Model-39
DEV0836,35100000000836,Oppo,Model-9
DEV0837,35100000000837,Motorola,Model-16
DEV0838,35100000000838,Realme,Model-2
DEV0839,35100000000839,Samsung,Model-13
DEV0840,35100000000840,Apple,Model-7
DEV0841,35100000000841,Vivo,Model-13
DEV0842,35100000000842,Oppo,Model-29
DEV0843,35100000000843,Realme,Model-16
DEV0844,35100000000844,OnePlus,Model-40
DEV0845,35100000000845,Apple,Model-36
DEV0846,35100000000846,Nokia,Model-22
DEV0847,35100000000847,Samsung,Model-34
DEV0848,35100000000848,Motorola,Model-26
DEV0849,35100000000849,Xiaomi,Model-4
DEV0850,35100000000850,Motorola,Model-26
DEV0851,35100000000851,Oppo,Model-5
DEV0852,35100000000852,OnePlus,Model-8
DEV0853,35100000000853,Motorola,Model-40
DEV0854,35100000000854,Samsung,Model-26
DEV0855,35100000000855,Xiaomi,Model-40
DEV0856,35100000000856,Motorola,Model-3
DEV0857,35100000000857,Samsung,Model-9
DEV0858,35100000000858,Apple,Model-12
DEV0859,35100000000859,Samsung,Model-5
DEV0860,35100000000860,Realme,Model-24
DEV0861,35100000000861,Vivo,Model-20
DEV0862,35100000000862,OnePlus,Model-2
DEV0863,35100000000863,Xiaomi,Model-25
DEV0864,35100000000864,Motorola,Model-4
DEV0865,35100000000865,Realme,Model-12
DEV0866,35100000000866,Apple,Model-18
DEV0867,35100000000867,Motorola,Model-24
DEV0868,35100000000868,Oppo,Model-33
DEV0869,35100000000869,Oppo,Model-20
DEV0870,35100000000870,Samsung,Model-12
DEV0871,35100000000871,Oppo,Model-38
DEV0872,35100000000872,Samsung,Model-36
DEV0873,35100000000873,Apple,Model-10
DEV0874,35100000000874,OnePlus,Model-39
DEV0875,35100000000875,Motorola,Model-23
DEV0876,35100000000876,Apple,Model-3
DEV0877,35100000000877,Vivo,Model-13
DEV0878,35100000000878,Apple,Model-28
DEV0879,35100000000879,Motorola,Model-34
DEV0880,35100000000880,Nokia,Model-35
DEV0881,35100000000881,Apple,Model-14
DEV0882,35100000000882,Apple,Model-39
DEV0883,35100000000883,Vivo,Model-25
DEV0884,35100000000884,Realme,Model-28
DEV0885,35100000000885,Motorola,Model-10
DEV0886,35100000000886,Motorola,Model-37
DEV0887,35100000000887,Oppo,Model-2
DEV0888,35100000000888,Nokia,Model-36
DEV0889,35100000000889,Oppo,Model-25
DEV0890,35100000000890,Samsung,Model-1
DEV0891,35100000000891,Xiaomi,Model-23
DEV0892,35100000000892,Vivo,Model-11
DEV0893,35100000000893,Samsung,Model-29
DEV0894,35100000000894,Apple,Model-39
DEV0895,35100000000895,Oppo,Model-11
DEV0896,35100000000896,Realme,Model-6
DEV0897,35100000000897,Realme,Model-17
DEV0898,35100000000898,OnePlus,Model-39
DEV0899,35100000000899,Realme,Model-6
DEV0900,35100000000900,Realme,Model-7
DEV0901,35100000000901,Realme,Model-27
DEV0902,35100000000902,Nokia,Model-6
DEV0903,35100000000903,Realme,Model-32
DEV0904,35100000000904,Realme,Model-21
DEV0905,35100000000905,Samsung,Model-8
DEV0906,35100000000906,OnePlus,Model-20
DEV0907,35100000000907,Samsung,Model-35
DEV0908,35100000000908,Samsung,Model-5
DEV0909,35100000000909,Nokia,Model-6
DEV0910,35100000000910,Oppo,Model-35
DEV0911,35100000000911,OnePlus,Model-14
DEV0912,35100000000912,Motorola,Model-1
DEV0913,35100000000913,Apple,Model-27
DEV0914,35100000000914,Motorola,Model-6
DEV0915,35100000000915,Vivo,Model-12
DEV0916,35100000000916,Apple,Model-13
DEV0917,35100000000917,OnePlus,Model-3
DEV0918,35100000000918,Apple,Model-12
DEV0919,35100000000919,Realme,Model-29
DEV0920,35100000000920,Nokia,Model-27
DEV0921,35100000000921,Realme,Model-4
DEV0922,35100000000922,OnePlus,Model-17
DEV0923,35100000000923,Oppo,Model-13
DEV0924,35100000000924,Nokia,Model-6
DEV0925,35100000000925,Apple,Model-1
DEV0926,35100000000926,Realme,Model-3
DEV0927,35100000000927,Motorola,Model-18
DEV0928,35100000000928,Xiaomi,Model-11
DEV0929,35100000000929,Oppo,Model-2
DEV0930,35100000000930,Xiaomi,Model-37
DEV0931,35100000000931,Nokia,Model-30
DEV0932,35100000000932,Motorola,Model-40
DEV0933,35100000000933,Realme,Model-24
DEV0934,35100000000934,Apple,Model-38
DEV0935,35100000000935,Apple,Model-35
DEV0936,35100000000936,OnePlus,Model-32
DEV0937,35100000000937,Realme,Model-33
DEV0938,35100000000938,Oppo,Model-10
DEV0939,35100000000939,Vivo,Model-4
DEV0940,35100000000940,Nokia,Model-21
DEV0941,35100000000941,Realme,Model-29
DEV0942,35100000000942,OnePlus,Model-15
DEV0943,35100000000943,Vivo,Model-6
DEV0944,35100000000944,Oppo,Model-33
DEV0945,35100000000945,OnePlus,Model-35
DEV0946,35100000000946,Samsung,Model-27
DEV0947,35100000000947,Samsung,Model-36
DEV0948,35100000000948,Realme,Model-10
DEV0949,35100000000949,Samsung,Model-7
DEV0950,35100000000950,OnePlus,Model-19
DEV0951,35100000000951,OnePlus,Model-5
DEV0952,35100000000952,Motorola,Model-30
DEV0953,35100000000953,Motorola,Model-19
DEV0954,35100000000954,Samsung,Model-20
DEV0955,35100000000955,Vivo,Model-30
DEV0956,35100000000956,Apple,Model-30
DEV0957,35100000000957,Apple,Model-1
DEV0958,35100000000958,Xiaomi,Model-6
DEV0959,35100000000959,Vivo,Model-11
DEV0960,35100000000960,OnePlus,Model-5
DEV0961,35100000000961,Motorola,Model-13
DEV0962,35100000000962,Nokia,Model-19
DEV0963,35100000000963,Motorola,Model-39
DEV0964,35100000000964,Vivo,Model-14
DEV0965,35100000000965,Oppo,Model-18
DEV0966,35100000000966,Motorola,Model-26
DEV0967,35100000000967,Realme,Model-25
DEV0968,35100000000968,Xiaomi,Model-21
DEV0969,35100000000969,Nokia,Model-32
DEV0970,35100000000970,Vivo,Model-27
DEV0971,35100000000971,Xiaomi,Model-29
DEV0972,35100000000972,Oppo,Model-2
DEV0973,35100000000973,Nokia,Model-34
DEV0974,35100000000974,Realme,Model-18
DEV0975,35100000000975,Vivo,Model-22
DEV0976,35100000000976,Samsung,Model-2
DEV0977,35100000000977,OnePlus,Model-35
DEV0978,35100000000978,Samsung,Model-9
DEV0979,35100000000979,Apple,Model-1
DEV0980,35100000000980,Realme,Model-19
DEV0981,35100000000981,Motorola,Model-13
DEV0982,35100000000982,Apple,Model-36
DEV0983,35100000000983,Vivo,Model-35
DEV0984,35100000000984,Vivo,Model-15
DEV0985,35100000000985,Realme,Model-25
DEV0986,35100000000986,Oppo,Model-16
DEV0987,35100000000987,Motorola,Model-19
DEV0988,35100000000988,Samsung,Model-6
DEV0989,35100000000989,Vivo,Model-16
DEV0990,35100000000990,Nokia,Model-1
DEV0991,35100000000991,OnePlus,Model-13
DEV0992,35100000000992,Realme,Model-23
DEV0993,35100000000993,Motorola,Model-29
DEV0994,35100000000994,Xiaomi,Model-1
DEV0995,35100000000995,Nokia,Model-20
DEV0996,35100000000996,OnePlus,Model-7
DEV0997,35100000000997,Apple,Model-7
DEV0998,35100000000998,Realme,Model-29
DEV0999,35100000000999,Apple,Model-8
DEV1000,35100000001000,Nokia,Model-9
DEV1001,35100000001001,Nokia,Model-32
DEV1002,35100000001002,Nokia,Model-7
DEV1003,35100000001003,Samsung,Model-28
DEV1004,35100000001004,Xiaomi,Model-35
DEV1005,35100000001005,Xiaomi,Model-40
DEV1006,35100000001006,OnePlus,Model-2
DEV1007,35100000001007,Vivo,Model-1
DEV1008,35100000001008,OnePlus,Model-33
DEV1009,35100000001009,Apple,Model-20
DEV1010,35100000001010,Vivo,Model-13
DEV1011,35100000001011,Xiaomi,Model-22
DEV1012,35100000001012,Samsung,Model-17
DEV1013,35100000001013,Nokia,Model-3
DEV1014,35100000001014,Samsung,Model-23
DEV1015,35100000001015,Motorola,Model-10
DEV1016,35100000001016,Vivo,Model-22
DEV1017,35100000001017,Samsung,Model-27
DEV1018,35100000001018,Samsung,Model-14
DEV1019,35100000001019,Realme,Model-39
DEV1020,35100000001020,OnePlus,Model-1
DEV1021,35100000001021,Realme,Model-1
DEV1022,35100000001022,OnePlus,Model-10
DEV1023,35100000001023,Oppo,Model-27
DEV1024,35100000001024,Motorola,Model-2
DEV1025,35100000001025,Samsung,Model-35
DEV1026,35100000001026,Realme,Model-37
DEV1027,35100000001027,Xiaomi,Model-14
DEV1028,35100000001028,Samsung,Model-19
DEV1029,35100000001029,Motorola,Model-25
DEV1030,35100000001030,Motorola,Model-29
DEV1031,35100000001031,Nokia,Model-38
DEV1032,35100000001032,Xiaomi,Model-3
DEV1033,35100000001033,Apple,Model-5
DEV1034,35100000001034,Realme,Model-33
DEV1035,35100000001035,Nokia,Model-14
DEV1036,35100000001036,Vivo,Model-4
DEV1037,35100000001037,Apple,Model-6
DEV1038,35100000001038,Oppo,Model-15
DEV1039,35100000001039,Vivo,Model-30
DEV1040,35100000001040,Xiaomi,Model-37
DEV1041,35100000001041,Vivo,Model-34
DEV1042,35100000001042,Apple,Model-37
DEV1043,35100000001043,Oppo,Model-27
DEV1044,35100000001044,Xiaomi,Model-9
DEV1045,35100000001045,Motorola,Model-18
DEV1046,35100000001046,Vivo,Model-12
DEV1047,35100000001047,Xiaomi,Model-14
DEV1048,35100000001048,Realme,Model-17
DEV1049,35100000001049,Apple,Model-15
DEV1050,35100000001050,Nokia,Model-24
DEV1051,35100000001051,Motorola,Model-3
DEV1052,35100000001052,Motorola,Model-33
DEV1053,35100000001053,Samsung,Model-4
DEV1054,35100000001054,Realme,Model-37
DEV1055,35100000001055,Xiaomi,Model-24
DEV1056,35100000001056,Realme,Model-40
DEV1057,35100000001057,Xiaomi,Model-3
DEV1058,35100000001058,Samsung,Model-12
DEV1059,35100000001059,Realme,Model-1
DEV1060,35100000001060,Nokia,Model-21
DEV1061,35100000001061,OnePlus,Model-2
DEV1062,35100000001062,Motorola,Model-38
DEV1063,35100000001063,OnePlus,Model-23
DEV1064,35100000001064,Apple,Model-12
DEV1065,35100000001065,OnePlus,Model-37
DEV1066,35100000001066,Xiaomi,Model-15
DEV1067,35100000001067,Realme,Model-16
DEV1068,35100000001068,Vivo,Model-40
DEV1069,35100000001069,Oppo,Model-23
DEV1070,35100000001070,OnePlus,Model-11
DEV1071,35100000001071,Nokia,Model-23
DEV1072,35100000001072,Vivo,Model-9
DEV1073,35100000001073,Apple,Model-31
DEV1074,35100000001074,Realme,Model-15
DEV1075,35100000001075,Nokia,Model-24
DEV1076,35100000001076,Apple,Model-24
DEV1077,35100000001077,Oppo,Model-13
DEV1078,35100000001078,Xiaomi,Model-14
DEV1079,35100000001079,Nokia,Model-19
DEV1080,35100000001080,Samsung,Model-26
DEV1081,35100000001081,OnePlus,Model-35
DEV1082,35100000001082,Realme,Model-23
DEV1083,35100000001083,Apple,Model-35
DEV1084,35100000001084,Vivo,Model-22
DEV1085,35100000001085,Samsung,Model-16
DEV1086,35100000001086,Xiaomi,Model-2
DEV1087,35100000001087,OnePlus,Model-23
DEV1088,35100000001088,Vivo,Model-31
DEV1089,35100000001089,Xiaomi,Model-28
DEV1090,35100000001090,Nokia,Model-37
DEV1091,35100000001091,Apple,Model-14
DEV1092,35100000001092,Samsung,Model-18
DEV1093,35100000001093,Apple,Model-17
DEV1094,35100000001094,Vivo,Model-1
DEV1095,35100000001095,Vivo,Model-35
DEV1096,35100000001096,OnePlus,Model-14
DEV1097,35100000001097,Apple,Model-38
DEV1098,35100000001098,Apple,Model-22
DEV1099,35100000001099,Vivo,Model-37
DEV1100,35100000001100,Nokia,Model-6
DEV1101,35100000001101,Xiaomi,Model-32
DEV1102,35100000001102,Vivo,Model-19
DEV1103,35100000001103,Realme,Model-30
DEV1104,35100000001104,Realme,Model-24
DEV1105,35100000001105,Realme,Model-33
DEV1106,35100000001106,Xiaomi,Model-15
DEV1107,35100000001107,Vivo,Model-22
DEV1108,35100000001108,Oppo,Model-30
DEV1109,35100000001109,Motorola,Model-20
DEV1110,35100000001110,Samsung,Model-32
DEV1111,35100000001111,OnePlus,Model-17
DEV1112,35100000001112,Oppo,Model-35
DEV1113,35100000001113,Samsung,Model-28
DEV1114,35100000001114,Xiaomi,Model-18
DEV1115,35100000001115,OnePlus,Model-21
DEV1116,35100000001116,Nokia,Model-24
DEV1117,35100000001117,Oppo,Model-37
DEV1118,35100000001118,Apple,Model-27
DEV1119,35100000001119,Vivo,Model-25
DEV1120,35100000001120,OnePlus,Model-13
DEV1121,35100000001121,Motorola,Model-14
DEV1122,35100000001122,Vivo,Model-26
DEV1123,35100000001123,Apple,Model-12
DEV1124,35100000001124,OnePlus,Model-25
DEV1125,35100000001125,Oppo,Model-4
DEV1126,35100000001126,Realme,Model-6
DEV1127,35100000001127,Vivo,Model-37
DEV1128,35100000001128,Nokia,Model-18
DEV1129,35100000001129,Nokia,Model-33
DEV1130,35100000001130,Xiaomi,Model-6
DEV1131,35100000001131,Xiaomi,Model-21
DEV1132,35100000001132,Realme,Model-40
DEV1133,35100000001133,Samsung,Model-30
DEV1134,35100000001134,Xiaomi,Model-13
DEV1135,35100000001135,OnePlus,Model-14
DEV1136,35100000001136,Samsung,Model-19
DEV1137,35100000001137,Oppo,Model-13
DEV1138,35100000001138,Apple,Model-3
DEV1139,35100000001139,Realme,Model-3
DEV1140,35100000001140,Apple,Model-16
DEV1141,35100000001141,Nokia,Model-1
DEV1142,35100000001142,Apple,Model-24
DEV1143,35100000001143,Motorola,Model-37
DEV1144,35100000001144,Oppo,Model-20
DEV1145,35100000001145,Oppo,Model-17
DEV1146,35100000001146,Motorola,Model-16
DEV1147,35100000001147,OnePlus,Model-10
DEV1148,35100000001148,OnePlus,Model-19
DEV1149,35100000001149,Nokia,Model-28
DEV1150,35100000001150,Samsung,Model-29
DEV1151,35100000001151,Realme,Model-1
DEV1152,35100000001152,Vivo,Model-9
DEV1153,35100000001153,OnePlus,Model-4
DEV1154,35100000001154,Motorola,Model-29
DEV1155,35100000001155,Oppo,Model-3
DEV1156,35100000001156,Vivo,Model-31
DEV1157,35100000001157,Nokia,Model-19
DEV1158,35100000001158,OnePlus,Model-17
DEV1159,35100000001159,Apple,Model-12
DEV1160,35100000001160,Xiaomi,Model-12
DEV1161,35100000001161,Realme,Model-37
DEV1162,35100000001162,Oppo,Model-29
DEV1163,35100000001163,Oppo,Model-3
DEV1164,35100000001164,Oppo,Model-6
DEV1165,35100000001165,Xiaomi,Model-6
DEV1166,35100000001166,Xiaomi,Model-9
DEV1167,35100000001167,Samsung,Model-10
DEV1168,35100000001168,Samsung,Model-5
DEV1169,35100000001169,OnePlus,Model-18
DEV1170,35100000001170,Realme,Model-21
DEV1171,35100000001171,Samsung,Model-20
DEV1172,35100000001172,OnePlus,Model-12
DEV1173,35100000001173,Motorola,Model-8
DEV1174,35100000001174,Realme,Model-18
DEV1175,35100000001175,Nokia,Model-14
DEV1176,35100000001176,Apple,Model-33
DEV1177,35100000001177,Xiaomi,Model-39
DEV1178,35100000001178,Motorola,Model-40
DEV1179,35100000001179,Apple,Model-32
DEV1180,35100000001180,Motorola,Model-18
DEV1181,35100000001181,Samsung,Model-24
DEV1182,35100000001182,Realme,Model-1
DEV1183,35100000001183,Oppo,Model-8
DEV1184,35100000001184,Vivo,Model-30
DEV1185,35100000001185,Apple,Model-27
DEV1186,35100000001186,Apple,Model-4
DEV1187,35100000001187,Oppo,Model-21
DEV1188,35100000001188,Oppo,Model-6
DEV1189,35100000001189,Xiaomi,Model-18
DEV1190,35100000001190,Motorola,Model-8
DEV1191,35100000001191,Xiaomi,Model-16
DEV1192,35100000001192,Xiaomi,Model-15
DEV1193,35100000001193,Realme,Model-19
DEV1194,35100000001194,Apple,Model-12
DEV1195,35100000001195,Realme,Model-27
DEV1196,35100000001196,Vivo,Model-35
DEV1197,35100000001197,Xiaomi,Model-36
DEV1198,35100000001198,OnePlus,Model-7
DEV1199,35100000001199,Realme,Model-5
DEV1200,35100000001200,Apple,Model-23
DEV1201,35100000001201,Samsung,Model-20
DEV1202,35100000001202,Nokia,Model-37
