fir_id,case_id,fir_number,police_station_id,registration_date,incident_date,crime_type,incident_city,incident_area,complainant_id,victim_id,officer_id,summary,status
FIR0001,CASE001,FIR/2026/001/002,PS-CH-007,2026-06-12,2026-06-11,Courier-based Criminal Network,Ghaziabad,Old City Market,P0861,P0861,OFF0015,"On 2026-06-11, the complainant reported that an unauthorized transfer occurred from an associated account. During preliminary inquiry, references were made to an individual identified as Kirti Arora and a vehicle observed near the commercial premises. Investigators noted that the sequence of events remains under verification.",Under Investigation
FIR0002,CASE002,FIR/2026/002/003,PS-KA-009,2026-04-23,2026-04-22,Smuggling-style Network,Amritsar,New Township Sector 9,P0773,P0773,OFF0022,Preliminary inquiry into the matter revealed that Radha Joshi was in contact with the complainant. A vehicle matching the description of SU-31-ZI-0084 was observed near Model Town Block C Family Restaurant. Witnesses gave differing accounts of the timeline.,Under Investigation
FIR0003,CASE003,FIR/2026/003/004,PS-PA-025,2026-01-10,2026-01-09,Financial Fraud,Ranchi,Model Town Block C,P0423,P0423,OFF0006,"The complainant, associated with Bhatia Group Transport Services, stated that between 2026-01-06 and 2026-01-09 several communications were received. A person locally referred to as Karan S. was reportedly seen near Housing Board Colony Dhaba shortly before the incident. the sequence of events remains under verification",Closed
FIR0004,CASE004,FIR/2026/004/005,PS-AG-010,2026-07-31,2026-07-30,Warehouse Theft,Kanpur,New Township Sector 41,P0792,P0792,OFF0006,Preliminary inquiry into the matter revealed that Vikrai Nair was in contact with the complainant. A vehicle matching the description of GH-99-DO-0019 was observed near Old City Market Family Restaurant. Witnesses gave differing accounts of the timeline.,Closed
FIR0005,CASE005,FIR/2026/005/006,PS-AM-013,2026-04-14,2026-04-13,Missing-person Investigation,Agra,Housing Board Colony,P0622,P0622,OFF0023,"The complainant, associated with Rawat Group Retail Stores, stated that between 2026-04-10 and 2026-04-13 several communications were received. A person locally referred to as Sanjay Tiwari was reportedly seen near Model Town Block B Family Restaurant shortly before the incident. the sequence of events remains under verification",Registered
FIR0006,CASE006,FIR/2025/006/007,PS-DE-001,2025-11-04,2025-11-03,Procurement Fraud,Noida,Civil Lines,P0095,P0095,OFF0009,Preliminary inquiry into the matter revealed that Mohit Rawat was in contact with the complainant. A vehicle matching the description of DE-53-WN-0032 was observed near Hotel Model Town Block C Regency. Witnesses gave differing accounts of the timeline.,Registered
FIR0007,CASE007,FIR/2026/007/008,PS-SU-018,2026-05-31,2026-05-30,Organized Theft,Bengaluru,Sector 7,P0267,P0267,OFF0025,"The complainant, associated with Arora & Sons Retail Stores, stated that between 2026-05-27 and 2026-05-30 several communications were received. A person locally referred to as Radha Nair was reportedly seen near Old City Market Residency shortly before the incident. the sequence of events remains under verification",Under Investigation
FIR0008,CASE008,FIR/2025/008/009,PS-JA-006,2025-08-14,2025-08-13,Courier-based Criminal Network,Ranchi,Commercial Block B,P0902,P0902,OFF0014,Preliminary inquiry into the matter revealed that Radha Arora was in contact with the complainant. A vehicle matching the description of GH-12-UB-0117 was observed near Model Town Block C Family Restaurant. Witnesses gave differing accounts of the timeline.,Closed
FIR0009,CASE009,FIR/2026/009/010,PS-CH-023,2026-07-22,2026-07-21,Insurance Fraud,Noida,Civil Lines,P0140,P0140,OFF0002,Preliminary inquiry into the matter revealed that Aarti Khanna was in contact with the complainant. A vehicle matching the description of IN-99-PG-0255 was observed near Commercial Block B Apartments. Witnesses gave differing accounts of the timeline.,Under Investigation
FIR0010,CASE010,FIR/2025/010/011,PS-HA-012,2025-10-10,2025-10-09,Cyber-enabled Fraud,Surat,Phase 14 Industrial Estate,P0983,P0983,OFF0023,"On 2025-10-09, the complainant reported that an unauthorized transfer occurred from an associated account. During preliminary inquiry, references were made to an individual identified as Priya Bhatia and a vehicle observed near the commercial premises. Investigators noted that the sequence of events remains under verification.",Under Investigation
FIR0011,CASE011,FIR/2025/011/012,PS-KO-024,2025-09-29,2025-09-28,Investment Fraud,Lucknow,Transport Nagar,P0402,P0402,OFF0008,"On 2025-09-28, the complainant reported that an unauthorized transfer occurred from an associated account. During preliminary inquiry, references were made to an individual identified as Anjali Verma and a vehicle observed near the commercial premises. Investigators noted that the sequence of events remains under verification.",Under Investigation
FIR0012,CASE012,FIR/2026/012/013,PS-AG-010,2026-05-25,2026-05-24,Illegal Goods Distribution,Noida,Civil Lines,P0927,P0927,OFF0015,Preliminary inquiry into the matter revealed that Siddharth Saxena was in contact with the complainant. A vehicle matching the description of BH-27-EV-0275 was observed near Hotel Sector 41 Regency. Witnesses gave differing accounts of the timeline.,Registered
FIR0013,CASE013,FIR/2025/013/014,PS-LU-014,2025-10-09,2025-10-08,Courier-based Criminal Network,Pune,Transport Nagar,P0759,P0759,OFF0004,"On 2025-10-08, the complainant reported that an unauthorized transfer occurred from an associated account. During preliminary inquiry, references were made to an individual identified as Sanjay Bansal and a vehicle observed near the commercial premises. Investigators noted that the sequence of events remains under verification.",Under Investigation
FIR0014,CASE014,FIR/2026/014/015,PS-BE-022,2026-02-18,2026-02-17,Insurance Fraud,Hyderabad,Transport Nagar,P0842,P0842,OFF0005,Preliminary inquiry into the matter revealed that Vikram Sharma was in contact with the complainant. A vehicle matching the description of LU-31-WZ-0265 was observed near Housing Board Colony Public Ground. Witnesses gave differing accounts of the timeline.,Closed
FIR0015,CASE015,FIR/2026/015/016,PS-HY-021,2026-05-10,2026-05-09,Warehouse Theft,Mumbai,Phase 2 Industrial Estate,P0587,P0587,OFF0023,"The complainant, associated with Kapoor Group Manufacturing Ltd, stated that between 2026-05-06 and 2026-05-09 several communications were received. A person locally referred to as Nikhil Kohli was reportedly seen near Phase 3 Industrial Estate Public Parking shortly before the incident. the sequence of events remains under verification",Registered
FIR0016,CASE016,FIR/2025/016/017,PS-LU-008,2025-11-24,2025-11-23,Vehicle Theft Network,Bhubaneswar,Transport Nagar,P0547,P0547,OFF0001,"The complainant, associated with Rawat & Sons Trading Co, stated that between 2025-11-20 and 2025-11-23 several communications were received. A person locally referred to as Ramesa Bhalla was reportedly seen near Sector 33 Business Tower shortly before the incident. the sequence of events remains under verification",Under Investigation
FIR0017,CASE017,FIR/2026/017/018,PS-BH-020,2026-01-12,2026-01-11,Document Forgery,Noida,New Township Sector 51,P0953,P0953,OFF0019,"On 2026-01-11, the complainant reported that an unauthorized transfer occurred from an associated account. During preliminary inquiry, references were made to an individual identified as Preeti Kapoor and a vehicle observed near the commercial premises. Investigators noted that the sequence of events remains under verification.",Closed
FIR0018,CASE018,FIR/2025/018/019,PS-SU-018,2025-07-28,2025-07-27,Missing-person Investigation,Pune,Old City Market,P0918,P0918,OFF0012,"On 2025-07-27, the complainant reported that an unauthorized transfer occurred from an associated account. During preliminary inquiry, references were made to an individual identified as Amit Malhotra and a vehicle observed near the commercial premises. Investigators noted that the sequence of events remains under verification.",Under Investigation
FIR0019,CASE019,FIR/2025/019/020,PS-BH-020,2025-07-29,2025-07-28,Procurement Fraud,Ranchi,Housing Board Colony,P0723,P0723,OFF0001,"On 2025-07-28, the complainant reported that an unauthorized transfer occurred from an associated account. During preliminary inquiry, references were made to an individual identified as Mohit Kapoor and a vehicle observed near the commercial premises. Investigators noted that the sequence of events remains under verification.",Under Investigation
FIR0020,CASE020,FIR/2025/020/021,PS-DE-001,2025-12-13,2025-12-12,Document Forgery,Faridabad,Transport Nagar,P0789,P0789,OFF0015,"On 2025-12-12, the complainant reported that an unauthorized transfer occurred from an associated account. During preliminary inquiry, references were made to an individual identified as Tanya Malhotra and a vehicle observed near the commercial premises. Investigators noted that the sequence of events remains under verification.",Registered
FIR0021,CASE021,FIR/2026/021/022,PS-PA-025,2026-01-28,2026-01-27,Investment Fraud,Lucknow,Commercial Block B,P0763,P0763,OFF0017,"On 2026-01-27, the complainant reported that an unauthorized transfer occurred from an associated account. During preliminary inquiry, references were made to an individual identified as Harisu Rathore and a vehicle observed near the commercial premises. Investigators noted that the sequence of events remains under verification.",Under Investigation
FIR0022,CASE022,FIR/2025/022/023,PS-MU-015,2025-09-11,2025-09-10,Warehouse Theft,Jaipur,Phase 19 Industrial Estate,P0504,P0504,OFF0002,"The complainant, associated with Malhotra & Sons Consulting Services, stated that between 2025-09-07 and 2025-09-10 several communications were received. A person locally referred to as Anil Sharma was reportedly seen near Phase 3 Industrial Estate Public Parking shortly before the incident. the sequence of events remains under verification",Registered
FIR0023,CASE023,FIR/2025/023/024,PS-NO-004,2025-06-28,2025-06-27,Fake-company Network,Bhubaneswar,Sector 26,P0166,P0166,OFF0024,"The complainant, associated with Chawla & Sons Trading Co, stated that between 2025-06-24 and 2025-06-27 several communications were received. A person locally referred to as Tanya Malhotra was reportedly seen near New Township Sector 19 Multi-level Parking shortly before the incident. the sequence of events remains under verification",Under Investigation
FIR0024,CASE024,FIR/2025/024/025,PS-GH-005,2025-07-15,2025-07-14,Organized Theft,Bengaluru,Transport Nagar,P0310,P0310,OFF0016,Preliminary inquiry into the matter revealed that Kavya Iyer was in contact with the complainant. A vehicle matching the description of GU-86-LS-0176 was observed near Sector 55 Community Park. Witnesses gave differing accounts of the timeline.,Closed
FIR0025,CASE025,FIR/2026/025/026,PS-FA-003,2026-03-09,2026-03-08,Identity Fraud,Ahmedabad,Civil Lines,P0625,P0625,OFF0008,"The complainant, associated with Bansal & Sons Logistics Pvt Ltd, stated that between 2026-03-05 and 2026-03-08 several communications were received. A person locally referred to as Anjali Choudhary was reportedly seen near New Township Sector 29 Bus Terminal shortly before the incident. the sequence of events remains under verification",Under Investigation
FIR0026,CASE026,FIR/2026/026/027,PS-LU-014,2026-06-04,2026-06-03,Warehouse Theft,Gurugram,Sector 60,P0849,P0849,OFF0017,Preliminary inquiry into the matter revealed that Manja Mehta was in contact with the complainant. A vehicle matching the description of PA-12-KO-0211 was observed near Transport Nagar Inn. Witnesses gave differing accounts of the timeline.,Closed
FIR0027,CASE027,FIR/2026/027/028,PS-SU-018,2026-06-15,2026-06-14,Multi-city Fraud Network,Bhopal,Transport Nagar,P0126,P0126,OFF0025,Preliminary inquiry into the matter revealed that Aditya Bansal was in contact with the complainant. A vehicle matching the description of CH-17-NB-0054 was observed near Transport Nagar Housing Complex. Witnesses gave differing accounts of the timeline.,Under Investigation
FIR0028,CASE028,FIR/2025/028/029,PS-MU-015,2025-09-17,2025-09-16,Insurance Fraud,Indore,Civil Lines,P0250,P0250,OFF0020,"The complainant, associated with Saxena Transport Services, stated that between 2025-09-13 and 2025-09-16 several communications were received. A person locally referred to as Tarun Grover was reportedly seen near Old City Market Warehouse Zone shortly before the incident. the sequence of events remains under verification",Closed
FIR0029,CASE029,FIR/2025/029/030,PS-CH-023,2025-09-22,2025-09-21,Financial Fraud,Chandigarh,Civil Lines,P0634,P0634,OFF0004,"The complainant, associated with Nair & Sons Constructions Pvt Ltd, stated that between 2025-09-18 and 2025-09-21 several communications were received. A person locally referred to as Nidho Aggarwal was reportedly seen near Railway Colony Family Restaurant shortly before the incident. the sequence of events remains under verification",Registered
FIR0030,CASE030,FIR/2025/030/031,PS-SU-018,2025-06-19,2025-06-18,Robbery Network,Faridabad,Commercial Block D,P0409,P0409,OFF0013,"On 2025-06-18, the complainant reported that an unauthorized transfer occurred from an associated account. During preliminary inquiry, references were made to an individual identified as Neeraj Verma and a vehicle observed near the commercial premises. Investigators noted that the sequence of events remains under verification.",Closed
FIR0031,CASE031,FIR/2026/031/032,PS-SU-018,2026-01-23,2026-01-22,Insurance Fraud,Pune,New Township Sector 60,P0016,P0016,OFF0019,Preliminary inquiry into the matter revealed that Ravi Joshi was in contact with the complainant. A vehicle matching the description of AG-58-EA-0135 was observed near Civil Lines Multi-level Parking. Witnesses gave differing accounts of the timeline.,Closed
FIR0032,CASE032,FIR/2025/032/033,PS-BE-022,2026-01-01,2025-12-31,Document Forgery,Hyderabad,Sector 8,P0207,P0207,OFF0003,Preliminary inquiry into the matter revealed that Tarun Singh was in contact with the complainant. A vehicle matching the description of AG-65-FX-0152 was observed near Phase 29 Industrial Estate Apartments. Witnesses gave differing accounts of the timeline.,Closed
FIR0033,CASE033,FIR/2025/033/034,PS-MU-015,2025-07-03,2025-07-02,Money-laundering-style Financial Network,Kanpur,Railway Colony,P0979,P0979,OFF0010,"On 2025-07-02, the complainant reported that an unauthorized transfer occurred from an associated account. During preliminary inquiry, references were made to an individual identified as Mohit Tiwari and a vehicle observed near the commercial premises. Investigators noted that the sequence of events remains under verification.",Registered
FIR0034,CASE034,FIR/2026/034/035,PS-NO-004,2026-07-07,2026-07-06,Identity Fraud,Jaipur,New Township Sector 28,P0216,P0216,OFF0021,"On 2026-07-06, the complainant reported that an unauthorized transfer occurred from an associated account. During preliminary inquiry, references were made to an individual identified as Divya Verma and a vehicle observed near the commercial premises. Investigators noted that the sequence of events remains under verification.",Under Investigation
FIR0035,CASE035,FIR/2025/035/036,PS-BH-027,2025-10-26,2025-10-25,Multi-city Fraud Network,Bengaluru,Model Town Block A,P0180,P0180,OFF0021,Preliminary inquiry into the matter revealed that K. Sethi was in contact with the complainant. A vehicle matching the description of HY-34-RI-0003 was observed near Commercial Block B Trade Centre. Witnesses gave differing accounts of the timeline.,Registered
FIR0036,CASE036,FIR/2025/036/037,PS-GH-005,2025-07-31,2025-07-30,Money-laundering-style Financial Network,Ludhiana,New Township Sector 51,P0351,P0351,OFF0003,"The complainant, associated with Bhatia Group Trading Co, stated that between 2025-07-27 and 2025-07-30 several communications were received. A person locally referred to as Vidya Arora was reportedly seen near Model Town Block C Family Restaurant shortly before the incident. the sequence of events remains under verification",Closed
FIR0037,CASE037,FIR/2026/037/038,PS-NO-004,2026-06-20,2026-06-19,Document Forgery,Amritsar,Sector 35,P0545,P0545,OFF0007,"On 2026-06-19, the complainant reported that an unauthorized transfer occurred from an associated account. During preliminary inquiry, references were made to an individual identified as Bhavna Chopra and a vehicle observed near the commercial premises. Investigators noted that the sequence of events remains under verification.",Registered
FIR0038,CASE038,FIR/2026/038/039,PS-LU-008,2026-06-20,2026-06-19,Courier-based Criminal Network,Surat,Railway Colony,P0781,P0781,OFF0001,"The complainant, associated with Joshi Group Technologies Pvt Ltd, stated that between 2026-06-16 and 2026-06-19 several communications were received. A person locally referred to as Simran Reddy was reportedly seen near New Township Sector 48 Family Restaurant shortly before the incident. the sequence of events remains under verification",Closed
FIR0039,CASE039,FIR/2025/039/040,PS-GH-005,2025-12-25,2025-12-24,Cyber-enabled Fraud,Jaipur,Civil Lines,P0364,P0364,OFF0020,"The complainant, associated with Chawla & Sons Manufacturing Ltd, stated that between 2025-12-21 and 2025-12-24 several communications were received. A person locally referred to as Ravi Nair was reportedly seen near Civil Lines Market shortly before the incident. the sequence of events remains under verification",Registered
FIR0040,CASE040,FIR/2025/040/041,PS-RA-026,2025-12-14,2025-12-13,Multi-city Fraud Network,Agra,Phase 45 Industrial Estate,P0581,P0581,OFF0025,Preliminary inquiry into the matter revealed that Manju Verma was in contact with the complainant. A vehicle matching the description of MU-34-SZ-0162 was observed near Railway Colony Inn. Witnesses gave differing accounts of the timeline.,Closed
FIR0041,CASE041,FIR/2025/041/042,PS-GH-005,2025-06-07,2025-06-06,Robbery Network,Chennai,Sector 29,P0124,P0124,OFF0002,"The complainant, associated with Arora Retail Stores, stated that between 2025-06-03 and 2025-06-06 several communications were received. A person locally referred to as Aditya Mishra was reportedly seen near Commercial Block A Public Ground shortly before the incident. the sequence of events remains under verification",Under Investigation
FIR0042,CASE042,FIR/2025/042/043,PS-BE-022,2025-08-01,2025-07-31,Insurance Fraud,Mumbai,Model Town Block A,P0043,P0043,OFF0022,"The complainant, associated with Rathore Group Manufacturing Ltd, stated that between 2025-07-28 and 2025-07-31 several communications were received. A person locally referred to as Ashok Choudhary was reportedly seen near New Township Sector 53 Public Ground shortly before the incident. the sequence of events remains under verification",Under Investigation
FIR0043,CASE043,FIR/2026/043/044,PS-AM-013,2026-02-13,2026-02-12,Fake-company Network,Faridabad,Phase 8 Industrial Estate,P0074,P0074,OFF0009,"The complainant, associated with Gupta & Sons Constructions Pvt Ltd, stated that between 2026-02-09 and 2026-02-12 several communications were received. A person locally referred to as Aakase Sharma was reportedly seen near Housing Board Colony Corporate Plaza shortly before the incident. the sequence of events remains under verification",Registered
FIR0044,CASE044,FIR/2026/044/045,PS-BH-027,2026-01-18,2026-01-17,Vehicle Theft Network,Lucknow,Transport Nagar,P0976,P0976,OFF0002,"On 2026-01-17, the complainant reported that an unauthorized transfer occurred from an associated account. During preliminary inquiry, references were made to an individual identified as Gaurav Gupta and a vehicle observed near the commercial premises. Investigators noted that the sequence of events remains under verification.",Registered
FIR0045,CASE045,FIR/2025/045/046,PS-GH-005,2025-12-04,2025-12-03,Procurement Fraud,Amritsar,Old City Market,P0242,P0242,OFF0004,"On 2025-12-03, the complainant reported that an unauthorized transfer occurred from an associated account. During preliminary inquiry, references were made to an individual identified as Rajat Khanna and a vehicle observed near the commercial premises. Investigators noted that the sequence of events remains under verification.",Closed
FIR0046,CASE046,FIR/2025/046/047,PS-BH-020,2025-08-27,2025-08-26,Document Forgery,Lucknow,Railway Colony,P0296,P0296,OFF0010,"On 2025-08-26, the complainant reported that an unauthorized transfer occurred from an associated account. During preliminary inquiry, references were made to an individual identified as Sanjay Arora and a vehicle observed near the commercial premises. Investigators noted that the sequence of events remains under verification.",Closed
FIR0047,CASE047,FIR/2025/047/048,PS-SU-018,2025-07-07,2025-07-06,Identity Fraud,Surat,Housing Board Colony,P0817,,OFF0025,"On 2025-07-06, the complainant reported that an unauthorized transfer occurred from an associated account. During preliminary inquiry, references were made to an individual identified as Siddharth Saxena and a vehicle observed near the commercial premises. Investigators noted that the sequence of events remains under verification.",Closed
FIR0048,CASE048,FIR/2026/048/049,PS-LU-008,2026-04-01,2026-03-31,Missing-person Investigation,Ahmedabad,Old City Market,P0111,P0111,OFF0001,Preliminary inquiry into the matter revealed that Aakash Rawat was in contact with the complainant. A vehicle matching the description of BH-86-IH-0090 was observed near Hotel Model Town Block D Regency. Witnesses gave differing accounts of the timeline.,Registered
FIR0049,CASE049,FIR/2026/049/050,PS-AH-017,2026-01-20,2026-01-19,Robbery Network,Chennai,Phase 27 Industrial Estate,P0896,P0896,OFF0005,Preliminary inquiry into the matter revealed that Neha Rathore was in contact with the complainant. A vehicle matching the description of KA-61-DH-0223 was observed near Commercial Block B Inn. Witnesses gave differing accounts of the timeline.,Closed
FIR0050,CASE050,FIR/2025/050/051,PS-GU-002,2025-06-02,2025-06-01,Insurance Fraud,Dehradun,Transport Nagar,P0630,P0630,OFF0007,Preliminary inquiry into the matter revealed that Yash Chopra was in contact with the complainant. A vehicle matching the description of AG-57-UO-0163 was observed near Old City Market Railway Station. Witnesses gave differing accounts of the timeline.,Under Investigation
FIR0051,CASE051,FIR/2026/051/052,PS-AG-010,2026-02-17,2026-02-16,Courier-based Criminal Network,Lucknow,Model Town Block D,P0201,P0201,OFF0017,Preliminary inquiry into the matter revealed that Ritu Mehta was in contact with the complainant. A vehicle matching the description of LU-95-EB-0187 was observed near Sector 18 Family Restaurant. Witnesses gave differing accounts of the timeline.,Registered
FIR0052,CASE052,FIR/2026/052/053,PS-LU-008,2026-03-21,2026-03-20,Vehicle Theft Network,Indore,Old City Market,P0783,P0783,OFF0020,"The complainant, associated with Grover Group Finance Services, stated that between 2026-03-17 and 2026-03-20 several communications were received. A person locally referred to as Neha Bhatia was reportedly seen near Sector 53 Public Parking shortly before the incident. the sequence of events remains under verification",Registered
FIR0053,CASE052,FIR/2026/052/053,PS-LU-008,2026-03-21,2026-03-20,Vehicle Theft Network,Indore,Old City Market,P0783,P0783,OFF0020,"The complainant, associated with Grover Group Finance Services, stated that between 2026-03-17 and 2026-03-20 several communications were received. A person locally referred to as Neha Bhatia was reportedly seen near Sector 53 Public Parking shortly before the incident. the sequence of events remains under verification",Registered
FIR0054,CASE053,FIR/2026/053/055,PS-BE-022,2026-05-05,2026-05-04,Vehicle Theft Network,Ludhiana,Phase 43 Industrial Estate,P0808,P0808,OFF0023,"On 2026-05-04, the complainant reported that an unauthorized transfer occurred from an associated account. During preliminary inquiry, references were made to an individual identified as Aditya Verma and a vehicle observed near the commercial premises. Investigators noted that the sequence of events remains under verification.",Closed
FIR0055,CASE054,FIR/2026/054/056,PS-AM-013,2026-04-18,2026-04-17,Fake-company Network,Haridwar,Civil Lines,P0287,,OFF0002,"On 2026-04-17, the complainant reported that an unauthorized transfer occurred from an associated account. During preliminary inquiry, references were made to an individual identified as Yash Bhatia and a vehicle observed near the commercial premises. Investigators noted that the sequence of events remains under verification.",Under Investigation
FIR0056,CASE055,FIR/2026/055/057,PS-AG-010,2026-03-03,2026-03-02,Investment Fraud,Surat,Transport Nagar,P0402,P0402,OFF0002,"The complainant, associated with Malhotra Group Finance Services, stated that between 2026-02-27 and 2026-03-02 several communications were received. A person locally referred to as Kajal Sharma was reportedly seen near Railway Colony Warehouse Zone shortly before the incident. the sequence of events remains under verification",Closed
FIR0057,CASE056,FIR/2025/056/058,PS-PU-016,2025-06-16,2025-06-15,Investment Fraud,Amritsar,Civil Lines,P0328,P0328,OFF0009,"The complainant, associated with Joshi & Sons Technologies Pvt Ltd, stated that between 2025-06-12 and 2025-06-15 several communications were received. A person locally referred to as Simran Aggarwal was reportedly seen near Old City Market Inn shortly before the incident. the sequence of events remains under verification",Closed
FIR0058,CASE057,FIR/2026/057/059,PS-GU-002,2026-04-01,2026-03-31,Missing-person Investigation,Surat,Civil Lines,P0714,P0714,OFF0010,"The complainant, associated with Choudhary Group Retail Stores, stated that between 2026-03-28 and 2026-03-31 several communications were received. A person locally referred to as Ravi Nair was reportedly seen near Sector 30 Family Restaurant shortly before the incident. the sequence of events remains under verification",Under Investigation
FIR0059,CASE058,FIR/2025/058/060,PS-RA-026,2025-07-01,2025-06-30,Illegal Goods Distribution,Dehradun,Sector 44,P0771,P0771,OFF0014,Preliminary inquiry into the matter revealed that Tarun Rathore was in contact with the complainant. A vehicle matching the description of BH-37-EM-0246 was observed near Hotel Transport Nagar Regency. Witnesses gave differing accounts of the timeline.,Registered
FIR0060,CASE059,FIR/2025/059/061,PS-DE-001,2025-07-27,2025-07-26,Warehouse Theft,Mumbai,Civil Lines,P0157,P0157,OFF0015,Preliminary inquiry into the matter revealed that Siddharth Kapoor was in contact with the complainant. A vehicle matching the description of GH-99-DO-0019 was observed near Phase 12 Industrial Estate Corporate Plaza. Witnesses gave differing accounts of the timeline.,Under Investigation
FIR0061,CASE060,FIR/2025/060/062,PS-KO-024,2025-07-26,2025-07-25,Fake-company Network,Mumbai,Phase 41 Industrial Estate,P0696,P0696,OFF0003,"On 2025-07-25, the complainant reported that an unauthorized transfer occurred from an associated account. During preliminary inquiry, references were made to an individual identified as Kajal Rawat and a vehicle observed near the commercial premises. Investigators noted that the sequence of events remains under verification.",Registered
FIR0062,CASE061,FIR/2026/061/063,PS-KA-009,2026-06-03,2026-06-02,Robbery Network,Pune,Transport Nagar,P0356,P0356,OFF0018,"The complainant, associated with Mehta Manufacturing Ltd, stated that between 2026-05-30 and 2026-06-02 several communications were received. A person locally referred to as Aditya Chawla was reportedly seen near Model Town Block D Commercial Complex shortly before the incident. the sequence of events remains under verification",Under Investigation
FIR0063,CASE062,FIR/2025/062/064,PS-AG-010,2025-12-29,2025-12-28,Illegal Goods Distribution,Chennai,Railway Colony,P0108,P0108,OFF0013,"The complainant, associated with Sethi Logistics Pvt Ltd, stated that between 2025-12-25 and 2025-12-28 several communications were received. A person locally referred to as Vivek Bansal was reportedly seen near Old City Market Housing Complex shortly before the incident. the sequence of events remains under verification",Under Investigation
FIR0064,CASE063,FIR/2025/063/065,PS-BH-027,2025-11-15,2025-11-14,Organized Theft,Indore,New Township Sector 16,P0189,P0189,OFF0018,Preliminary inquiry into the matter revealed that Nidhi Malhotra was in contact with the complainant. A vehicle matching the description of BE-45-WN-0045 was observed near Phase 1 Industrial Estate Public Parking. Witnesses gave differing accounts of the timeline.,Under Investigation
FIR0065,CASE064,FIR/2025/064/066,PS-PU-016,2025-06-09,2025-06-08,Corporate Fraud,Pune,Housing Board Colony,P0488,P0488,OFF0019,"The complainant, associated with Verma & Sons Constructions Pvt Ltd, stated that between 2025-06-05 and 2025-06-08 several communications were received. A person locally referred to as Ashok Rawat was reportedly seen near Civil Lines Residency shortly before the incident. the sequence of events remains under verification",Closed
FIR0066,CASE065,FIR/2025/065/067,PS-MU-015,2025-07-11,2025-07-10,Illegal Goods Distribution,Jaipur,Sector 5,P0015,,OFF0010,"The complainant, associated with Gupta Group Trading Co, stated that between 2025-07-07 and 2025-07-10 several communications were received. A person locally referred to as Payal Tiwari was reportedly seen near Sector 55 Community Park shortly before the incident. the sequence of events remains under verification",Closed
FIR0067,CASE066,FIR/2025/066/068,PS-AG-010,2025-12-24,2025-12-23,Smuggling-style Network,Amritsar,Housing Board Colony,P0850,,OFF0025,"The complainant, associated with Bhalla Constructions Pvt Ltd, stated that between 2025-12-20 and 2025-12-23 several communications were received. A person locally referred to as Isha Rathore was reportedly seen near Commercial Block B Trade Centre shortly before the incident. the sequence of events remains under verification",Under Investigation
FIR0068,CASE067,FIR/2026/067/069,PS-CH-023,2026-01-11,2026-01-10,Illegal Goods Distribution,Lucknow,Phase 3 Industrial Estate,P0258,P0258,OFF0011,"The complainant, associated with Grover & Sons Technologies Pvt Ltd, stated that between 2026-01-07 and 2026-01-10 several communications were received. A person locally referred to as Sunita Tiwari was reportedly seen near Transport Nagar Business Tower shortly before the incident. the sequence of events remains under verification",Registered
FIR0069,CASE068,FIR/2026/068/070,PS-BH-020,2026-07-07,2026-07-06,Insurance Fraud,Surat,Phase 5 Industrial Estate,P0971,P0971,OFF0006,"The complainant, associated with Tiwari & Sons Manufacturing Ltd, stated that between 2026-07-03 and 2026-07-06 several communications were received. A person locally referred to as Ramesh Bansal was reportedly seen near Phase 27 Industrial Estate Multi-level Parking shortly before the incident. the sequence of events remains under verification",Registered
FIR0070,CASE069,FIR/2025/069/071,PS-DE-001,2025-06-02,2025-06-01,Organized Theft,Haridwar,Railway Colony,P0016,P0016,OFF0022,Preliminary inquiry into the matter revealed that Anil Sharma was in contact with the complainant. A vehicle matching the description of CH-71-YD-0293 was observed near Old City Market Public Ground. Witnesses gave differing accounts of the timeline.,Registered
FIR0071,CASE070,FIR/2025/070/072,PS-AG-010,2025-09-14,2025-09-13,Fake-company Network,Indore,Model Town Block C,P0084,,OFF0002,"On 2025-09-13, the complainant reported that an unauthorized transfer occurred from an associated account. During preliminary inquiry, references were made to an individual identified as Sanjay Rathore and a vehicle observed near the commercial premises. Investigators noted that the sequence of events remains under verification.",Closed
FIR0072,CASE071,FIR/2026/071/073,PS-GH-005,2026-03-30,2026-03-29,Robbery Network,Delhi,Commercial Block D,P0990,P0990,OFF0004,Preliminary inquiry into the matter revealed that Vidya Mehta was in contact with the complainant. A vehicle matching the description of SU-70-JR-0267 was observed near Commercial Block C Warehouse Zone. Witnesses gave differing accounts of the timeline.,Under Investigation
FIR0073,CASE072,FIR/2025/072/074,PS-CH-007,2025-08-26,2025-08-25,Identity Fraud,Indore,Sector 18,P0687,P0687,OFF0008,"On 2025-08-25, the complainant reported that an unauthorized transfer occurred from an associated account. During preliminary inquiry, references were made to an individual identified as Komal Saxena and a vehicle observed near the commercial premises. Investigators noted that the sequence of events remains under verification.",Under Investigation
FIR0074,CASE073,FIR/2026/073/075,PS-PA-025,2026-06-16,2026-06-15,Robbery Network,Ahmedabad,Model Town Block B,P0143,P0143,OFF0002,"On 2026-06-15, the complainant reported that an unauthorized transfer occurred from an associated account. During preliminary inquiry, references were made to an individual identified as Deepak Arora and a vehicle observed near the commercial premises. Investigators noted that the sequence of events remains under verification.",Under Investigation
FIR0075,CASE074,FIR/2025/074/076,PS-DE-001,2025-10-19,2025-10-18,Procurement Fraud,Chennai,Housing Board Colony,P0734,P0734,OFF0021,Preliminary inquiry into the matter revealed that Swati Khanna was in contact with the complainant. A vehicle matching the description of KO-18-AJ-0015 was observed near Commercial Block B Public Ground. Witnesses gave differing accounts of the timeline.,Closed
FIR0076,CASE075,FIR/2026/075/077,PS-CH-023,2026-02-23,2026-02-22,Identity Fraud,Kolkata,Model Town Block C,P0505,P0505,OFF0015,"On 2026-02-22, the complainant reported that an unauthorized transfer occurred from an associated account. During preliminary inquiry, references were made to an individual identified as Manish Bhatia and a vehicle observed near the commercial premises. Investigators noted that the sequence of events remains under verification.",Closed
FIR0077,CASE076,FIR/2026/076/078,PS-KA-009,2026-05-01,2026-04-30,Illegal Goods Distribution,Ghaziabad,Housing Board Colony,P0559,P0559,OFF0016,"The complainant, associated with Bansal & Sons Logistics Pvt Ltd, stated that between 2026-04-27 and 2026-04-30 several communications were received. A person locally referred to as Rohit Kapoor was reportedly seen near Commercial Block B Apartments shortly before the incident. the sequence of events remains under verification",Closed
FIR0078,CASE077,FIR/2025/077/079,PS-CH-007,2025-07-23,2025-07-22,Corporate Fraud,Ranchi,Old City Market,P0876,,OFF0014,"On 2025-07-22, the complainant reported that an unauthorized transfer occurred from an associated account. During preliminary inquiry, references were made to an individual identified as Rohan Sharma and a vehicle observed near the commercial premises. Investigators noted that the sequence of events remains under verification.",Closed
FIR0079,CASE078,FIR/2026/078/080,PS-BH-020,2026-07-12,2026-07-11,Missing-person Investigation,Ghaziabad,Transport Nagar,P0445,P0445,OFF0003,"The complainant, associated with Sethi Finance Services, stated that between 2026-07-08 and 2026-07-11 several communications were received. A person locally referred to as Yash Grover was reportedly seen near Phase 27 Industrial Estate Multi-level Parking shortly before the incident. the sequence of events remains under verification",Closed
FIR0080,CASE079,FIR/2025/079/081,PS-AH-017,2025-12-04,2025-12-03,Robbery Network,Haridwar,Sector 57,P0267,P0267,OFF0005,"On 2025-12-03, the complainant reported that an unauthorized transfer occurred from an associated account. During preliminary inquiry, references were made to an individual identified as Kirti Bhalla and a vehicle observed near the commercial premises. Investigators noted that the sequence of events remains under verification.",Registered
FIR0081,CASE080,FIR/2025/080/082,PS-AH-017,2025-10-21,2025-10-20,Cyber-enabled Fraud,Hyderabad,Commercial Block B,P0643,P0643,OFF0021,"The complainant, associated with Arora Group Finance Services, stated that between 2025-10-17 and 2025-10-20 several communications were received. A person locally referred to as Ashok Kapoor was reportedly seen near Civil Lines Railway Station shortly before the incident. the sequence of events remains under verification",Under Investigation
FIR0082,CASE081,FIR/2025/081/083,PS-CH-007,2025-11-03,2025-11-02,Missing-person Investigation,Ghaziabad,Sector 43,P0562,P0562,OFF0019,Preliminary inquiry into the matter revealed that Divya Arora was in contact with the complainant. A vehicle matching the description of HA-92-PB-0027 was observed near Transport Nagar Inn. Witnesses gave differing accounts of the timeline.,Under Investigation
FIR0083,CASE082,FIR/2025/082/084,PS-FA-003,2025-09-23,2025-09-22,Money-laundering-style Financial Network,Lucknow,New Township Sector 8,P0433,P0433,OFF0013,"On 2025-09-22, the complainant reported that an unauthorized transfer occurred from an associated account. During preliminary inquiry, references were made to an individual identified as Anjali Mishra and a vehicle observed near the commercial premises. Investigators noted that the sequence of events remains under verification.",Registered
FIR0084,CASE082,FIR/2025/082/084,PS-FA-003,2025-09-23,2025-09-22,Money-laundering-style Financial Network,Lucknow,New Township Sector 8,P0433,P0433,OFF0013,"On 2025-09-22, the complainant reported that an unauthorized transfer occurred from an associated account. During preliminary inquiry, references were made to an individual identified as Anjali Mishra and a vehicle observed near the commercial premises. Investigators noted that the sequence of events remains under verification.",Registered
FIR0085,CASE083,FIR/2026/083/086,PS-LU-008,2026-07-05,2026-07-04,Cyber-enabled Fraud,Agra,Model Town Block A,P0278,,OFF0012,"The complainant, associated with Reddy Group Constructions Pvt Ltd, stated that between 2026-07-01 and 2026-07-04 several communications were received. A person locally referred to as R. Sethi was reportedly seen near Phase 19 Industrial Estate Residency shortly before the incident. the sequence of events remains under verification",Registered
FIR0086,CASE084,FIR/2026/084/087,PS-FA-003,2026-06-03,2026-06-02,Extortion,Chandigarh,Commercial Block D,P0575,P0575,OFF0013,"On 2026-06-02, the complainant reported that an unauthorized transfer occurred from an associated account. During preliminary inquiry, references were made to an individual identified as Radha Sharma and a vehicle observed near the commercial premises. Investigators noted that the sequence of events remains under verification.",Under Investigation
FIR0087,CASE085,FIR/2026/085/088,PS-GH-005,2026-05-30,2026-05-29,Robbery Network,Bhubaneswar,Old City Market,P0957,P0957,OFF0004,"The complainant, associated with Aggarwal Group Transport Services, stated that between 2026-05-26 and 2026-05-29 several communications were received. A person locally referred to as Rohan Rawat was reportedly seen near Old City Market Multi-level Parking shortly before the incident. the sequence of events remains under verification",Registered
FIR0088,CASE086,FIR/2026/086/089,PS-CH-023,2026-02-01,2026-01-31,Multi-city Fraud Network,Noida,Phase 52 Industrial Estate,P0513,P0513,OFF0024,"On 2026-01-31, the complainant reported that an unauthorized transfer occurred from an associated account. During preliminary inquiry, references were made to an individual identified as Meera Grover and a vehicle observed near the commercial premises. Investigators noted that the sequence of events remains under verification.",Closed
FIR0089,CASE087,FIR/2025/087/090,PS-KA-009,2025-12-10,2025-12-09,Money-laundering-style Financial Network,Hyderabad,Transport Nagar,P0857,P0857,OFF0003,"On 2025-12-09, the complainant reported that an unauthorized transfer occurred from an associated account. During preliminary inquiry, references were made to an individual identified as Bhavna Nair and a vehicle observed near the commercial premises. Investigators noted that the sequence of events remains under verification.",Under Investigation
FIR0090,CASE088,FIR/2025/088/091,PS-NO-004,2025-06-28,2025-06-27,Smuggling-style Network,Ahmedabad,Civil Lines,P0759,P0759,OFF0016,"On 2025-06-27, the complainant reported that an unauthorized transfer occurred from an associated account. During preliminary inquiry, references were made to an individual identified as Aarti Reddy and a vehicle observed near the commercial premises. Investigators noted that the sequence of events remains under verification.",Closed
FIR0091,CASE089,FIR/2026/089/092,PS-DE-011,2026-04-05,2026-04-04,Document Forgery,Chandigarh,Railway Colony,P0051,P0051,OFF0017,Preliminary inquiry into the matter revealed that Kirti Verma was in contact with the complainant. A vehicle matching the description of BH-20-ZL-0106 was observed near Old City Market Market. Witnesses gave differing accounts of the timeline.,Closed
FIR0092,CASE090,FIR/2026/090/093,PS-BH-020,2026-04-22,2026-04-21,Corporate Fraud,Kolkata,Old City Market,P0376,P0376,OFF0019,"On 2026-04-21, the complainant reported that an unauthorized transfer occurred from an associated account. During preliminary inquiry, references were made to an individual identified as Priya Saxena and a vehicle observed near the commercial premises. Investigators noted that the sequence of events remains under verification.",Registered
FIR0093,CASE091,FIR/2026/091/094,PS-KO-024,2026-01-14,2026-01-13,Cyber-enabled Fraud,Haridwar,Civil Lines,P0738,,OFF0016,"On 2026-01-13, the complainant reported that an unauthorized transfer occurred from an associated account. During preliminary inquiry, references were made to an individual identified as Radha Chawla and a vehicle observed near the commercial premises. Investigators noted that the sequence of events remains under verification.",Registered
FIR0094,CASE091,FIR/2026/091/094,PS-KO-024,2026-01-14,2026-01-13,Cyber-enabled Fraud,Haridwar,Civil Lines,P0738,,OFF0016,"On 2026-01-13, the complainant reported that an unauthorized transfer occurred from an associated account. During preliminary inquiry, references were made to an individual identified as Radha Chawla and a vehicle observed near the commercial premises. Investigators noted that the sequence of events remains under verification.",Registered
FIR0095,CASE092,FIR/2025/092/096,PS-FA-003,2025-10-29,2025-10-28,Document Forgery,Indore,Commercial Block A,P0980,P0980,OFF0014,"On 2025-10-28, the complainant reported that an unauthorized transfer occurred from an associated account. During preliminary inquiry, references were made to an individual identified as Vikram Arora and a vehicle observed near the commercial premises. Investigators noted that the sequence of events remains under verification.",Under Investigation
FIR0096,CASE093,FIR/2025/093/097,PS-HA-012,2025-08-13,2025-08-12,Multi-city Fraud Network,Delhi,New Township Sector 1,P0583,,OFF0020,Preliminary inquiry into the matter revealed that Nikhil Kohli was in contact with the complainant. A vehicle matching the description of BE-77-PY-0116 was observed near Phase 37 Industrial Estate Housing Complex. Witnesses gave differing accounts of the timeline.,Under Investigation
FIR0097,CASE094,FIR/2026/094/098,PS-IN-019,2026-05-19,2026-05-18,Insurance Fraud,Lucknow,New Township Sector 31,P0186,P0186,OFF0016,Preliminary inquiry into the matter revealed that Kavya Pandey was in contact with the complainant. A vehicle matching the description of CH-24-MQ-0156 was observed near Old City Market Market. Witnesses gave differing accounts of the timeline.,Registered
FIR0098,CASE095,FIR/2026/095/099,PS-SU-018,2026-07-21,2026-07-20,Missing-person Investigation,Noida,Transport Nagar,P0125,P0125,OFF0003,"The complainant, associated with Reddy Group Trading Co, stated that between 2026-07-17 and 2026-07-20 several communications were received. A person locally referred to as Priya Pandey was reportedly seen near New Township Sector 54 Warehouse Zone shortly before the incident. the sequence of events remains under verification",Closed
FIR0099,CASE096,FIR/2026/096/100,PS-KO-024,2026-01-18,2026-01-17,Illegal Goods Distribution,Surat,New Township Sector 48,P0546,P0546,OFF0007,"On 2026-01-17, the complainant reported that an unauthorized transfer occurred from an associated account. During preliminary inquiry, references were made to an individual identified as Manju Grover and a vehicle observed near the commercial premises. Investigators noted that the sequence of events remains under verification.",Registered
FIR0100,CASE097,FIR/2026/097/101,PS-KA-009,2026-01-22,2026-01-21,Corporate Fraud,Ahmedabad,New Township Sector 9,P0974,P0974,OFF0019,"Preliminary inquiry into the matter revealed that ""Raju"" was in contact with the complainant. A vehicle matching the description of KO-78-JG-0285 was observed near Model Town Block A Family Restaurant. Witnesses gave differing accounts of the timeline.",Closed
FIR0101,CASE098,FIR/2025/098/102,PS-SU-018,2025-12-15,2025-12-14,Organized Theft,Kanpur,Civil Lines,P0241,P0241,OFF0014,Preliminary inquiry into the matter revealed that Aakash Singh was in contact with the complainant. A vehicle matching the description of SU-31-ZI-0084 was observed near Civil Lines Railway Station. Witnesses gave differing accounts of the timeline.,Under Investigation
FIR0102,CASE099,FIR/2026/099/103,PS-CH-023,2026-06-19,2026-06-18,Extortion,Chennai,Civil Lines,P0457,P0457,OFF0023,"The complainant, associated with Choudhary Transport Services, stated that between 2026-06-15 and 2026-06-18 several communications were received. A person locally referred to as Nikhil Bansal was reportedly seen near Railway Colony Public Parking shortly before the incident. the sequence of events remains under verification",Closed
FIR0103,CASE100,FIR/2026/100/104,PS-SU-018,2026-05-29,2026-05-28,Missing-person Investigation,Ahmedabad,Sector 37,P0643,P0643,OFF0015,"The complainant, associated with Bhatia Group Trading Co, stated that between 2026-05-25 and 2026-05-28 several communications were received. A person locally referred to as Meera Rathore was reportedly seen near Civil Lines Corporate Plaza shortly before the incident. the sequence of events remains under verification",Under Investigation
