sim_id,phone_id,imsi,operator,activation_date
SIM0001,PH0001,4051100000002,Airtel,2023-05-12
SIM0002,PH0002,4051100000003,BSNL,2024-05-18
SIM0003,PH0003,4051100000004,Vi,2022-07-18
SIM0004,PH0004,4051100000005,Vi,2023-08-11
SIM0005,PH0005,4051100000006,BSNL,2020-08-30
SIM0006,PH0006,4051100000007,Vi,2024-12-12
SIM0007,PH0007,4051100000008,Jio,2024-04-24
SIM0008,PH0008,4051100000009,BSNL,2021-03-02
SIM0009,PH0009,4051100000010,Jio,2025-02-22
SIM0010,PH0010,4051100000011,Vi,2025-02-01
SIM0011,PH0011,4051100000012,Airtel,2025-03-03
SIM0012,PH0012,4051100000013,Jio,2024-05-04
SIM0013,PH0013,4051100000014,Jio,2024-06-27
SIM0014,PH0014,4051100000015,Vi,2021-06-20
SIM0015,PH0014,4051100000016,Jio,2020-07-01
SIM0016,PH0015,4051100000017,Jio,2020-11-26
SIM0017,PH0016,4051100000018,BSNL,2021-11-06
SIM0018,PH0016,4051100000019,BSNL,2023-01-12
SIM0019,PH0017,4051100000020,Airtel,2021-08-03
SIM0020,PH0018,4051100000021,Jio,2025-01-05
SIM0021,PH0019,4051100000022,BSNL,2022-05-28
SIM0022,PH0020,4051100000023,Jio,2023-01-27
SIM0023,PH0021,4051100000024,Airtel,2023-10-06
SIM0024,PH0022,4051100000025,BSNL,2020-03-05
SIM0025,PH0022,4051100000026,Jio,2023-08-01
SIM0026,PH0023,4051100000027,Vi,2023-01-25
SIM0027,PH0024,4051100000028,BSNL,2025-02-09
SIM0028,PH0025,4051100000029,BSNL,2021-04-08
SIM0029,PH0025,4051100000030,Vi,2020-08-07
SIM0030,PH0026,4051100000031,Airtel,2023-07-31
SIM0031,PH0027,4051100000032,Jio,2025-01-21
SIM0032,PH0028,4051100000033,Airtel,2021-11-24
SIM0033,PH0029,4051100000034,Vi,2022-09-23
SIM0034,PH0030,4051100000035,Airtel,2024-02-09
SIM0035,PH0031,4051100000036,Airtel,2024-05-11
SIM0036,PH0032,4051100000037,Vi,2023-07-30
SIM0037,PH0033,4051100000038,Jio,2023-04-10
SIM0038,PH0034,4051100000039,Airtel,2024-05-25
SIM0039,PH0035,4051100000040,Jio,2025-01-10
SIM0040,PH0036,4051100000041,BSNL,2025-03-23
SIM0041,PH0037,4051100000042,Airtel,2020-07-07
SIM0042,PH0038,4051100000043,BSNL,2025-01-03
SIM0043,PH0039,4051100000044,Vi,2021-07-12
SIM0044,PH0040,4051100000045,BSNL,2023-05-13
SIM0045,PH0041,4051100000046,BSNL,2024-05-31
SIM0046,PH0042,4051100000047,Jio,2022-04-01
SIM0047,PH0043,4051100000048,Jio,2024-03-04
SIM0048,PH0044,4051100000049,Airtel,2024-02-08
SIM0049,PH0045,4051100000050,Airtel,2022-12-23
SIM0050,PH0046,4051100000051,BSNL,2020-10-08
SIM0051,PH0047,4051100000052,Airtel,2023-07-24
SIM0052,PH0048,4051100000053,Airtel,2022-02-25
SIM0053,PH0049,4051100000054,BSNL,2021-07-19
SIM0054,PH0050,4051100000055,BSNL,2025-02-05
SIM0055,PH0051,4051100000056,BSNL,2021-08-16
SIM0056,PH0052,4051100000057,Vi,2024-07-25
SIM0057,PH0053,4051100000058,Airtel,2022-08-16
SIM0058,PH0054,4051100000059,Jio,2023-06-29
SIM0059,PH0055,4051100000060,Airtel,2021-03-14
SIM0060,PH0056,4051100000061,Airtel,2022-12-21
SIM0061,PH0057,4051100000062,Airtel,2020-03-09
SIM0062,PH0058,4051100000063,Jio,2022-05-09
SIM0063,PH0059,4051100000064,Jio,2021-12-06
SIM0064,PH0060,4051100000065,Jio,2024-06-13
SIM0065,PH0060,4051100000066,Airtel,2021-12-05
SIM0066,PH0061,4051100000067,Vi,2025-03-17
SIM0067,PH0062,4051100000068,Airtel,2021-05-14
SIM0068,PH0063,4051100000069,Jio,2023-11-25
SIM0069,PH0064,4051100000070,Vi,2023-12-03
SIM0070,PH0065,4051100000071,Jio,2021-09-09
SIM0071,PH0066,4051100000072,Jio,2020-07-14
SIM0072,PH0067,4051100000073,Vi,2025-01-25
SIM0073,PH0068,4051100000074,Jio,2022-10-10
SIM0074,PH0069,4051100000075,Vi,2020-05-04
SIM0075,PH0070,4051100000076,Airtel,2023-04-17
SIM0076,PH0071,4051100000077,BSNL,2022-08-27
SIM0077,PH0072,4051100000078,Jio,2022-01-19
SIM0078,PH0073,4051100000079,BSNL,2024-09-25
SIM0079,PH0074,4051100000080,Vi,2024-04-15
SIM0080,PH0075,4051100000081,Airtel,2022-08-24
SIM0081,PH0076,4051100000082,Airtel,2023-04-28
SIM0082,PH0077,4051100000083,Vi,2020-12-31
SIM0083,PH0078,4051100000084,Airtel,2022-06-13
SIM0084,PH0079,4051100000085,Vi,2023-12-28
SIM0085,PH0080,4051100000086,Vi,2020-08-28
SIM0086,PH0081,4051100000087,BSNL,2020-12-27
SIM0087,PH0082,4051100000088,BSNL,2023-11-11
SIM0088,PH0083,4051100000089,BSNL,2023-10-29
SIM0089,PH0084,4051100000090,Airtel,2024-04-22
SIM0090,PH0085,4051100000091,Jio,2021-07-09
SIM0091,PH0086,4051100000092,Vi,2023-12-09
SIM0092,PH0087,4051100000093,Jio,2024-05-14
SIM0093,PH0088,4051100000094,Airtel,2024-08-12
SIM0094,PH0089,4051100000095,BSNL,2023-03-18
SIM0095,PH0090,4051100000096,Vi,2021-11-16
SIM0096,PH0091,4051100000097,BSNL,2024-01-11
SIM0097,PH0092,4051100000098,Jio,2023-07-29
SIM0098,PH0093,4051100000099,Jio,2024-03-10
SIM0099,PH0094,4051100000100,Airtel,2024-06-10
SIM0100,PH0095,4051100000101,Jio,2020-08-09
SIM0101,PH0096,4051100000102,Airtel,2020-04-04
SIM0102,PH0097,4051100000103,BSNL,2024-09-25
SIM0103,PH0098,4051100000104,Jio,2020-01-13
SIM0104,PH0099,4051100000105,Airtel,2024-12-22
SIM0105,PH0100,4051100000106,Vi,2022-11-24
SIM0106,PH0101,4051100000107,Jio,2022-06-12
SIM0107,PH0102,4051100000108,Airtel,2023-05-11
SIM0108,PH0103,4051100000109,Vi,2020-11-26
SIM0109,PH0104,4051100000110,Jio,2025-02-18
SIM0110,PH0105,4051100000111,BSNL,2020-08-01
SIM0111,PH0106,4051100000112,Vi,2022-08-12
SIM0112,PH0106,4051100000113,BSNL,2021-06-06
SIM0113,PH0107,4051100000114,BSNL,2020-06-27
SIM0114,PH0108,4051100000115,Vi,2020-06-14
SIM0115,PH0109,4051100000116,Airtel,2024-11-28
SIM0116,PH0110,4051100000117,Jio,2021-06-27
SIM0117,PH0111,4051100000118,Airtel,2021-07-19
SIM0118,PH0112,4051100000119,Jio,2024-04-14
SIM0119,PH0113,4051100000120,Airtel,2020-05-01
SIM0120,PH0114,4051100000121,Airtel,2020-08-27
SIM0121,PH0114,4051100000122,BSNL,2020-02-13
SIM0122,PH0115,4051100000123,BSNL,2025-04-03
SIM0123,PH0116,4051100000124,Vi,2022-09-27
SIM0124,PH0117,4051100000125,Jio,2023-08-18
SIM0125,PH0118,4051100000126,Jio,2021-06-20
SIM0126,PH0119,4051100000127,Jio,2021-06-09
SIM0127,PH0120,4051100000128,Airtel,2020-09-03
SIM0128,PH0121,4051100000129,Vi,2023-11-02
SIM0129,PH0122,4051100000130,BSNL,2024-01-03
SIM0130,PH0123,4051100000131,Vi,2023-01-30
SIM0131,PH0124,4051100000132,Airtel,2021-02-08
SIM0132,PH0125,4051100000133,Vi,2024-05-01
SIM0133,PH0126,4051100000134,Airtel,2021-09-26
SIM0134,PH0127,4051100000135,Jio,2023-08-27
SIM0135,PH0128,4051100000136,Jio,2024-01-12
SIM0136,PH0129,4051100000137,Jio,2025-06-22
SIM0137,PH0130,4051100000138,Jio,2024-09-13
SIM0138,PH0131,4051100000139,Vi,2023-09-15
SIM0139,PH0132,4051100000140,Jio,2020-09-08
SIM0140,PH0133,4051100000141,BSNL,2020-12-19
SIM0141,PH0134,4051100000142,Jio,2021-07-19
SIM0142,PH0134,4051100000143,Vi,2024-09-30
SIM0143,PH0135,4051100000144,Airtel,2021-11-08
SIM0144,PH0136,4051100000145,BSNL,2022-06-25
SIM0145,PH0137,4051100000146,BSNL,2021-06-12
SIM0146,PH0138,4051100000147,Jio,2024-04-16
SIM0147,PH0139,4051100000148,Jio,2021-06-01
SIM0148,PH0140,4051100000149,Vi,2024-03-07
SIM0149,PH0141,4051100000150,BSNL,2021-03-28
SIM0150,PH0142,4051100000151,Airtel,2024-10-07
SIM0151,PH0143,4051100000152,Jio,2025-03-29
SIM0152,PH0144,4051100000153,Vi,2023-10-13
SIM0153,PH0144,4051100000154,BSNL,2022-12-11
SIM0154,PH0145,4051100000155,BSNL,2024-03-16
SIM0155,PH0146,4051100000156,Jio,2024-05-22
SIM0156,PH0147,4051100000157,Airtel,2021-03-27
SIM0157,PH0148,4051100000158,Vi,2021-05-28
SIM0158,PH0149,4051100000159,Airtel,2024-11-19
SIM0159,PH0150,4051100000160,Vi,2025-02-18
SIM0160,PH0151,4051100000161,Airtel,2024-11-22
SIM0161,PH0152,4051100000162,BSNL,2023-06-03
SIM0162,PH0153,4051100000163,Airtel,2024-05-14
SIM0163,PH0154,4051100000164,Airtel,2020-05-25
SIM0164,PH0155,4051100000165,BSNL,2020-07-20
SIM0165,PH0156,4051100000166,Vi,2023-10-03
SIM0166,PH0157,4051100000167,Jio,2020-01-11
SIM0167,PH0158,4051100000168,BSNL,2024-11-16
SIM0168,PH0159,4051100000169,Jio,2020-07-06
SIM0169,PH0160,4051100000170,Airtel,2024-01-12
SIM0170,PH0161,4051100000171,Vi,2024-07-07
SIM0171,PH0162,4051100000172,BSNL,2020-10-31
SIM0172,PH0163,4051100000173,Vi,2020-05-02
SIM0173,PH0164,4051100000174,Jio,2025-05-11
SIM0174,PH0165,4051100000175,Vi,2024-07-02
SIM0175,PH0166,4051100000176,BSNL,2024-03-23
SIM0176,PH0167,4051100000177,Airtel,2024-01-22
SIM0177,PH0168,4051100000178,Jio,2023-05-20
SIM0178,PH0169,4051100000179,Vi,2024-07-13
SIM0179,PH0170,4051100000180,Jio,2021-05-11
SIM0180,PH0171,4051100000181,Airtel,2020-09-02
SIM0181,PH0172,4051100000182,Airtel,2020-02-18
SIM0182,PH0173,4051100000183,Jio,2021-05-13
SIM0183,PH0174,4051100000184,Jio,2024-08-11
SIM0184,PH0175,4051100000185,Airtel,2022-06-05
SIM0185,PH0176,4051100000186,BSNL,2022-12-10
SIM0186,PH0177,4051100000187,Jio,2023-05-15
SIM0187,PH0178,4051100000188,Vi,2025-01-29
SIM0188,PH0179,4051100000189,Vi,2023-11-23
SIM0189,PH0180,4051100000190,Jio,2020-08-26
SIM0190,PH0181,4051100000191,BSNL,2020-06-13
SIM0191,PH0182,4051100000192,Airtel,2024-08-22
SIM0192,PH0183,4051100000193,BSNL,2023-06-15
SIM0193,PH0184,4051100000194,Vi,2025-06-21
SIM0194,PH0185,4051100000195,Vi,2023-07-09
SIM0195,PH0186,4051100000196,Jio,2023-02-02
SIM0196,PH0187,4051100000197,Airtel,2024-07-17
SIM0197,PH0188,4051100000198,Jio,2023-05-01
SIM0198,PH0189,4051100000199,Airtel,2022-08-04
SIM0199,PH0190,4051100000200,BSNL,2024-12-04
SIM0200,PH0191,4051100000201,BSNL,2021-04-01
SIM0201,PH0192,4051100000202,Airtel,2023-03-17
SIM0202,PH0193,4051100000203,Airtel,2024-05-25
SIM0203,PH0194,4051100000204,Jio,2020-10-23
SIM0204,PH0195,4051100000205,Airtel,2022-05-21
SIM0205,PH0196,4051100000206,BSNL,2022-02-20
SIM0206,PH0197,4051100000207,BSNL,2020-09-24
SIM0207,PH0198,4051100000208,Vi,2025-03-27
SIM0208,PH0199,4051100000209,Vi,2023-08-08
SIM0209,PH0200,4051100000210,BSNL,2022-12-21
SIM0210,PH0201,4051100000211,Airtel,2022-12-20
SIM0211,PH0202,4051100000212,BSNL,2020-02-22
SIM0212,PH0203,4051100000213,Jio,2020-12-02
SIM0213,PH0204,4051100000214,Vi,2022-06-03
SIM0214,PH0205,4051100000215,Vi,2020-06-28
SIM0215,PH0206,4051100000216,Airtel,2023-07-22
SIM0216,PH0207,4051100000217,BSNL,2024-12-03
SIM0217,PH0208,4051100000218,BSNL,2023-04-17
SIM0218,PH0209,4051100000219,Jio,2025-03-10
SIM0219,PH0210,4051100000220,BSNL,2024-07-15
SIM0220,PH0211,4051100000221,BSNL,2024-04-27
SIM0221,PH0212,4051100000222,Jio,2022-11-17
SIM0222,PH0212,4051100000223,Jio,2022-07-06
SIM0223,PH0213,4051100000224,Vi,2022-04-07
SIM0224,PH0214,4051100000225,Airtel,2020-06-05
SIM0225,PH0215,4051100000226,BSNL,2020-04-10
SIM0226,PH0216,4051100000227,Airtel,2022-09-28
SIM0227,PH0217,4051100000228,BSNL,2023-01-21
SIM0228,PH0218,4051100000229,Airtel,2021-11-09
SIM0229,PH0219,4051100000230,Vi,2020-04-27
SIM0230,PH0220,4051100000231,Airtel,2024-05-01
SIM0231,PH0221,4051100000232,Jio,2020-09-11
SIM0232,PH0222,4051100000233,BSNL,2020-03-26
SIM0233,PH0223,4051100000234,BSNL,2022-11-09
SIM0234,PH0224,4051100000235,Vi,2022-02-08
SIM0235,PH0225,4051100000236,Airtel,2023-09-15
SIM0236,PH0226,4051100000237,Jio,2023-05-28
SIM0237,PH0227,4051100000238,BSNL,2024-02-16
SIM0238,PH0228,4051100000239,Jio,2020-02-11
SIM0239,PH0229,4051100000240,Jio,2024-09-01
SIM0240,PH0230,4051100000241,Airtel,2020-08-22
SIM0241,PH0231,4051100000242,Vi,2024-02-18
SIM0242,PH0232,4051100000243,Airtel,2020-05-09
SIM0243,PH0233,4051100000244,Vi,2021-02-27
SIM0244,PH0234,4051100000245,BSNL,2020-06-18
SIM0245,PH0234,4051100000246,Jio,2020-06-11
SIM0246,PH0235,4051100000247,BSNL,2023-01-12
SIM0247,PH0236,4051100000248,Vi,2020-10-03
SIM0248,PH0237,4051100000249,BSNL,2022-01-07
SIM0249,PH0238,4051100000250,Jio,2021-12-06
SIM0250,PH0239,4051100000251,Vi,2022-04-20
SIM0251,PH0240,4051100000252,BSNL,2020-05-17
SIM0252,PH0241,4051100000253,BSNL,2020-03-13
SIM0253,PH0242,4051100000254,Vi,2022-10-19
SIM0254,PH0243,4051100000255,Jio,2025-05-15
SIM0255,PH0244,4051100000256,Airtel,2022-11-24
SIM0256,PH0245,4051100000257,Vi,2020-10-30
SIM0257,PH0246,4051100000258,Vi,2022-08-06
SIM0258,PH0246,4051100000259,BSNL,2020-02-21
SIM0259,PH0247,4051100000260,Vi,2023-01-28
SIM0260,PH0247,4051100000261,BSNL,2022-11-16
SIM0261,PH0248,4051100000262,Vi,2020-03-22
SIM0262,PH0249,4051100000263,BSNL,2022-05-30
SIM0263,PH0250,4051100000264,Airtel,2024-03-15
SIM0264,PH0251,4051100000265,BSNL,2022-03-14
SIM0265,PH0252,4051100000266,Airtel,2020-02-22
SIM0266,PH0253,4051100000267,Jio,2025-01-09
SIM0267,PH0254,4051100000268,Vi,2021-11-05
SIM0268,PH0255,4051100000269,BSNL,2023-05-09
SIM0269,PH0256,4051100000270,Jio,2021-08-15
SIM0270,PH0257,4051100000271,Airtel,2021-08-19
SIM0271,PH0258,4051100000272,Airtel,2024-06-09
SIM0272,PH0259,4051100000273,Jio,2024-01-05
SIM0273,PH0260,4051100000274,Jio,2020-11-01
SIM0274,PH0261,4051100000275,Jio,2020-12-24
SIM0275,PH0262,4051100000276,BSNL,2023-02-27
SIM0276,PH0263,4051100000277,BSNL,2024-02-26
SIM0277,PH0264,4051100000278,BSNL,2020-03-02
SIM0278,PH0265,4051100000279,Vi,2024-11-26
SIM0279,PH0266,4051100000280,Airtel,2024-02-24
SIM0280,PH0267,4051100000281,Vi,2024-08-18
SIM0281,PH0268,4051100000282,Airtel,2023-01-27
SIM0282,PH0269,4051100000283,Vi,2024-05-04
SIM0283,PH0269,4051100000284,Jio,2022-06-01
SIM0284,PH0270,4051100000285,Jio,2024-06-08
SIM0285,PH0271,4051100000286,BSNL,2023-05-04
SIM0286,PH0272,4051100000287,Jio,2023-09-26
SIM0287,PH0273,4051100000288,Vi,2024-07-22
SIM0288,PH0274,4051100000289,Airtel,2023-01-12
SIM0289,PH0275,4051100000290,BSNL,2023-10-14
SIM0290,PH0276,4051100000291,Airtel,2023-01-10
SIM0291,PH0277,4051100000292,Airtel,2024-05-08
SIM0292,PH0278,4051100000293,Airtel,2021-12-24
SIM0293,PH0279,4051100000294,Vi,2020-09-26
SIM0294,PH0280,4051100000295,Airtel,2024-09-02
SIM0295,PH0281,4051100000296,BSNL,2020-02-12
SIM0296,PH0282,4051100000297,Jio,2020-07-10
SIM0297,PH0283,4051100000298,Jio,2024-04-30
SIM0298,PH0284,4051100000299,Jio,2021-12-22
SIM0299,PH0285,4051100000300,BSNL,2025-04-27
SIM0300,PH0286,4051100000301,Jio,2023-12-23
SIM0301,PH0287,4051100000302,Jio,2023-01-17
SIM0302,PH0288,4051100000303,Vi,2020-03-17
SIM0303,PH0288,4051100000304,BSNL,2021-05-23
SIM0304,PH0289,4051100000305,Jio,2024-03-25
SIM0305,PH0290,4051100000306,Vi,2024-01-28
SIM0306,PH0291,4051100000307,BSNL,2023-01-03
SIM0307,PH0292,4051100000308,Vi,2020-03-20
SIM0308,PH0293,4051100000309,Vi,2020-04-16
SIM0309,PH0294,4051100000310,Airtel,2022-11-26
SIM0310,PH0295,4051100000311,BSNL,2024-09-07
SIM0311,PH0295,4051100000312,Vi,2020-02-16
SIM0312,PH0296,4051100000313,Airtel,2023-08-28
SIM0313,PH0297,4051100000314,BSNL,2022-02-02
SIM0314,PH0298,4051100000315,Vi,2020-12-07
SIM0315,PH0299,4051100000316,BSNL,2020-08-27
SIM0316,PH0300,4051100000317,BSNL,2020-08-26
SIM0317,PH0301,4051100000318,BSNL,2020-08-05
SIM0318,PH0302,4051100000319,BSNL,2020-04-14
SIM0319,PH0303,4051100000320,Airtel,2020-07-17
SIM0320,PH0303,4051100000321,Vi,2025-01-07
SIM0321,PH0304,4051100000322,BSNL,2021-08-31
SIM0322,PH0305,4051100000323,BSNL,2023-10-12
SIM0323,PH0306,4051100000324,Jio,2020-12-01
SIM0324,PH0307,4051100000325,BSNL,2025-04-20
SIM0325,PH0307,4051100000326,Jio,2024-12-07
SIM0326,PH0308,4051100000327,Airtel,2021-08-01
SIM0327,PH0309,4051100000328,Vi,2022-04-12
SIM0328,PH0310,4051100000329,BSNL,2025-06-22
SIM0329,PH0310,4051100000330,Jio,2023-05-09
SIM0330,PH0311,4051100000331,Jio,2022-10-26
SIM0331,PH0312,4051100000332,Airtel,2020-10-05
SIM0332,PH0312,4051100000333,BSNL,2024-12-10
SIM0333,PH0313,4051100000334,Airtel,2021-08-23
SIM0334,PH0314,4051100000335,Jio,2020-04-16
SIM0335,PH0315,4051100000336,Airtel,2023-08-05
SIM0336,PH0316,4051100000337,Vi,2023-07-25
SIM0337,PH0317,4051100000338,Vi,2024-08-05
SIM0338,PH0318,4051100000339,Airtel,2025-05-07
SIM0339,PH0319,4051100000340,Jio,2022-01-15
SIM0340,PH0320,4051100000341,Jio,2023-05-04
SIM0341,PH0321,4051100000342,Airtel,2022-04-15
SIM0342,PH0322,4051100000343,Jio,2024-06-25
SIM0343,PH0323,4051100000344,Jio,2021-12-28
SIM0344,PH0324,4051100000345,Vi,2021-01-25
SIM0345,PH0325,4051100000346,Vi,2023-01-07
SIM0346,PH0326,4051100000347,Airtel,2022-06-26
SIM0347,PH0327,4051100000348,Vi,2022-07-05
SIM0348,PH0328,4051100000349,Airtel,2023-06-23
SIM0349,PH0329,4051100000350,Airtel,2023-04-04
SIM0350,PH0330,4051100000351,Vi,2020-03-16
SIM0351,PH0331,4051100000352,Jio,2023-06-14
SIM0352,PH0332,4051100000353,BSNL,2024-03-09
SIM0353,PH0333,4051100000354,Vi,2020-07-24
SIM0354,PH0334,4051100000355,BSNL,2020-08-26
SIM0355,PH0335,4051100000356,Vi,2020-10-29
SIM0356,PH0336,4051100000357,BSNL,2023-10-03
SIM0357,PH0337,4051100000358,Vi,2023-01-10
SIM0358,PH0338,4051100000359,Vi,2024-02-03
SIM0359,PH0339,4051100000360,BSNL,2021-08-02
SIM0360,PH0340,4051100000361,Vi,2022-07-23
SIM0361,PH0341,4051100000362,Vi,2024-06-26
SIM0362,PH0342,4051100000363,Jio,2021-05-14
SIM0363,PH0343,4051100000364,Vi,2020-09-28
SIM0364,PH0344,4051100000365,Vi,2020-06-27
SIM0365,PH0345,4051100000366,Jio,2023-12-24
SIM0366,PH0346,4051100000367,BSNL,2023-11-06
SIM0367,PH0347,4051100000368,Jio,2025-02-09
SIM0368,PH0348,4051100000369,Vi,2022-08-29
SIM0369,PH0349,4051100000370,Airtel,2022-07-14
SIM0370,PH0350,4051100000371,Jio,2022-07-22
SIM0371,PH0351,4051100000372,BSNL,2020-02-14
SIM0372,PH0352,4051100000373,Airtel,2024-09-25
SIM0373,PH0353,4051100000374,BSNL,2022-09-21
SIM0374,PH0354,4051100000375,BSNL,2020-01-12
SIM0375,PH0355,4051100000376,Vi,2020-11-29
SIM0376,PH0356,4051100000377,Jio,2020-01-10
SIM0377,PH0357,4051100000378,Jio,2023-03-18
SIM0378,PH0358,4051100000379,BSNL,2021-01-13
SIM0379,PH0359,4051100000380,Jio,2020-06-07
SIM0380,PH0360,4051100000381,Airtel,2023-09-17
SIM0381,PH0361,4051100000382,Jio,2025-05-01
SIM0382,PH0362,4051100000383,Jio,2021-12-06
SIM0383,PH0362,4051100000384,BSNL,2020-02-29
SIM0384,PH0363,4051100000385,Jio,2022-07-10
SIM0385,PH0364,4051100000386,Airtel,2020-01-28
SIM0386,PH0365,4051100000387,Jio,2024-03-14
SIM0387,PH0366,4051100000388,Vi,2022-06-20
SIM0388,PH0367,4051100000389,Jio,2020-04-06
SIM0389,PH0367,4051100000390,Airtel,2021-12-04
SIM0390,PH0368,4051100000391,BSNL,2021-08-06
SIM0391,PH0369,4051100000392,Airtel,2022-08-04
SIM0392,PH0370,4051100000393,Jio,2022-04-24
SIM0393,PH0371,4051100000394,Airtel,2022-12-22
SIM0394,PH0372,4051100000395,Vi,2023-06-07
SIM0395,PH0373,4051100000396,Jio,2023-04-16
SIM0396,PH0374,4051100000397,Airtel,2022-08-11
SIM0397,PH0375,4051100000398,Jio,2021-04-29
SIM0398,PH0376,4051100000399,Jio,2020-11-06
SIM0399,PH0377,4051100000400,Airtel,2024-07-03
SIM0400,PH0378,4051100000401,Airtel,2022-07-05
SIM0401,PH0379,4051100000402,Airtel,2022-06-23
SIM0402,PH0380,4051100000403,Vi,2022-07-18
SIM0403,PH0381,4051100000404,Jio,2020-05-20
SIM0404,PH0381,4051100000405,Airtel,2023-03-12
SIM0405,PH0382,4051100000406,BSNL,2022-08-07
SIM0406,PH0383,4051100000407,Airtel,2023-11-01
SIM0407,PH0384,4051100000408,Jio,2022-10-22
SIM0408,PH0385,4051100000409,BSNL,2021-03-22
SIM0409,PH0386,4051100000410,Jio,2020-05-09
SIM0410,PH0387,4051100000411,Jio,2025-06-01
SIM0411,PH0388,4051100000412,Airtel,2023-02-09
SIM0412,PH0389,4051100000413,Jio,2024-11-09
SIM0413,PH0390,4051100000414,Jio,2021-11-27
SIM0414,PH0391,4051100000415,Vi,2021-10-15
SIM0415,PH0392,4051100000416,BSNL,2023-12-11
SIM0416,PH0393,4051100000417,BSNL,2024-03-01
SIM0417,PH0394,4051100000418,BSNL,2023-08-27
SIM0418,PH0395,4051100000419,Vi,2021-02-09
SIM0419,PH0396,4051100000420,Jio,2025-03-22
SIM0420,PH0397,4051100000421,BSNL,2020-03-09
SIM0421,PH0398,4051100000422,BSNL,2022-10-10
SIM0422,PH0399,4051100000423,BSNL,2020-07-20
SIM0423,PH0400,4051100000424,Vi,2020-05-02
SIM0424,PH0401,4051100000425,Airtel,2021-01-04
SIM0425,PH0402,4051100000426,BSNL,2024-03-13
SIM0426,PH0403,4051100000427,Jio,2023-12-30
SIM0427,PH0404,4051100000428,Airtel,2023-04-03
SIM0428,PH0405,4051100000429,Vi,2020-08-21
SIM0429,PH0406,4051100000430,Airtel,2022-05-17
SIM0430,PH0407,4051100000431,Vi,2021-07-20
SIM0431,PH0408,4051100000432,Jio,2025-01-28
SIM0432,PH0409,4051100000433,BSNL,2022-04-17
SIM0433,PH0410,4051100000434,BSNL,2023-03-20
SIM0434,PH0411,4051100000435,Jio,2021-05-23
SIM0435,PH0411,4051100000436,BSNL,2023-08-13
SIM0436,PH0412,4051100000437,Jio,2023-01-16
SIM0437,PH0413,4051100000438,BSNL,2020-08-28
SIM0438,PH0414,4051100000439,Jio,2022-04-02
SIM0439,PH0415,4051100000440,BSNL,2022-05-08
SIM0440,PH0415,4051100000441,BSNL,2024-07-12
SIM0441,PH0416,4051100000442,BSNL,2021-01-28
SIM0442,PH0416,4051100000443,Jio,2022-10-24
SIM0443,PH0417,4051100000444,BSNL,2022-03-20
SIM0444,PH0418,4051100000445,BSNL,2022-05-12
SIM0445,PH0419,4051100000446,Airtel,2021-05-20
SIM0446,PH0420,4051100000447,Vi,2024-01-12
SIM0447,PH0421,4051100000448,BSNL,2025-04-15
SIM0448,PH0422,4051100000449,Jio,2023-10-13
SIM0449,PH0423,4051100000450,Airtel,2025-01-06
SIM0450,PH0424,4051100000451,BSNL,2023-10-01
SIM0451,PH0425,4051100000452,Airtel,2023-07-29
SIM0452,PH0426,4051100000453,BSNL,2022-03-17
SIM0453,PH0427,4051100000454,BSNL,2024-07-18
SIM0454,PH0428,4051100000455,Vi,2025-03-03
SIM0455,PH0429,4051100000456,Jio,2022-08-15
SIM0456,PH0430,4051100000457,Jio,2023-10-21
SIM0457,PH0431,4051100000458,Vi,2024-05-20
SIM0458,PH0432,4051100000459,BSNL,2025-06-13
SIM0459,PH0433,4051100000460,Jio,2025-01-21
SIM0460,PH0434,4051100000461,Jio,2022-01-31
SIM0461,PH0435,4051100000462,BSNL,2025-01-16
SIM0462,PH0436,4051100000463,Airtel,2025-05-01
SIM0463,PH0437,4051100000464,Airtel,2025-03-24
SIM0464,PH0438,4051100000465,BSNL,2020-03-15
SIM0465,PH0439,4051100000466,Jio,2022-04-03
SIM0466,PH0440,4051100000467,Airtel,2024-04-20
SIM0467,PH0441,4051100000468,Airtel,2020-02-22
SIM0468,PH0442,4051100000469,Vi,2020-04-29
SIM0469,PH0443,4051100000470,BSNL,2024-05-06
SIM0470,PH0444,4051100000471,Jio,2022-11-17
SIM0471,PH0444,4051100000472,Vi,2021-03-11
SIM0472,PH0445,4051100000473,Jio,2022-12-18
SIM0473,PH0446,4051100000474,Airtel,2022-01-03
SIM0474,PH0447,4051100000475,Airtel,2024-12-20
SIM0475,PH0448,4051100000476,BSNL,2022-01-30
SIM0476,PH0449,4051100000477,BSNL,2024-06-24
SIM0477,PH0450,4051100000478,Jio,2020-11-25
SIM0478,PH0451,4051100000479,BSNL,2025-03-03
SIM0479,PH0452,4051100000480,Airtel,2025-01-18
SIM0480,PH0453,4051100000481,Jio,2023-12-04
SIM0481,PH0454,4051100000482,Airtel,2020-09-20
SIM0482,PH0455,4051100000483,Jio,2023-05-10
SIM0483,PH0456,4051100000484,Airtel,2022-06-28
SIM0484,PH0457,4051100000485,BSNL,2021-09-23
SIM0485,PH0458,4051100000486,Jio,2022-04-29
SIM0486,PH0459,4051100000487,Jio,2025-04-11
SIM0487,PH0460,4051100000488,Jio,2020-03-28
SIM0488,PH0461,4051100000489,BSNL,2022-06-16
SIM0489,PH0462,4051100000490,Jio,2023-05-06
SIM0490,PH0463,4051100000491,Airtel,2021-07-30
SIM0491,PH0464,4051100000492,BSNL,2023-01-09
SIM0492,PH0465,4051100000493,Airtel,2023-04-28
SIM0493,PH0466,4051100000494,Vi,2023-03-28
SIM0494,PH0467,4051100000495,Airtel,2023-07-05
SIM0495,PH0467,4051100000496,Jio,2021-06-28
SIM0496,PH0468,4051100000497,Vi,2021-06-16
SIM0497,PH0469,4051100000498,Airtel,2022-09-20
SIM0498,PH0470,4051100000499,Jio,2024-01-11
SIM0499,PH0471,4051100000500,Vi,2023-01-20
SIM0500,PH0472,4051100000501,Vi,2021-02-17
SIM0501,PH0473,4051100000502,Jio,2024-05-04
SIM0502,PH0474,4051100000503,BSNL,2022-01-06
SIM0503,PH0475,4051100000504,Airtel,2024-03-10
SIM0504,PH0476,4051100000505,Vi,2023-04-30
SIM0505,PH0477,4051100000506,Airtel,2021-03-06
SIM0506,PH0478,4051100000507,Vi,2022-08-10
SIM0507,PH0479,4051100000508,Vi,2020-01-31
SIM0508,PH0480,4051100000509,Vi,2024-06-21
SIM0509,PH0481,4051100000510,BSNL,2020-10-12
SIM0510,PH0482,4051100000511,Jio,2020-07-13
SIM0511,PH0483,4051100000512,Jio,2025-03-11
SIM0512,PH0484,4051100000513,Airtel,2020-04-22
SIM0513,PH0485,4051100000514,Airtel,2022-09-27
SIM0514,PH0486,4051100000515,Airtel,2023-06-30
SIM0515,PH0487,4051100000516,Airtel,2020-01-19
SIM0516,PH0488,4051100000517,BSNL,2025-06-12
SIM0517,PH0489,4051100000518,Vi,2021-08-25
SIM0518,PH0490,4051100000519,Vi,2022-08-09
SIM0519,PH0491,4051100000520,BSNL,2022-01-11
SIM0520,PH0492,4051100000521,Jio,2024-07-15
SIM0521,PH0493,4051100000522,Airtel,2021-02-04
SIM0522,PH0494,4051100000523,Airtel,2021-04-27
SIM0523,PH0495,4051100000524,BSNL,2025-05-21
SIM0524,PH0496,4051100000525,Vi,2023-07-02
SIM0525,PH0497,4051100000526,BSNL,2024-11-19
SIM0526,PH0498,4051100000527,BSNL,2023-07-26
SIM0527,PH0499,4051100000528,Vi,2025-01-16
SIM0528,PH0500,4051100000529,Vi,2023-03-17
SIM0529,PH0501,4051100000530,Jio,2025-04-30
SIM0530,PH0502,4051100000531,Jio,2025-03-26
SIM0531,PH0503,4051100000532,Vi,2020-12-24
SIM0532,PH0504,4051100000533,Vi,2021-06-29
SIM0533,PH0505,4051100000534,Vi,2022-07-25
SIM0534,PH0506,4051100000535,Jio,2024-06-11
SIM0535,PH0507,4051100000536,Jio,2021-02-27
SIM0536,PH0508,4051100000537,Airtel,2020-10-07
SIM0537,PH0509,4051100000538,Vi,2022-09-05
SIM0538,PH0510,4051100000539,Airtel,2024-07-29
SIM0539,PH0511,4051100000540,Jio,2020-05-20
SIM0540,PH0512,4051100000541,Jio,2025-06-18
SIM0541,PH0513,4051100000542,BSNL,2024-11-30
SIM0542,PH0514,4051100000543,Airtel,2021-12-26
SIM0543,PH0515,4051100000544,Jio,2022-12-17
SIM0544,PH0516,4051100000545,BSNL,2025-05-16
SIM0545,PH0517,4051100000546,Airtel,2024-10-20
SIM0546,PH0518,4051100000547,Vi,2024-02-24
SIM0547,PH0519,4051100000548,Jio,2024-10-16
SIM0548,PH0520,4051100000549,Jio,2020-08-13
SIM0549,PH0521,4051100000550,BSNL,2025-02-04
SIM0550,PH0522,4051100000551,Vi,2023-11-07
SIM0551,PH0523,4051100000552,BSNL,2020-02-07
SIM0552,PH0524,4051100000553,Jio,2022-10-08
SIM0553,PH0525,4051100000554,Airtel,2024-06-14
SIM0554,PH0526,4051100000555,Jio,2024-09-10
SIM0555,PH0527,4051100000556,Airtel,2024-10-03
SIM0556,PH0528,4051100000557,Vi,2020-02-12
SIM0557,PH0529,4051100000558,Airtel,2022-08-12
SIM0558,PH0530,4051100000559,BSNL,2020-07-21
SIM0559,PH0531,4051100000560,BSNL,2023-12-29
SIM0560,PH0532,4051100000561,Airtel,2021-01-06
SIM0561,PH0533,4051100000562,Jio,2022-01-23
SIM0562,PH0534,4051100000563,Jio,2023-12-01
SIM0563,PH0535,4051100000564,BSNL,2025-02-19
SIM0564,PH0536,4051100000565,BSNL,2020-11-29
SIM0565,PH0537,4051100000566,Jio,2021-06-13
SIM0566,PH0538,4051100000567,BSNL,2024-06-17
SIM0567,PH0539,4051100000568,BSNL,2021-08-23
SIM0568,PH0539,4051100000569,Jio,2022-12-10
SIM0569,PH0540,4051100000570,Jio,2024-09-12
SIM0570,PH0541,4051100000571,BSNL,2024-08-08
SIM0571,PH0541,4051100000572,Jio,2022-08-26
SIM0572,PH0542,4051100000573,Vi,2021-04-11
SIM0573,PH0543,4051100000574,Airtel,2020-09-09
SIM0574,PH0544,4051100000575,Vi,2024-02-08
SIM0575,PH0545,4051100000576,Vi,2023-06-09
SIM0576,PH0546,4051100000577,Airtel,2023-01-12
SIM0577,PH0547,4051100000578,Vi,2024-03-05
SIM0578,PH0547,4051100000579,Airtel,2022-12-15
SIM0579,PH0548,4051100000580,Jio,2020-07-31
SIM0580,PH0549,4051100000581,BSNL,2022-12-30
SIM0581,PH0550,4051100000582,BSNL,2020-09-05
SIM0582,PH0551,4051100000583,Vi,2024-12-12
SIM0583,PH0552,4051100000584,Vi,2022-01-24
SIM0584,PH0553,4051100000585,BSNL,2024-10-20
SIM0585,PH0554,4051100000586,Airtel,2022-08-15
SIM0586,PH0555,4051100000587,Jio,2022-12-28
SIM0587,PH0556,4051100000588,Airtel,2025-05-19
SIM0588,PH0557,4051100000589,Airtel,2022-01-11
SIM0589,PH0558,4051100000590,BSNL,2022-10-16
SIM0590,PH0559,4051100000591,BSNL,2020-01-18
SIM0591,PH0560,4051100000592,Jio,2024-03-22
SIM0592,PH0561,4051100000593,Vi,2020-03-24
SIM0593,PH0562,4051100000594,Vi,2022-12-30
SIM0594,PH0563,4051100000595,Airtel,2023-11-19
SIM0595,PH0564,4051100000596,Jio,2020-01-23
SIM0596,PH0565,4051100000597,Jio,2024-06-17
SIM0597,PH0566,4051100000598,Jio,2022-04-15
SIM0598,PH0567,4051100000599,Jio,2023-04-23
SIM0599,PH0568,4051100000600,Vi,2025-01-28
SIM0600,PH0569,4051100000601,BSNL,2020-06-02
SIM0601,PH0570,4051100000602,Airtel,2021-08-21
SIM0602,PH0571,4051100000603,Jio,2020-10-22
SIM0603,PH0572,4051100000604,Vi,2020-12-02
SIM0604,PH0573,4051100000605,Vi,2020-12-24
SIM0605,PH0574,4051100000606,BSNL,2021-12-09
SIM0606,PH0575,4051100000607,Airtel,2023-04-21
SIM0607,PH0576,4051100000608,BSNL,2022-10-06
SIM0608,PH0577,4051100000609,Airtel,2023-04-08
SIM0609,PH0578,4051100000610,BSNL,2023-07-29
SIM0610,PH0579,4051100000611,BSNL,2021-10-14
SIM0611,PH0580,4051100000612,BSNL,2022-04-17
SIM0612,PH0581,4051100000613,Airtel,2020-06-24
SIM0613,PH0582,4051100000614,Airtel,2023-06-08
SIM0614,PH0583,4051100000615,Jio,2020-08-07
SIM0615,PH0584,4051100000616,Airtel,2020-05-13
SIM0616,PH0585,4051100000617,BSNL,2024-04-01
SIM0617,PH0586,4051100000618,Airtel,2024-02-05
SIM0618,PH0587,4051100000619,Jio,2023-07-12
SIM0619,PH0588,4051100000620,BSNL,2025-01-26
SIM0620,PH0589,4051100000621,BSNL,2021-10-04
SIM0621,PH0590,4051100000622,Jio,2023-09-20
SIM0622,PH0591,4051100000623,Jio,2024-02-22
SIM0623,PH0592,4051100000624,Vi,2023-06-24
SIM0624,PH0593,4051100000625,Jio,2023-08-19
SIM0625,PH0594,4051100000626,BSNL,2025-06-20
SIM0626,PH0595,4051100000627,Jio,2022-07-19
SIM0627,PH0596,4051100000628,Airtel,2024-04-15
SIM0628,PH0597,4051100000629,BSNL,2022-04-28
SIM0629,PH0598,4051100000630,BSNL,2022-11-14
SIM0630,PH0599,4051100000631,Airtel,2025-01-18
SIM0631,PH0600,4051100000632,Airtel,2024-07-04
SIM0632,PH0601,4051100000633,Vi,2020-09-19
SIM0633,PH0602,4051100000634,BSNL,2020-12-18
SIM0634,PH0603,4051100000635,BSNL,2023-01-20
SIM0635,PH0604,4051100000636,Airtel,2025-04-21
SIM0636,PH0605,4051100000637,Airtel,2020-09-27
SIM0637,PH0606,4051100000638,Airtel,2022-09-22
SIM0638,PH0607,4051100000639,BSNL,2024-09-07
SIM0639,PH0608,4051100000640,Jio,2023-03-04
SIM0640,PH0609,4051100000641,Airtel,2022-03-17
SIM0641,PH0610,4051100000642,Jio,2021-10-15
SIM0642,PH0611,4051100000643,Vi,2022-04-04
SIM0643,PH0612,4051100000644,Jio,2024-02-06
SIM0644,PH0613,4051100000645,Jio,2023-11-24
SIM0645,PH0614,4051100000646,Vi,2025-05-06
SIM0646,PH0615,4051100000647,Jio,2022-03-18
SIM0647,PH0616,4051100000648,Jio,2022-02-19
SIM0648,PH0617,4051100000649,BSNL,2021-01-27
SIM0649,PH0618,4051100000650,Vi,2021-05-30
SIM0650,PH0619,4051100000651,Airtel,2023-06-09
SIM0651,PH0620,4051100000652,Jio,2025-05-19
SIM0652,PH0621,4051100000653,Jio,2023-10-26
SIM0653,PH0622,4051100000654,Jio,2021-08-07
SIM0654,PH0623,4051100000655,BSNL,2022-07-19
SIM0655,PH0624,4051100000656,Airtel,2023-09-27
SIM0656,PH0625,4051100000657,Jio,2020-03-02
SIM0657,PH0626,4051100000658,BSNL,2020-03-21
SIM0658,PH0627,4051100000659,Jio,2021-03-09
SIM0659,PH0628,4051100000660,Jio,2022-02-23
SIM0660,PH0628,4051100000661,BSNL,2022-04-18
SIM0661,PH0629,4051100000662,Airtel,2021-01-03
SIM0662,PH0630,4051100000663,BSNL,2020-08-15
SIM0663,PH0631,4051100000664,Vi,2024-11-07
SIM0664,PH0632,4051100000665,Vi,2023-12-15
SIM0665,PH0633,4051100000666,BSNL,2022-02-19
SIM0666,PH0634,4051100000667,BSNL,2024-03-31
SIM0667,PH0635,4051100000668,Airtel,2021-06-17
SIM0668,PH0636,4051100000669,BSNL,2021-04-05
SIM0669,PH0637,4051100000670,Vi,2022-08-30
SIM0670,PH0638,4051100000671,BSNL,2023-03-19
SIM0671,PH0639,4051100000672,Vi,2021-02-10
SIM0672,PH0640,4051100000673,BSNL,2024-08-25
SIM0673,PH0641,4051100000674,Vi,2024-11-25
SIM0674,PH0642,4051100000675,Airtel,2020-03-21
SIM0675,PH0643,4051100000676,Airtel,2020-03-09
SIM0676,PH0644,4051100000677,Vi,2020-04-26
SIM0677,PH0645,4051100000678,Jio,2024-01-03
SIM0678,PH0646,4051100000679,Vi,2022-06-26
SIM0679,PH0647,4051100000680,Jio,2022-09-11
SIM0680,PH0648,4051100000681,BSNL,2021-05-13
SIM0681,PH0649,4051100000682,Jio,2020-05-16
SIM0682,PH0650,4051100000683,BSNL,2022-04-19
SIM0683,PH0651,4051100000684,Jio,2021-07-19
SIM0684,PH0652,4051100000685,BSNL,2021-03-11
SIM0685,PH0653,4051100000686,Airtel,2024-11-22
SIM0686,PH0654,4051100000687,BSNL,2020-06-18
SIM0687,PH0655,4051100000688,Jio,2022-03-27
SIM0688,PH0656,4051100000689,BSNL,2022-05-05
SIM0689,PH0657,4051100000690,BSNL,2024-11-19
SIM0690,PH0658,4051100000691,Airtel,2022-03-08
SIM0691,PH0659,4051100000692,Airtel,2020-03-03
SIM0692,PH0660,4051100000693,Vi,2022-01-19
SIM0693,PH0660,4051100000694,Airtel,2020-11-15
SIM0694,PH0661,4051100000695,Vi,2025-02-04
SIM0695,PH0662,4051100000696,Jio,2022-04-16
SIM0696,PH0663,4051100000697,Jio,2024-12-28
SIM0697,PH0664,4051100000698,Jio,2024-11-07
SIM0698,PH0665,4051100000699,Airtel,2023-02-25
SIM0699,PH0666,4051100000700,BSNL,2022-04-06
SIM0700,PH0666,4051100000701,Jio,2024-03-04
SIM0701,PH0667,4051100000702,Jio,2025-05-12
SIM0702,PH0668,4051100000703,Vi,2024-08-24
SIM0703,PH0669,4051100000704,Airtel,2022-08-19
SIM0704,PH0670,4051100000705,Jio,2024-03-30
SIM0705,PH0671,4051100000706,Airtel,2022-04-16
SIM0706,PH0672,4051100000707,Airtel,2020-07-03
SIM0707,PH0673,4051100000708,BSNL,2020-12-26
SIM0708,PH0674,4051100000709,BSNL,2023-04-01
SIM0709,PH0675,4051100000710,Airtel,2024-08-04
SIM0710,PH0676,4051100000711,Jio,2023-04-12
SIM0711,PH0677,4051100000712,Vi,2022-09-27
SIM0712,PH0678,4051100000713,Vi,2023-09-24
SIM0713,PH0679,4051100000714,Jio,2021-12-16
SIM0714,PH0680,4051100000715,Airtel,2022-08-23
SIM0715,PH0681,4051100000716,Vi,2025-06-06
SIM0716,PH0682,4051100000717,Airtel,2024-08-24
SIM0717,PH0683,4051100000718,BSNL,2023-05-23
SIM0718,PH0684,4051100000719,Vi,2022-05-04
SIM0719,PH0685,4051100000720,Jio,2022-12-19
SIM0720,PH0686,4051100000721,Airtel,2021-01-12
SIM0721,PH0686,4051100000722,Airtel,2024-09-07
SIM0722,PH0687,4051100000723,Vi,2023-06-09
SIM0723,PH0688,4051100000724,Airtel,2021-06-29
SIM0724,PH0689,4051100000725,Jio,2020-10-21
SIM0725,PH0690,4051100000726,Vi,2024-02-12
SIM0726,PH0691,4051100000727,Vi,2021-01-29
SIM0727,PH0692,4051100000728,Jio,2021-07-08
SIM0728,PH0693,4051100000729,BSNL,2023-07-12
SIM0729,PH0694,4051100000730,Vi,2022-08-16
SIM0730,PH0695,4051100000731,BSNL,2020-03-26
SIM0731,PH0696,4051100000732,Airtel,2024-08-09
SIM0732,PH0697,4051100000733,Vi,2021-03-25
SIM0733,PH0698,4051100000734,Airtel,2021-08-26
SIM0734,PH0699,4051100000735,BSNL,2023-08-28
SIM0735,PH0700,4051100000736,Airtel,2024-08-15
SIM0736,PH0701,4051100000737,Airtel,2021-04-20
SIM0737,PH0702,4051100000738,Vi,2021-04-23
SIM0738,PH0702,4051100000739,Jio,2022-05-05
SIM0739,PH0703,4051100000740,Airtel,2020-11-06
SIM0740,PH0704,4051100000741,Vi,2024-03-13
SIM0741,PH0705,4051100000742,Jio,2020-05-15
SIM0742,PH0706,4051100000743,Vi,2022-01-08
SIM0743,PH0707,4051100000744,BSNL,2024-02-19
SIM0744,PH0708,4051100000745,Vi,2023-07-16
SIM0745,PH0709,4051100000746,Jio,2025-01-22
SIM0746,PH0710,4051100000747,Airtel,2023-10-02
SIM0747,PH0711,4051100000748,BSNL,2025-02-06
SIM0748,PH0712,4051100000749,BSNL,2020-09-23
SIM0749,PH0713,4051100000750,Jio,2022-10-23
SIM0750,PH0714,4051100000751,Vi,2020-02-13
SIM0751,PH0715,4051100000752,Airtel,2024-10-05
SIM0752,PH0716,4051100000753,Airtel,2022-04-25
SIM0753,PH0717,4051100000754,BSNL,2023-06-22
SIM0754,PH0718,4051100000755,Vi,2022-01-29
SIM0755,PH0719,4051100000756,Airtel,2022-06-16
SIM0756,PH0720,4051100000757,Jio,2022-09-09
SIM0757,PH0721,4051100000758,BSNL,2023-06-09
SIM0758,PH0722,4051100000759,Jio,2022-09-03
SIM0759,PH0723,4051100000760,Vi,2020-03-07
SIM0760,PH0724,4051100000761,Jio,2023-02-13
SIM0761,PH0724,4051100000762,Airtel,2022-03-07
SIM0762,PH0725,4051100000763,Jio,2020-06-01
SIM0763,PH0726,4051100000764,Vi,2022-07-05
SIM0764,PH0727,4051100000765,BSNL,2023-10-01
SIM0765,PH0728,4051100000766,Vi,2024-06-01
SIM0766,PH0729,4051100000767,Vi,2021-08-21
SIM0767,PH0730,4051100000768,Vi,2025-05-24
SIM0768,PH0731,4051100000769,Jio,2022-07-04
SIM0769,PH0732,4051100000770,Airtel,2020-12-20
SIM0770,PH0733,4051100000771,Jio,2022-09-18
SIM0771,PH0733,4051100000772,Airtel,2021-05-16
SIM0772,PH0734,4051100000773,Airtel,2025-04-05
SIM0773,PH0735,4051100000774,Vi,2020-10-17
SIM0774,PH0736,4051100000775,Jio,2022-10-05
SIM0775,PH0737,4051100000776,Vi,2025-05-20
SIM0776,PH0738,4051100000777,BSNL,2021-09-03
SIM0777,PH0739,4051100000778,BSNL,2020-06-05
SIM0778,PH0740,4051100000779,Jio,2024-12-07
SIM0779,PH0740,4051100000780,Vi,2020-11-26
SIM0780,PH0741,4051100000781,BSNL,2021-01-27
SIM0781,PH0742,4051100000782,Vi,2024-06-05
SIM0782,PH0743,4051100000783,Airtel,2023-06-24
SIM0783,PH0744,4051100000784,Vi,2021-01-14
SIM0784,PH0745,4051100000785,Vi,2020-01-18
SIM0785,PH0746,4051100000786,BSNL,2023-02-09
SIM0786,PH0747,4051100000787,Jio,2020-06-15
SIM0787,PH0748,4051100000788,Airtel,2020-07-20
SIM0788,PH0749,4051100000789,Airtel,2021-12-23
SIM0789,PH0750,4051100000790,BSNL,2023-05-05
SIM0790,PH0751,4051100000791,BSNL,2022-05-16
SIM0791,PH0752,4051100000792,BSNL,2024-05-07
SIM0792,PH0753,4051100000793,BSNL,2021-07-31
SIM0793,PH0754,4051100000794,BSNL,2023-05-11
SIM0794,PH0755,4051100000795,Vi,2025-02-25
SIM0795,PH0756,4051100000796,Jio,2024-11-10
SIM0796,PH0757,4051100000797,Jio,2020-03-19
SIM0797,PH0758,4051100000798,Vi,2020-09-16
SIM0798,PH0759,4051100000799,Vi,2024-05-31
SIM0799,PH0760,4051100000800,Jio,2020-11-11
SIM0800,PH0761,4051100000801,Vi,2022-07-06
SIM0801,PH0762,4051100000802,BSNL,2021-01-19
SIM0802,PH0763,4051100000803,Airtel,2023-04-07
SIM0803,PH0764,4051100000804,Vi,2024-07-26
SIM0804,PH0765,4051100000805,Vi,2023-01-27
SIM0805,PH0766,4051100000806,Jio,2024-08-15
SIM0806,PH0767,4051100000807,Airtel,2024-01-17
SIM0807,PH0768,4051100000808,Vi,2025-06-08
SIM0808,PH0769,4051100000809,BSNL,2020-06-16
SIM0809,PH0770,4051100000810,Vi,2022-05-23
SIM0810,PH0771,4051100000811,Vi,2020-03-10
SIM0811,PH0772,4051100000812,Vi,2024-12-03
SIM0812,PH0773,4051100000813,BSNL,2023-07-05
SIM0813,PH0774,4051100000814,Airtel,2022-06-11
SIM0814,PH0775,4051100000815,Airtel,2020-07-23
SIM0815,PH0776,4051100000816,Jio,2023-05-03
SIM0816,PH0777,4051100000817,Jio,2024-04-11
SIM0817,PH0778,4051100000818,Airtel,2020-10-14
SIM0818,PH0779,4051100000819,Jio,2021-02-14
SIM0819,PH0780,4051100000820,Vi,2020-05-12
SIM0820,PH0781,4051100000821,Vi,2021-01-19
SIM0821,PH0782,4051100000822,Airtel,2020-07-24
SIM0822,PH0783,4051100000823,Jio,2020-08-26
SIM0823,PH0784,4051100000824,Airtel,2020-03-18
SIM0824,PH0785,4051100000825,Jio,2022-08-08
SIM0825,PH0786,4051100000826,Vi,2022-01-03
SIM0826,PH0787,4051100000827,Airtel,2022-10-18
SIM0827,PH0788,4051100000828,Vi,2020-04-07
SIM0828,PH0789,4051100000829,Vi,2022-12-21
SIM0829,PH0790,4051100000830,Airtel,2022-05-08
SIM0830,PH0791,4051100000831,Vi,2023-07-14
SIM0831,PH0792,4051100000832,Vi,2023-03-24
SIM0832,PH0793,4051100000833,Vi,2022-10-29
SIM0833,PH0794,4051100000834,BSNL,2021-11-26
SIM0834,PH0795,4051100000835,Vi,2024-02-20
SIM0835,PH0796,4051100000836,Jio,2020-02-18
SIM0836,PH0797,4051100000837,Jio,2022-11-22
SIM0837,PH0798,4051100000838,Airtel,2024-08-25
SIM0838,PH0799,4051100000839,Jio,2020-10-13
SIM0839,PH0800,4051100000840,BSNL,2023-01-01
SIM0840,PH0801,4051100000841,BSNL,2024-02-15
SIM0841,PH0802,4051100000842,Airtel,2022-05-15
SIM0842,PH0803,4051100000843,Airtel,2022-05-06
SIM0843,PH0804,4051100000844,BSNL,2025-06-22
SIM0844,PH0805,4051100000845,Jio,2021-04-05
SIM0845,PH0806,4051100000846,Airtel,2022-07-25
SIM0846,PH0807,4051100000847,Jio,2023-04-23
SIM0847,PH0808,4051100000848,BSNL,2023-04-14
SIM0848,PH0809,4051100000849,Jio,2020-06-17
SIM0849,PH0810,4051100000850,BSNL,2024-09-15
SIM0850,PH0811,4051100000851,Vi,2020-04-11
SIM0851,PH0812,4051100000852,Vi,2022-05-26
SIM0852,PH0813,4051100000853,Airtel,2025-06-22
SIM0853,PH0814,4051100000854,BSNL,2022-04-11
SIM0854,PH0815,4051100000855,Vi,2020-04-15
SIM0855,PH0815,4051100000856,Jio,2022-02-01
SIM0856,PH0816,4051100000857,Jio,2022-02-16
SIM0857,PH0817,4051100000858,Vi,2022-07-02
SIM0858,PH0818,4051100000859,Airtel,2024-05-15
SIM0859,PH0819,4051100000860,Jio,2024-03-26
SIM0860,PH0820,4051100000861,Vi,2021-05-19
SIM0861,PH0821,4051100000862,Airtel,2024-09-04
SIM0862,PH0822,4051100000863,Jio,2025-02-03
SIM0863,PH0823,4051100000864,Airtel,2021-10-19
SIM0864,PH0824,4051100000865,BSNL,2024-05-24
SIM0865,PH0825,4051100000866,BSNL,2024-01-22
SIM0866,PH0826,4051100000867,Jio,2020-01-17
SIM0867,PH0827,4051100000868,BSNL,2024-02-29
SIM0868,PH0828,4051100000869,Airtel,2021-09-06
SIM0869,PH0829,4051100000870,BSNL,2025-02-11
SIM0870,PH0830,4051100000871,Vi,2021-10-16
SIM0871,PH0831,4051100000872,BSNL,2022-01-04
SIM0872,PH0832,4051100000873,Airtel,2022-12-12
SIM0873,PH0833,4051100000874,Vi,2022-02-19
SIM0874,PH0834,4051100000875,Vi,2023-03-11
SIM0875,PH0835,4051100000876,Jio,2023-01-06
SIM0876,PH0836,4051100000877,Jio,2022-07-02
SIM0877,PH0836,4051100000878,BSNL,2022-11-29
SIM0878,PH0837,4051100000879,Jio,2024-10-14
SIM0879,PH0838,4051100000880,Jio,2020-07-17
SIM0880,PH0839,4051100000881,Vi,2021-04-20
SIM0881,PH0840,4051100000882,Airtel,2022-06-16
SIM0882,PH0841,4051100000883,Jio,2023-09-28
SIM0883,PH0842,4051100000884,Vi,2022-04-27
SIM0884,PH0843,4051100000885,BSNL,2022-09-05
SIM0885,PH0844,4051100000886,BSNL,2022-12-22
SIM0886,PH0845,4051100000887,BSNL,2023-05-08
SIM0887,PH0846,4051100000888,Airtel,2025-05-24
SIM0888,PH0847,4051100000889,BSNL,2024-01-27
SIM0889,PH0848,4051100000890,Vi,2025-05-25
SIM0890,PH0849,4051100000891,Jio,2022-12-06
SIM0891,PH0850,4051100000892,Vi,2020-04-07
SIM0892,PH0851,4051100000893,Airtel,2022-08-09
SIM0893,PH0852,4051100000894,BSNL,2021-06-07
SIM0894,PH0853,4051100000895,Jio,2025-05-11
SIM0895,PH0854,4051100000896,Vi,2020-10-30
SIM0896,PH0855,4051100000897,Vi,2024-09-12
SIM0897,PH0855,4051100000898,Jio,2024-12-25
SIM0898,PH0856,4051100000899,Airtel,2021-09-30
SIM0899,PH0857,4051100000900,Airtel,2021-11-05
SIM0900,PH0858,4051100000901,Vi,2024-01-20
SIM0901,PH0859,4051100000902,Vi,2024-01-07
SIM0902,PH0860,4051100000903,Jio,2021-09-15
SIM0903,PH0861,4051100000904,Airtel,2022-07-04
SIM0904,PH0862,4051100000905,Jio,2020-12-18
SIM0905,PH0863,4051100000906,BSNL,2020-11-23
SIM0906,PH0864,4051100000907,Jio,2022-11-11
SIM0907,PH0865,4051100000908,Airtel,2020-01-01
SIM0908,PH0866,4051100000909,Airtel,2020-05-25
SIM0909,PH0867,4051100000910,Jio,2023-06-06
SIM0910,PH0868,4051100000911,Jio,2021-07-26
SIM0911,PH0869,4051100000912,BSNL,2021-08-04
SIM0912,PH0870,4051100000913,Jio,2024-11-24
SIM0913,PH0871,4051100000914,Airtel,2024-05-13
SIM0914,PH0872,4051100000915,Jio,2022-07-09
SIM0915,PH0873,4051100000916,Jio,2022-12-26
SIM0916,PH0874,4051100000917,Airtel,2023-04-23
SIM0917,PH0875,4051100000918,Vi,2022-08-26
SIM0918,PH0876,4051100000919,BSNL,2024-04-05
SIM0919,PH0877,4051100000920,Vi,2020-07-18
SIM0920,PH0878,4051100000921,Jio,2020-09-19
SIM0921,PH0879,4051100000922,Airtel,2023-11-28
SIM0922,PH0880,4051100000923,BSNL,2025-02-01
SIM0923,PH0881,4051100000924,BSNL,2023-09-12
SIM0924,PH0882,4051100000925,Airtel,2021-04-25
SIM0925,PH0883,4051100000926,Jio,2022-12-13
SIM0926,PH0884,4051100000927,Airtel,2021-12-10
SIM0927,PH0884,4051100000928,Airtel,2021-01-16
SIM0928,PH0885,4051100000929,BSNL,2023-06-08
SIM0929,PH0886,4051100000930,BSNL,2023-09-18
SIM0930,PH0887,4051100000931,Jio,2024-03-21
SIM0931,PH0888,4051100000932,Vi,2022-01-25
SIM0932,PH0889,4051100000933,Vi,2020-01-24
SIM0933,PH0889,4051100000934,Jio,2024-02-25
SIM0934,PH0890,4051100000935,Vi,2022-11-27
SIM0935,PH0891,4051100000936,BSNL,2020-05-15
SIM0936,PH0892,4051100000937,BSNL,2023-01-17
SIM0937,PH0893,4051100000938,Vi,2022-07-10
SIM0938,PH0894,4051100000939,BSNL,2024-08-18
SIM0939,PH0895,4051100000940,Vi,2024-08-08
SIM0940,PH0895,4051100000941,Jio,2020-04-25
SIM0941,PH0896,4051100000942,Jio,2024-06-06
SIM0942,PH0897,4051100000943,Airtel,2021-01-31
SIM0943,PH0898,4051100000944,Jio,2025-02-18
SIM0944,PH0899,4051100000945,BSNL,2022-06-25
SIM0945,PH0900,4051100000946,Vi,2020-06-28
SIM0946,PH0901,4051100000947,Airtel,2021-06-22
SIM0947,PH0902,4051100000948,Vi,2024-10-05
SIM0948,PH0903,4051100000949,Airtel,2024-04-26
SIM0949,PH0904,4051100000950,Airtel,2025-01-16
SIM0950,PH0905,4051100000951,BSNL,2021-04-26
SIM0951,PH0906,4051100000952,BSNL,2022-03-25
SIM0952,PH0907,4051100000953,BSNL,2021-12-19
SIM0953,PH0908,4051100000954,Jio,2021-07-30
SIM0954,PH0909,4051100000955,BSNL,2022-11-13
SIM0955,PH0910,4051100000956,Vi,2023-06-11
SIM0956,PH0911,4051100000957,BSNL,2021-03-27
SIM0957,PH0912,4051100000958,Airtel,2022-04-11
SIM0958,PH0913,4051100000959,Jio,2025-01-30
SIM0959,PH0914,4051100000960,Airtel,2021-08-14
SIM0960,PH0915,4051100000961,Vi,2025-04-26
SIM0961,PH0916,4051100000962,BSNL,2020-05-04
SIM0962,PH0917,4051100000963,Jio,2021-01-11
SIM0963,PH0918,4051100000964,Jio,2020-07-14
SIM0964,PH0919,4051100000965,Vi,2021-04-20
SIM0965,PH0920,4051100000966,BSNL,2024-07-15
SIM0966,PH0921,4051100000967,Airtel,2024-03-05
SIM0967,PH0921,4051100000968,Jio,2020-01-31
SIM0968,PH0922,4051100000969,Vi,2024-07-09
SIM0969,PH0923,4051100000970,Jio,2021-04-11
SIM0970,PH0924,4051100000971,BSNL,2020-07-06
SIM0971,PH0925,4051100000972,Jio,2023-05-14
SIM0972,PH0926,4051100000973,Airtel,2022-07-03
SIM0973,PH0927,4051100000974,BSNL,2021-07-17
SIM0974,PH0928,4051100000975,BSNL,2025-04-29
SIM0975,PH0929,4051100000976,Jio,2022-08-16
SIM0976,PH0930,4051100000977,Jio,2024-08-07
SIM0977,PH0931,4051100000978,Vi,2024-05-17
SIM0978,PH0932,4051100000979,Jio,2021-08-11
SIM0979,PH0933,4051100000980,Vi,2022-11-02
SIM0980,PH0934,4051100000981,Jio,2022-09-29
SIM0981,PH0935,4051100000982,Airtel,2024-07-04
SIM0982,PH0935,4051100000983,BSNL,2022-02-20
SIM0983,PH0936,4051100000984,Vi,2022-04-27
SIM0984,PH0937,4051100000985,Airtel,2023-01-19
SIM0985,PH0938,4051100000986,BSNL,2020-11-22
SIM0986,PH0939,4051100000987,Airtel,2023-01-14
SIM0987,PH0940,4051100000988,Vi,2020-05-10
SIM0988,PH0941,4051100000989,Vi,2023-01-22
SIM0989,PH0942,4051100000990,Airtel,2021-06-14
SIM0990,PH0943,4051100000991,BSNL,2023-08-11
SIM0991,PH0944,4051100000992,BSNL,2023-07-22
SIM0992,PH0945,4051100000993,Jio,2020-03-09
SIM0993,PH0946,4051100000994,Airtel,2023-09-22
SIM0994,PH0947,4051100000995,Vi,2021-01-11
SIM0995,PH0948,4051100000996,Vi,2025-04-23
SIM0996,PH0949,4051100000997,Jio,2020-02-12
SIM0997,PH0950,4051100000998,BSNL,2021-07-03
SIM0998,PH0951,4051100000999,BSNL,2020-01-01
SIM0999,PH0952,4051100001000,Vi,2021-08-26
SIM1000,PH0953,4051100001001,Airtel,2021-07-10
SIM1001,PH0954,4051100001002,Vi,2022-03-26
SIM1002,PH0955,4051100001003,Vi,2021-06-10
SIM1003,PH0955,4051100001004,BSNL,2023-05-28
SIM1004,PH0956,4051100001005,Vi,2021-03-14
SIM1005,PH0957,4051100001006,BSNL,2021-02-14
SIM1006,PH0957,4051100001007,Vi,2020-12-19
SIM1007,PH0958,4051100001008,Jio,2025-06-23
SIM1008,PH0958,4051100001009,BSNL,2022-11-01
SIM1009,PH0959,4051100001010,Jio,2023-09-27
SIM1010,PH0960,4051100001011,Airtel,2022-01-17
SIM1011,PH0961,4051100001012,Vi,2024-06-18
SIM1012,PH0962,4051100001013,BSNL,2022-03-11
SIM1013,PH0963,4051100001014,Jio,2022-04-04
SIM1014,PH0964,4051100001015,BSNL,2024-05-30
SIM1015,PH0965,4051100001016,Airtel,2022-11-10
SIM1016,PH0966,4051100001017,Jio,2021-06-16
SIM1017,PH0967,4051100001018,Vi,2023-07-28
SIM1018,PH0968,4051100001019,Vi,2023-09-21
SIM1019,PH0969,4051100001020,Airtel,2022-01-20
SIM1020,PH0970,4051100001021,Airtel,2022-01-21
SIM1021,PH0971,4051100001022,Jio,2021-02-04
SIM1022,PH0972,4051100001023,Vi,2023-04-06
SIM1023,PH0972,4051100001024,BSNL,2022-01-13
SIM1024,PH0973,4051100001025,BSNL,2021-09-30
SIM1025,PH0974,4051100001026,BSNL,2024-09-23
SIM1026,PH0974,4051100001027,BSNL,2020-04-02
SIM1027,PH0975,4051100001028,BSNL,2022-02-22
SIM1028,PH0976,4051100001029,Airtel,2022-09-23
SIM1029,PH0977,4051100001030,Airtel,2022-09-16
SIM1030,PH0978,4051100001031,Vi,2023-07-25
SIM1031,PH0979,4051100001032,Airtel,2023-08-20
SIM1032,PH0980,4051100001033,Vi,2021-02-13
SIM1033,PH0981,4051100001034,Jio,2021-07-12
SIM1034,PH0982,4051100001035,Jio,2022-05-22
SIM1035,PH0983,4051100001036,Vi,2025-05-26
SIM1036,PH0984,4051100001037,Vi,2024-06-07
SIM1037,PH0985,4051100001038,Vi,2020-07-02
SIM1038,PH0986,4051100001039,Airtel,2023-11-21
SIM1039,PH0987,4051100001040,Jio,2023-02-18
SIM1040,PH0988,4051100001041,BSNL,2023-05-25
SIM1041,PH0989,4051100001042,Jio,2022-03-05
SIM1042,PH0990,4051100001043,Jio,2020-05-13
SIM1043,PH0991,4051100001044,Airtel,2022-12-27
SIM1044,PH0992,4051100001045,BSNL,2020-04-26
SIM1045,PH0993,4051100001046,Vi,2023-03-10
SIM1046,PH0993,4051100001047,Vi,2024-07-26
SIM1047,PH0994,4051100001048,Jio,2021-03-27
SIM1048,PH0995,4051100001049,Airtel,2020-08-26
SIM1049,PH0996,4051100001050,Airtel,2024-06-21
SIM1050,PH0997,4051100001051,BSNL,2021-04-16
SIM1051,PH0998,4051100001052,Airtel,2021-08-31
SIM1052,PH0999,4051100001053,Vi,2023-02-13
SIM1053,PH1000,4051100001054,Airtel,2025-02-23
SIM1054,PH1001,4051100001055,Vi,2020-08-10
SIM1055,PH1002,4051100001056,Jio,2023-02-14
SIM1056,PH1003,4051100001057,Jio,2021-11-18
SIM1057,PH1004,4051100001058,Airtel,2020-02-11
SIM1058,PH1005,4051100001059,Airtel,2024-08-25
SIM1059,PH1006,4051100001060,Vi,2024-09-29
SIM1060,PH1007,4051100001061,BSNL,2023-11-29
SIM1061,PH1008,4051100001062,Vi,2021-09-13
SIM1062,PH1009,4051100001063,BSNL,2020-10-23
SIM1063,PH1010,4051100001064,Airtel,2024-11-08
SIM1064,PH1011,4051100001065,Vi,2022-03-17
SIM1065,PH1012,4051100001066,Vi,2021-05-11
SIM1066,PH1013,4051100001067,BSNL,2024-02-07
SIM1067,PH1014,4051100001068,BSNL,2023-09-04
SIM1068,PH1015,4051100001069,Jio,2024-03-21
SIM1069,PH1016,4051100001070,Airtel,2024-10-26
SIM1070,PH1017,4051100001071,Vi,2023-05-09
SIM1071,PH1018,4051100001072,Jio,2020-04-12
SIM1072,PH1019,4051100001073,Jio,2024-01-14
SIM1073,PH1020,4051100001074,Airtel,2020-04-06
SIM1074,PH1021,4051100001075,Vi,2021-06-02
SIM1075,PH1022,4051100001076,Vi,2024-03-14
SIM1076,PH1023,4051100001077,Vi,2022-01-14
SIM1077,PH1024,4051100001078,BSNL,2021-09-11
SIM1078,PH1025,4051100001079,Vi,2021-08-27
SIM1079,PH1026,4051100001080,Jio,2020-08-08
SIM1080,PH1027,4051100001081,Jio,2020-10-19
SIM1081,PH1028,4051100001082,Vi,2022-02-18
SIM1082,PH1029,4051100001083,Jio,2021-02-08
SIM1083,PH1030,4051100001084,Vi,2022-04-03
SIM1084,PH1031,4051100001085,Jio,2020-08-06
SIM1085,PH1032,4051100001086,Jio,2024-05-29
SIM1086,PH1033,4051100001087,Vi,2020-04-05
SIM1087,PH1034,4051100001088,Jio,2022-05-01
SIM1088,PH1035,4051100001089,Vi,2023-01-31
SIM1089,PH1036,4051100001090,Vi,2025-04-20
SIM1090,PH1037,4051100001091,BSNL,2025-03-02
SIM1091,PH1038,4051100001092,BSNL,2025-03-31
SIM1092,PH1039,4051100001093,Vi,2020-11-28
SIM1093,PH1040,4051100001094,Vi,2025-05-12
SIM1094,PH1041,4051100001095,Airtel,2024-10-06
SIM1095,PH1042,4051100001096,Jio,2025-05-23
SIM1096,PH1043,4051100001097,Jio,2024-01-24
SIM1097,PH1044,4051100001098,Vi,2023-11-26
SIM1098,PH1045,4051100001099,Airtel,2022-05-10
SIM1099,PH1046,4051100001100,Vi,2022-08-29
SIM1100,PH1047,4051100001101,BSNL,2024-01-25
SIM1101,PH1048,4051100001102,Vi,2020-07-05
SIM1102,PH1049,4051100001103,Jio,2020-11-04
SIM1103,PH1050,4051100001104,Vi,2023-05-01
SIM1104,PH1051,4051100001105,Vi,2022-04-04
SIM1105,PH1052,4051100001106,Airtel,2020-04-02
SIM1106,PH1053,4051100001107,Airtel,2024-10-05
SIM1107,PH1054,4051100001108,BSNL,2020-04-11
SIM1108,PH1055,4051100001109,Jio,2024-05-14
SIM1109,PH1056,4051100001110,BSNL,2025-02-27
SIM1110,PH1056,4051100001111,Airtel,2020-11-07
SIM1111,PH1057,4051100001112,Jio,2023-06-27
SIM1112,PH1058,4051100001113,BSNL,2020-03-02
SIM1113,PH1059,4051100001114,Jio,2022-03-15
SIM1114,PH1060,4051100001115,Jio,2021-12-20
SIM1115,PH1061,4051100001116,Vi,2025-03-28
SIM1116,PH1062,4051100001117,Jio,2025-06-03
SIM1117,PH1063,4051100001118,Vi,2021-03-05
SIM1118,PH1064,4051100001119,Vi,2022-01-14
SIM1119,PH1065,4051100001120,BSNL,2020-10-30
SIM1120,PH1066,4051100001121,BSNL,2020-04-03
SIM1121,PH1067,4051100001122,BSNL,2023-04-29
SIM1122,PH1068,4051100001123,BSNL,2021-03-13
SIM1123,PH1069,4051100001124,Jio,2021-12-29
SIM1124,PH1070,4051100001125,Jio,2020-11-23
SIM1125,PH1071,4051100001126,BSNL,2023-02-13
SIM1126,PH1072,4051100001127,BSNL,2023-10-14
SIM1127,PH1073,4051100001128,Jio,2025-01-14
SIM1128,PH1074,4051100001129,BSNL,2022-10-26
SIM1129,PH1075,4051100001130,BSNL,2024-04-24
SIM1130,PH1076,4051100001131,Vi,2023-08-20
SIM1131,PH1077,4051100001132,Jio,2020-05-25
SIM1132,PH1078,4051100001133,Airtel,2020-08-27
SIM1133,PH1079,4051100001134,BSNL,2020-10-17
SIM1134,PH1079,4051100001135,Vi,2020-02-18
SIM1135,PH1080,4051100001136,BSNL,2022-08-11
SIM1136,PH1080,4051100001137,Jio,2020-11-21
SIM1137,PH1081,4051100001138,Vi,2021-01-10
SIM1138,PH1082,4051100001139,Jio,2023-01-17
SIM1139,PH1083,4051100001140,Airtel,2021-06-14
SIM1140,PH1084,4051100001141,BSNL,2024-06-09
SIM1141,PH1085,4051100001142,Jio,2024-10-03
SIM1142,PH1086,4051100001143,BSNL,2024-04-01
SIM1143,PH1087,4051100001144,BSNL,2021-05-24
SIM1144,PH1088,4051100001145,BSNL,2024-05-31
SIM1145,PH1089,4051100001146,Vi,2020-11-26
SIM1146,PH1090,4051100001147,Jio,2021-12-03
SIM1147,PH1091,4051100001148,Airtel,2020-06-02
SIM1148,PH1092,4051100001149,Airtel,2020-03-29
SIM1149,PH1093,4051100001150,BSNL,2020-12-12
SIM1150,PH1094,4051100001151,Airtel,2024-08-16
SIM1151,PH1094,4051100001152,Airtel,2021-03-31
SIM1152,PH1095,4051100001153,Airtel,2024-08-09
SIM1153,PH1096,4051100001154,Jio,2020-07-13
SIM1154,PH1097,4051100001155,Vi,2022-02-08
SIM1155,PH1098,4051100001156,Airtel,2021-09-02
SIM1156,PH1099,4051100001157,Airtel,2022-05-04
SIM1157,PH1100,4051100001158,BSNL,2024-01-11
SIM1158,PH1101,4051100001159,BSNL,2024-02-06
SIM1159,PH1102,4051100001160,BSNL,2022-04-16
SIM1160,PH1103,4051100001161,Vi,2023-08-20
SIM1161,PH1103,4051100001162,Vi,2024-03-18
SIM1162,PH1104,4051100001163,BSNL,2020-03-28
SIM1163,PH1105,4051100001164,BSNL,2020-03-01
SIM1164,PH1106,4051100001165,Vi,2020-10-30
SIM1165,PH1107,4051100001166,Vi,2022-05-31
SIM1166,PH1108,4051100001167,Jio,2020-10-04
SIM1167,PH1109,4051100001168,Jio,2020-03-30
SIM1168,PH1110,4051100001169,Airtel,2021-09-27
SIM1169,PH1111,4051100001170,BSNL,2022-05-05
SIM1170,PH1112,4051100001171,Airtel,2020-08-16
SIM1171,PH1113,4051100001172,Jio,2021-03-03
SIM1172,PH1114,4051100001173,Vi,2022-11-20
SIM1173,PH1115,4051100001174,Airtel,2021-04-25
SIM1174,PH1116,4051100001175,BSNL,2020-04-27
SIM1175,PH1116,4051100001176,Airtel,2023-12-23
SIM1176,PH1117,4051100001177,Jio,2020-03-06
SIM1177,PH1118,4051100001178,Airtel,2025-05-16
SIM1178,PH1119,4051100001179,BSNL,2022-01-15
SIM1179,PH1120,4051100001180,BSNL,2023-11-12
SIM1180,PH1121,4051100001181,Jio,2022-11-13
SIM1181,PH1122,4051100001182,Jio,2022-08-09
SIM1182,PH1123,4051100001183,Vi,2024-03-01
SIM1183,PH1124,4051100001184,Airtel,2021-06-20
SIM1184,PH1125,4051100001185,Jio,2024-04-17
SIM1185,PH1126,4051100001186,Vi,2020-05-15
SIM1186,PH1127,4051100001187,BSNL,2025-05-10
SIM1187,PH1128,4051100001188,BSNL,2022-08-06
SIM1188,PH1129,4051100001189,Vi,2021-04-14
SIM1189,PH1130,4051100001190,BSNL,2024-06-28
SIM1190,PH1131,4051100001191,Jio,2020-10-06
SIM1191,PH1132,4051100001192,BSNL,2022-07-04
SIM1192,PH1133,4051100001193,Airtel,2022-10-02
SIM1193,PH1134,4051100001194,Airtel,2024-11-20
SIM1194,PH1135,4051100001195,BSNL,2020-06-02
SIM1195,PH1136,4051100001196,Vi,2021-11-29
SIM1196,PH1136,4051100001197,Jio,2023-04-27
SIM1197,PH1137,4051100001198,BSNL,2025-04-09
SIM1198,PH1138,4051100001199,Vi,2024-01-27
SIM1199,PH1139,4051100001200,Vi,2022-10-14
SIM1200,PH1140,4051100001201,BSNL,2021-11-08
SIM1201,PH1141,4051100001202,BSNL,2020-09-09
SIM1202,PH1142,4051100001203,Airtel,2021-10-12
SIM1203,PH1143,4051100001204,Jio,2025-06-21
SIM1204,PH1144,4051100001205,BSNL,2021-01-08
SIM1205,PH1145,4051100001206,Jio,2024-02-12
SIM1206,PH1146,4051100001207,Airtel,2020-04-13
SIM1207,PH1146,4051100001208,Jio,2023-03-20
SIM1208,PH1147,4051100001209,Jio,2024-06-29
SIM1209,PH1148,4051100001210,BSNL,2022-10-15
SIM1210,PH1149,4051100001211,Airtel,2025-05-17
SIM1211,PH1150,4051100001212,BSNL,2023-08-18
SIM1212,PH1151,4051100001213,Jio,2022-05-11
SIM1213,PH1152,4051100001214,Jio,2024-09-03
SIM1214,PH1153,4051100001215,Vi,2024-11-15
SIM1215,PH1154,4051100001216,Airtel,2024-11-24
SIM1216,PH1154,4051100001217,Jio,2024-06-06
SIM1217,PH1155,4051100001218,Airtel,2022-02-03
SIM1218,PH1156,4051100001219,Vi,2020-04-27
SIM1219,PH1156,4051100001220,Vi,2023-11-04
SIM1220,PH1157,4051100001221,Airtel,2025-06-11
SIM1221,PH1158,4051100001222,Airtel,2024-11-15
SIM1222,PH1159,4051100001223,Airtel,2021-06-12
SIM1223,PH1160,4051100001224,Jio,2023-09-28
SIM1224,PH1161,4051100001225,Vi,2025-01-30
