organization_id:ID(Organization),organization_name
ORG0001,Aggarwal Group Transport Services
ORG0002,Mishra Group Constructions Pvt Ltd
ORG0003,Iyer Consulting Services
ORG0004,Rawat Group Finance Services
ORG0005,Grover & Sons Manufacturing Ltd
ORG0006,Joshi Group Retail Stores
ORG0007,Bhalla Group Manufacturing Ltd
ORG0008,Kohli Group Transport Services
ORG0009,Mishra Group Technologies Pvt Ltd
ORG0010,Grover & Sons Technologies Pvt Ltd
ORG0011,Bhatia Consulting Services
ORG0012,Bhatia & Sons Technologies Pvt Ltd
ORG0013,Grover Group Finance Services
ORG0014,Reddy Group Constructions Pvt Ltd
ORG0015,Chawla & Sons Technologies Pvt Ltd
ORG0016,Arora Constructions Pvt Ltd
ORG0017,Choudhary Technologies Pvt Ltd
ORG0018,Saxena Group Finance Services
ORG0019,Tiwari & Sons Technologies Pvt Ltd
ORG0020,Khanna Group Retail Stores
ORG0021,Chopra Group Transport Services
ORG0022,Iyer Consulting Services
ORG0023,Gupta Group Trading Co
ORG0024,Sethi & Sons Trading Co
ORG0025,Choudhary Transport Services
ORG0026,Bhatia Group Technologies Pvt Ltd
ORG0027,Malhotra & Sons Technologies Pvt Ltd
ORG0028,Bansal & Sons Logistics Pvt Ltd
ORG0029,Chopra Group Transport Services
ORG0030,Gupta & Sons Technologies Pvt Ltd
ORG0031,Malhotra Constructions Pvt Ltd
ORG0032,Reddy Finance Services
ORG0033,Kapoor Group Constructions Pvt Ltd
ORG0034,Bhalla Constructions Pvt Ltd
ORG0035,Chopra & Sons Trading Co
ORG0036,Aggarwal & Sons Trading Co
ORG0037,Sethi Transport Services
ORG0038,Mishra Group Technologies Pvt Ltd
ORG0039,Choudhary Group Retail Stores
ORG0040,Nair Group Constructions Pvt Ltd
ORG0041,Verma & Sons Constructions Pvt Ltd
ORG0042,Arora Group Logistics Pvt Ltd
ORG0043,Rawat Manufacturing Ltd
ORG0044,Mehta & Sons Manufacturing Ltd
ORG0045,Sethi Logistics Pvt Ltd
ORG0046,Chopra Group Retail Stores
ORG0047,Khanna Group Retail Stores
ORG0048,Choudhary & Sons Retail Stores
ORG0049,Saxena & Sons Logistics Pvt Ltd
ORG0050,Pandey Manufacturing Ltd
ORG0051,Khanna Group Constructions Pvt Ltd
ORG0052,Bhatia Group Transport Services
ORG0053,Nair Logistics Pvt Ltd
ORG0054,Rathore Group Consulting Services
ORG0055,Joshi & Sons Constructions Pvt Ltd
ORG0056,Joshi & Sons Logistics Pvt Ltd
ORG0057,Kapoor Group Transport Services
ORG0058,Aggarwal Group Retail Stores
ORG0059,Malhotra Consulting Services
ORG0060,Arora Technologies Pvt Ltd
ORG0061,Chopra Group Retail Stores
ORG0062,Kapoor Group Manufacturing Ltd
ORG0063,Rawat Group Retail Stores
ORG0064,Chawla & Sons Trading Co
ORG0065,Khanna Group Logistics Pvt Ltd
ORG0066,Joshi Group Technologies Pvt Ltd
ORG0067,Tiwari & Sons Transport Services
ORG0068,Nair Group Logistics Pvt Ltd
ORG0069,Chawla & Sons Manufacturing Ltd
ORG0070,Arora Group Finance Services
ORG0071,Bhatia Retail Stores
ORG0072,Arora & Sons Retail Stores
ORG0073,Gupta & Sons Trading Co
ORG0074,Verma & Sons Manufacturing Ltd
ORG0075,Rawat & Sons Retail Stores
ORG0076,Bansal & Sons Transport Services
ORG0077,Joshi & Sons Technologies Pvt Ltd
ORG0078,Mishra & Sons Trading Co
ORG0079,Mishra Group Technologies Pvt Ltd
ORG0080,Yadav & Sons Trading Co
ORG0081,Joshi Group Manufacturing Ltd
ORG0082,Verma & Sons Constructions Pvt Ltd
ORG0083,Joshi Group Technologies Pvt Ltd
ORG0084,Bhalla Group Finance Services
ORG0085,Reddy & Sons Technologies Pvt Ltd
ORG0086,Joshi Group Logistics Pvt Ltd
ORG0087,Gupta Finance Services
ORG0088,Mehta Manufacturing Ltd
ORG0089,Saxena Transport Services
ORG0090,Chopra Retail Stores
ORG0091,Rathore Group Transport Services
ORG0092,Yadav & Sons Transport Services
ORG0093,Choudhary & Sons Finance Services
ORG0094,Kohli & Sons Manufacturing Ltd
ORG0095,Bansal & Sons Trading Co
ORG0096,Rawat Group Manufacturing Ltd
ORG0097,Tiwari Group Technologies Pvt Ltd
ORG0098,Sharma Group Finance Services
ORG0099,Gupta & Sons Retail Stores
ORG0100,Aggarwal & Sons Manufacturing Ltd
ORG0101,Sethi Logistics Pvt Ltd
ORG0102,Mishra & Sons Constructions Pvt Ltd
ORG0103,Singh Group Retail Stores
ORG0104,Bhatia Group Constructions Pvt Ltd
ORG0105,Mishra & Sons Logistics Pvt Ltd
ORG0106,Kapoor Trading Co
ORG0107,Reddy Group Trading Co
ORG0108,Arora Group Consulting Services
ORG0109,Bhatia Group Trading Co
ORG0110,Arora Group Logistics Pvt Ltd
ORG0111,Khanna Trading Co
ORG0112,Choudhary & Sons Consulting Services
ORG0113,Bhalla & Sons Technologies Pvt Ltd
ORG0114,Bansal Constructions Pvt Ltd
ORG0115,Choudhary Group Retail Stores
ORG0116,Rathore Consulting Services
ORG0117,Tiwari & Sons Manufacturing Ltd
ORG0118,Arora & Sons Manufacturing Ltd
ORG0119,Arora & Sons Constructions Pvt Ltd
ORG0120,Pandey & Sons Constructions Pvt Ltd
ORG0121,Rawat Group Retail Stores
ORG0122,Sharma Group Manufacturing Ltd
ORG0123,Mishra Group Transport Services
ORG0124,Bhatia & Sons Constructions Pvt Ltd
ORG0125,Joshi & Sons Transport Services
ORG0126,Tiwari & Sons Constructions Pvt Ltd
ORG0127,Saxena & Sons Consulting Services
ORG0128,Rathore Constructions Pvt Ltd
ORG0129,Pandey Finance Services
ORG0130,Mehta & Sons Finance Services
ORG0131,Mishra Constructions Pvt Ltd
ORG0132,Rathore Group Manufacturing Ltd
ORG0133,Nair & Sons Constructions Pvt Ltd
ORG0134,Mishra Finance Services
ORG0135,Malhotra & Sons Consulting Services
ORG0136,Yadav Retail Stores
ORG0137,Choudhary Finance Services
ORG0138,Reddy & Sons Consulting Services
ORG0139,Khanna Transport Services
ORG0140,Sharma Group Finance Services
ORG0141,Malhotra Group Finance Services
ORG0142,Sethi Finance Services
ORG0143,Iyer Finance Services
ORG0144,Gupta & Sons Constructions Pvt Ltd
ORG0145,Sharma Group Logistics Pvt Ltd
ORG0146,Bhatia Group Finance Services
ORG0147,Rawat & Sons Trading Co
ORG0148,Arora Retail Stores
ORG0149,Singh Consulting Services
ORG0150,Joshi Manufacturing Ltd
