:START_ID(Person),:END_ID(Person),confidence,source_record
P0981,P0520,0.83,CDR
P0520,P0536,0.84,CDR
P0536,P0624,0.65,CDR
P0624,P0144,0.94,CDR
P0144,P0887,0.75,CDR
P0887,P0607,0.66,CDR
P0607,P0201,0.66,CDR
P0201,P0914,0.92,CDR
P0914,P0469,0.87,CDR
P0469,P0163,0.55,CDR
P0163,P0019,0.86,CDR
P0019,P0635,0.66,CDR
P0635,P0745,0.61,CDR
P0745,P0107,0.68,CDR
P0107,P0076,0.74,CDR
P0076,P0270,0.54,CDR
P0270,P0493,0.72,CDR
P0493,P0824,0.54,CDR
P0824,P0980,0.63,CDR
P0980,P0013,0.89,CDR
P0013,P0269,0.64,CDR
P0269,P0867,0.54,CDR
P0867,P0344,0.82,CDR
P0344,P0172,0.86,CDR
P0172,P0508,0.65,CDR
P0508,P0119,0.66,CDR
P0119,P0212,0.91,CDR
P0212,P0338,0.57,CDR
P0338,P0083,0.69,CDR
P0083,P0286,0.62,CDR
P0286,P0236,0.55,CDR
P0236,P0321,0.69,CDR
P0321,P0861,0.62,CDR
P0861,P0967,0.93,CDR
P0967,P0475,0.76,CDR
P0475,P0038,0.75,CDR
P0038,P0907,0.55,CDR
P0907,P0006,0.69,CDR
P0607,P0607,0.3,SHARED_ORG
P0905,P0555,0.94,CDR
P0905,P0017,0.94,CDR
P0905,P0665,0.67,CDR
P0905,P0029,0.73,CDR
P0905,P0417,0.84,CDR
P0905,P0082,0.7,CDR
P0905,P0925,0.8,CDR
P0905,P0920,0.9,CDR
P0905,P0325,0.57,CDR
P0905,P0917,0.78,CDR
P0905,P0060,0.63,CDR
P0905,P0063,0.89,CDR
P0905,P0919,0.6,CDR
P0905,P0524,0.72,CDR
P0905,P0677,0.51,CDR
P0905,P0730,0.55,CDR
P0905,P0003,0.88,CDR
P0905,P0320,0.75,CDR
P0905,P0552,0.63,CDR
P0905,P0125,0.69,CDR
P0905,P0916,0.76,CDR
P0905,P0844,0.57,CDR
P0905,P0964,0.52,CDR
P0905,P0904,0.65,CDR
P0905,P0949,0.6,CDR
P0905,P0049,0.8,CDR
P0905,P0773,0.86,CDR
P0905,P0234,0.71,CDR
P0905,P0663,0.81,CDR
P0905,P0182,0.68,CDR
P0904,P0905,0.3,SHARED_ORG
P0037,P0154,0.91,CDR
P0217,P0605,0.71,CDR
P0037,P0990,0.67,CDR
P0217,P0423,0.68,CDR
P0217,P0019,0.84,CDR
P0217,P0539,0.63,CDR
P0037,P0584,0.81,CDR
P0037,P0001,0.85,CDR
P0037,P1000,0.72,CDR
P0217,P0894,0.77,CDR
P0217,P0351,0.86,CDR
P0037,P0421,0.52,CDR
P0037,P0173,0.51,CDR
P0037,P0523,0.61,CDR
P0037,P0607,0.52,CDR
P0217,P0784,0.77,CDR
P1000,P0539,0.3,SHARED_ORG
P0662,P0595,0.5,CDR
P0662,P0257,0.55,CDR
P0662,P0726,0.53,CDR
P0662,P0841,0.75,CDR
P0662,P0976,0.86,CDR
P0662,P0081,0.74,CDR
P0662,P0179,0.58,CDR
P0662,P0792,0.7,CDR
P0662,P0307,0.57,CDR
P0662,P0775,0.89,CDR
P0662,P0964,0.61,CDR
P0307,P0841,0.3,SHARED_ORG
P0509,P0765,0.57,CDR
P0509,P0639,0.54,CDR
P0509,P0450,0.81,CDR
P0509,P0705,0.59,CDR
P0509,P0327,0.72,CDR
P0509,P0414,0.52,CDR
P0509,P0432,0.78,CDR
P0509,P0782,0.71,CDR
P0509,P0093,0.79,CDR
P0509,P0622,0.9,CDR
P0327,P0093,0.3,SHARED_ORG
P0575,P0036,0.79,CDR
P0036,P0095,0.83,CDR
P0095,P0036,0.3,SHARED_ORG
P0207,P0303,0.77,CDR
P0303,P0586,0.51,CDR
P0586,P0918,0.79,CDR
P0267,P0584,0.69,CDR
P0584,P0053,0.64,CDR
P0053,P0158,0.56,CDR
P0918,P0267,0.67,CDR
P0586,P0586,0.3,SHARED_ORG
P0922,P0913,0.81,CDR
P0922,P0220,0.65,CDR
P0922,P0004,0.73,CDR
P0922,P0066,0.8,CDR
P0922,P0414,0.88,CDR
P0922,P0954,0.58,CDR
P0922,P0788,0.76,CDR
P0922,P0722,0.56,CDR
P0922,P0463,0.89,CDR
P0922,P0945,0.59,CDR
P0922,P0662,0.84,CDR
P0922,P0298,0.57,CDR
P0922,P0667,0.65,CDR
P0922,P0876,0.61,CDR
P0922,P0941,0.64,CDR
P0922,P0593,0.58,CDR
P0922,P0885,0.71,CDR
P0922,P0459,0.82,CDR
P0922,P0736,0.82,CDR
P0922,P0218,0.72,CDR
P0922,P0108,0.68,CDR
P0922,P0377,0.54,CDR
P0922,P0844,0.59,CDR
P0922,P0490,0.75,CDR
P0922,P0205,0.86,CDR
P0922,P0351,0.52,CDR
P0922,P0135,0.94,CDR
P0922,P0001,0.5,CDR
P0922,P0902,0.8,CDR
P0922,P0926,0.64,CDR
P0922,P0154,0.68,CDR
P0922,P0966,0.55,CDR
P0922,P0763,0.92,CDR
P0922,P0408,0.8,CDR
P0922,P0195,0.75,CDR
P0922,P0447,0.88,CDR
P0922,P0470,0.73,CDR
P0922,P0188,0.62,CDR
P0922,P0806,0.67,CDR
P0922,P0505,0.57,CDR
P0922,P0774,0.73,CDR
P0922,P0023,0.76,CDR
P0922,P0555,0.64,CDR
P0922,P0996,0.84,CDR
P0922,P0661,0.63,CDR
P0922,P0760,0.58,CDR
P0922,P0212,0.6,CDR
P0922,P0746,0.76,CDR
P0922,P0333,0.6,CDR
P0922,P0669,0.57,CDR
P0922,P0908,0.77,CDR
P0922,P0777,0.55,CDR
P0922,P0528,0.79,CDR
P0922,P0586,0.85,CDR
P0922,P0451,0.73,CDR
P0922,P0617,0.56,CDR
P0922,P0043,0.61,CDR
P0922,P0318,0.75,CDR
P0922,P0035,0.5,CDR
P0922,P0674,0.75,CDR
P0922,P0085,0.86,CDR
P0922,P0375,0.79,CDR
P0922,P0148,0.7,CDR
P0922,P0860,0.8,CDR
P0922,P0229,0.54,CDR
P0922,P0964,0.7,CDR
P0922,P0424,0.64,CDR
P0922,P0289,0.88,CDR
P0922,P0293,0.79,CDR
P0922,P0805,0.51,CDR
P0922,P0049,0.88,CDR
P0922,P0301,0.78,CDR
P0922,P0171,0.6,CDR
P0229,P0195,0.3,SHARED_ORG
P0763,P0399,0.62,CDR
P0763,P0967,0.58,CDR
P0399,P0967,0.7,CDR
P0399,P0979,0.84,CDR
P0967,P0979,0.7,CDR
P0967,P0013,0.88,CDR
P0979,P0013,0.55,CDR
P0979,P0351,0.61,CDR
P0013,P0351,0.89,CDR
P0013,P0838,0.53,CDR
P0351,P0838,0.63,CDR
P0351,P0016,0.89,CDR
P0838,P0016,0.53,CDR
P0838,P0472,0.78,CDR
P0016,P0472,0.59,CDR
P0016,P0529,0.52,CDR
P0472,P0529,0.83,CDR
P0472,P0137,0.85,CDR
P0529,P0137,0.52,CDR
P0529,P0141,0.86,CDR
P0137,P0141,0.53,CDR
P0137,P0029,0.82,CDR
P0141,P0029,0.87,CDR
P0141,P0858,0.72,CDR
P0029,P0858,0.56,CDR
P0029,P0012,0.62,CDR
P0858,P0012,0.92,CDR
P0858,P0871,0.75,CDR
P0012,P0871,0.59,CDR
P0012,P0055,0.91,CDR
P0871,P0055,0.95,CDR
P0871,P0725,0.6,CDR
P0055,P0725,0.52,CDR
P0055,P0208,0.82,CDR
P0725,P0208,0.87,CDR
P0725,P0124,0.53,CDR
P0208,P0124,0.78,CDR
P0208,P0430,0.6,CDR
P0124,P0430,0.8,CDR
P0124,P0547,0.73,CDR
P0430,P0547,0.93,CDR
P0430,P0225,0.57,CDR
P0547,P0225,0.57,CDR
P0547,P0083,0.94,CDR
P0225,P0083,0.77,CDR
P0225,P0798,0.55,CDR
P0083,P0798,0.62,CDR
P0083,P0125,0.69,CDR
P0798,P0125,0.54,CDR
P0798,P0670,0.74,CDR
P0125,P0670,0.61,CDR
P0125,P0228,0.65,CDR
P0670,P0228,0.73,CDR
P0670,P0340,0.83,CDR
P0228,P0340,0.93,CDR
P0228,P0282,0.72,CDR
P0340,P0282,0.59,CDR
P0340,P0374,0.81,CDR
P0282,P0374,0.9,CDR
P0282,P0517,0.72,CDR
P0374,P0517,0.76,CDR
P0374,P0814,0.72,CDR
P0517,P0814,0.75,CDR
P0517,P0599,0.9,CDR
P0814,P0599,0.9,CDR
P0814,P0905,0.58,CDR
P0599,P0905,0.78,CDR
P0599,P0426,0.55,CDR
P0905,P0426,0.78,CDR
P0905,P0380,0.76,CDR
P0426,P0380,0.81,CDR
P0426,P0103,0.88,CDR
P0380,P0103,0.94,CDR
P0380,P0964,0.68,CDR
P0103,P0964,0.68,CDR
P0103,P0076,0.78,CDR
P0964,P0076,0.9,CDR
P0964,P0315,0.62,CDR
P0076,P0315,0.8,CDR
P0076,P0255,0.54,CDR
P0315,P0255,0.53,CDR
P0315,P0740,0.82,CDR
P0255,P0740,0.57,CDR
P0255,P0505,0.9,CDR
P0740,P0505,0.82,CDR
P0740,P0332,0.85,CDR
P0505,P0332,0.66,CDR
P0505,P0445,0.54,CDR
P0332,P0445,0.56,CDR
P0332,P0008,0.85,CDR
P0445,P0008,0.79,CDR
P0445,P0140,0.89,CDR
P0008,P0140,0.78,CDR
P0008,P0400,0.62,CDR
P0140,P0400,0.84,CDR
P0140,P0886,0.65,CDR
P0400,P0886,0.55,CDR
P0400,P0538,0.65,CDR
P0886,P0538,0.82,CDR
P0886,P0164,0.53,CDR
P0538,P0164,0.69,CDR
P0538,P0709,0.94,CDR
P0164,P0709,0.89,CDR
P0164,P0397,0.94,CDR
P0709,P0397,0.87,CDR
P0709,P0248,0.53,CDR
P0397,P0248,0.79,CDR
P0397,P0609,0.7,CDR
P0248,P0609,0.62,CDR
P0248,P0436,0.9,CDR
P0609,P0436,0.87,CDR
P0609,P0200,0.8,CDR
P0436,P0200,0.63,CDR
P0436,P0133,0.9,CDR
P0200,P0133,0.9,CDR
P0200,P0567,0.73,CDR
P0133,P0567,0.91,CDR
P0133,P0323,0.78,CDR
P0567,P0323,0.87,CDR
P0567,P0755,0.68,CDR
P0323,P0755,0.54,CDR
P0323,P0041,0.77,CDR
P0755,P0041,0.55,CDR
P0755,P0250,0.52,CDR
P0041,P0250,0.54,CDR
P0041,P0826,0.52,CDR
P0250,P0826,0.81,CDR
P0250,P0840,0.77,CDR
P0826,P0840,0.81,CDR
P0826,P0990,0.72,CDR
P0840,P0990,0.55,CDR
P0840,P0440,0.55,CDR
P0990,P0440,0.59,CDR
P0990,P0421,0.77,CDR
P0440,P0421,0.72,CDR
P0440,P0787,0.64,CDR
P0421,P0787,0.82,CDR
P0421,P0376,0.51,CDR
P0787,P0376,0.59,CDR
P0787,P0572,0.76,CDR
P0376,P0572,0.85,CDR
P0376,P0651,0.65,CDR
P0572,P0651,0.57,CDR
P0572,P0247,0.55,CDR
P0651,P0247,0.71,CDR
P0651,P0153,0.87,CDR
P0247,P0153,0.62,CDR
P0247,P0658,0.69,CDR
P0153,P0658,0.77,CDR
P0153,P0294,0.65,CDR
P0658,P0294,0.82,CDR
P0658,P0861,0.68,CDR
P0294,P0861,0.94,CDR
P0294,P0827,0.52,CDR
P0861,P0827,0.84,CDR
P0029,P0990,0.3,SHARED_ORG
P0288,P0534,0.6,CDR
P0288,P0141,0.95,CDR
P0288,P0978,0.89,CDR
P0288,P0730,0.68,CDR
P0288,P0231,0.89,CDR
P0288,P0794,0.67,CDR
P0288,P0353,0.88,CDR
P0288,P0210,0.62,CDR
P0288,P0006,0.56,CDR
P0288,P0720,0.72,CDR
P0288,P0815,0.76,CDR
P0288,P0694,0.83,CDR
P0288,P0319,0.85,CDR
P0288,P0960,0.52,CDR
P0288,P0129,0.81,CDR
P0288,P0510,0.8,CDR
P0288,P0746,0.89,CDR
P0288,P0967,0.6,CDR
P0288,P0486,0.88,CDR
P0288,P0061,0.61,CDR
P0288,P0124,0.74,CDR
P0288,P0809,0.78,CDR
P0288,P0159,0.79,CDR
P0288,P0506,0.67,CDR
P0288,P0814,0.69,CDR
P0288,P0440,0.58,CDR
P0288,P0436,0.54,CDR
P0288,P0499,0.71,CDR
P0288,P0832,0.65,CDR
P0288,P0076,0.76,CDR
P0288,P0594,0.53,CDR
P0288,P0428,0.7,CDR
P0288,P0280,0.89,CDR
P0288,P0144,0.67,CDR
P0288,P0999,0.92,CDR
P0288,P0983,0.94,CDR
P0288,P0939,0.85,CDR
P0288,P0028,0.68,CDR
P0288,P0830,0.9,CDR
P0288,P0085,0.89,CDR
P0288,P0416,0.72,CDR
P0288,P0840,0.74,CDR
P0288,P0807,0.53,CDR
P0288,P0565,0.75,CDR
P0288,P0904,0.6,CDR
P0440,P0999,0.3,SHARED_ORG
P0649,P0510,0.66,CDR
P0649,P0437,0.81,CDR
P0510,P0437,0.5,CDR
P0510,P0137,0.81,CDR
P0437,P0137,0.79,CDR
P0437,P0361,0.59,CDR
P0137,P0361,0.53,CDR
P0137,P0705,0.52,CDR
P0361,P0705,0.67,CDR
P0361,P0402,0.52,CDR
P0705,P0402,0.66,CDR
P0705,P0842,0.6,CDR
P0402,P0842,0.88,CDR
P0402,P0549,0.85,CDR
P0842,P0549,0.66,CDR
P0842,P0587,0.9,CDR
P0549,P0587,0.51,CDR
P0549,P0794,0.93,CDR
P0587,P0794,0.61,CDR
P0587,P0416,0.77,CDR
P0794,P0416,0.61,CDR
P0794,P0034,0.87,CDR
P0416,P0034,0.8,CDR
P0437,P0034,0.3,SHARED_ORG
P0174,P0927,0.89,CDR
P0927,P0235,0.9,CDR
P0235,P0670,0.89,CDR
P0715,P0637,0.54,CDR
P0637,P0257,0.51,CDR
P0257,P0096,0.56,CDR
P0670,P0715,0.52,CDR
P0096,P0174,0.3,SHARED_ORG
P0196,P0759,0.76,CDR
P0325,P0759,0.85,CDR
P0309,P0383,0.85,CDR
P0759,P0344,0.91,CDR
P0759,P0443,0.3,SHARED_ORG
P0454,P0801,0.92,CDR
P0801,P0233,0.86,CDR
P0233,P0754,0.9,CDR
P0754,P0842,0.94,CDR
P0842,P0026,0.81,CDR
P0026,P0234,0.6,CDR
P0234,P0666,0.87,CDR
P0666,P0610,0.69,CDR
P0610,P0332,0.83,CDR
P0332,P0889,0.68,CDR
P0889,P0703,0.54,CDR
P0703,P0643,0.94,CDR
P0643,P0414,0.74,CDR
P0414,P0861,0.83,CDR
P0861,P0266,0.62,CDR
P0266,P0627,0.79,CDR
P0627,P0807,0.67,CDR
P0807,P0342,0.58,CDR
P0342,P0843,0.67,CDR
P0843,P0168,0.89,CDR
P0168,P0697,0.82,CDR
P0697,P0171,0.76,CDR
P0171,P0001,0.64,CDR
P0001,P0691,0.52,CDR
P0691,P0116,0.58,CDR
P0116,P0616,0.92,CDR
P0616,P0449,0.75,CDR
P0449,P0502,0.74,CDR
P0807,P0666,0.3,SHARED_ORG
P0930,P0261,0.71,CDR
P0261,P0587,0.74,CDR
P0587,P0611,0.93,CDR
P0611,P0046,0.86,CDR
P0611,P0587,0.3,SHARED_ORG
P0486,P0704,0.7,CDR
P0486,P0099,0.67,CDR
P0486,P0130,0.83,CDR
P0486,P0550,0.53,CDR
P0486,P0979,0.84,CDR
P0486,P0591,0.9,CDR
P0486,P0319,0.74,CDR
P0486,P0566,0.86,CDR
P0486,P0926,0.92,CDR
P0486,P0547,0.57,CDR
P0486,P0875,0.79,CDR
P0486,P0962,0.55,CDR
P0486,P0861,0.58,CDR
P0486,P0343,0.57,CDR
P0486,P0859,0.61,CDR
P0486,P0801,0.79,CDR
P0486,P0452,0.84,CDR
P0486,P0913,0.83,CDR
P0486,P0729,0.9,CDR
P0486,P0355,0.77,CDR
P0486,P0092,0.59,CDR
P0486,P0826,0.87,CDR
P0486,P0737,0.89,CDR
P0486,P0521,0.92,CDR
P0486,P0786,0.71,CDR
P0486,P0909,0.72,CDR
P0486,P0029,0.94,CDR
P0486,P0150,0.64,CDR
P0486,P0189,0.69,CDR
P0486,P0384,0.53,CDR
P0486,P0002,0.81,CDR
P0486,P0906,0.93,CDR
P0486,P0534,0.55,CDR
P0486,P0730,0.63,CDR
P0486,P0489,0.65,CDR
P0486,P0889,0.83,CDR
P0486,P0447,0.63,CDR
P0486,P0956,0.78,CDR
P0486,P0210,0.91,CDR
P0486,P0829,0.91,CDR
P0486,P0076,0.6,CDR
P0486,P0732,0.81,CDR
P0486,P0032,0.59,CDR
P0547,P0319,0.3,SHARED_ORG
P0186,P0723,0.75,CDR
P0186,P0695,0.71,CDR
P0723,P0695,0.78,CDR
P0723,P0727,0.6,CDR
P0695,P0727,0.64,CDR
P0695,P0139,0.53,CDR
P0727,P0139,0.74,CDR
P0727,P0862,0.62,CDR
P0139,P0862,0.62,CDR
P0139,P0318,0.92,CDR
P0862,P0318,0.6,CDR
P0862,P0870,0.91,CDR
P0318,P0870,0.66,CDR
P0318,P0219,0.93,CDR
P0870,P0219,0.68,CDR
P0870,P0624,0.52,CDR
P0219,P0624,0.77,CDR
P0219,P0313,0.65,CDR
P0624,P0313,0.7,CDR
P0624,P0730,0.67,CDR
P0313,P0730,0.91,CDR
P0313,P0579,0.76,CDR
P0730,P0579,0.5,CDR
P0730,P1000,0.81,CDR
P0579,P1000,0.65,CDR
P0579,P0600,0.85,CDR
P1000,P0600,0.84,CDR
P1000,P0450,0.82,CDR
P0600,P0450,0.75,CDR
P0600,P0196,0.61,CDR
P0450,P0196,0.57,CDR
P0450,P0359,0.78,CDR
P0196,P0359,0.6,CDR
P0196,P0397,0.66,CDR
P0359,P0397,0.86,CDR
P0359,P0953,0.72,CDR
P0397,P0953,0.71,CDR
P0397,P0463,0.53,CDR
P0953,P0463,0.77,CDR
P0953,P0404,0.71,CDR
P0463,P0404,0.8,CDR
P0463,P0693,0.85,CDR
P0404,P0693,0.8,CDR
P0404,P0748,0.54,CDR
P0693,P0748,0.68,CDR
P0693,P0728,0.89,CDR
P0748,P0728,0.67,CDR
P0748,P0029,0.79,CDR
P0728,P0029,0.94,CDR
P0728,P0198,0.66,CDR
P0029,P0198,0.75,CDR
P0029,P0970,0.87,CDR
P0198,P0970,0.91,CDR
P0198,P0026,0.89,CDR
P0970,P0026,0.64,CDR
P0970,P0356,0.76,CDR
P0026,P0356,0.57,CDR
P0026,P0009,0.78,CDR
P0356,P0009,0.7,CDR
P0356,P0775,0.57,CDR
P0009,P0775,0.53,CDR
P0009,P0520,0.63,CDR
P0775,P0520,0.85,CDR
P0775,P0043,0.93,CDR
P0520,P0043,0.82,CDR
P0520,P0785,0.89,CDR
P0043,P0785,0.51,CDR
P0043,P0456,0.95,CDR
P0785,P0456,0.55,CDR
P0785,P0806,0.55,CDR
P0456,P0806,0.9,CDR
P0456,P0249,0.52,CDR
P0806,P0249,0.55,CDR
P0806,P0287,0.91,CDR
P0249,P0287,0.72,CDR
P0249,P0550,0.75,CDR
P0287,P0550,0.81,CDR
P0287,P0178,0.69,CDR
P0550,P0178,0.9,CDR
P0550,P0814,0.56,CDR
P0178,P0814,0.82,CDR
P0178,P0511,0.58,CDR
P0814,P0511,0.5,CDR
P0814,P0307,0.85,CDR
P0511,P0307,0.92,CDR
P0026,P0520,0.3,SHARED_ORG
P0772,P0613,0.64,CDR
P0772,P0970,0.55,CDR
P0772,P0664,0.63,CDR
P0772,P0103,0.77,CDR
P0772,P0021,0.65,CDR
P0772,P0273,0.87,CDR
P0772,P0810,0.84,CDR
P0772,P0728,0.53,CDR
P0772,P0893,0.68,CDR
P0772,P0930,0.54,CDR
P0772,P0148,0.65,CDR
P0772,P0663,0.63,CDR
P0772,P0732,0.83,CDR
P0772,P0355,0.74,CDR
P0772,P0552,0.7,CDR
P0772,P0239,0.92,CDR
P0772,P0277,0.71,CDR
P0772,P0589,0.57,CDR
P0772,P0448,0.54,CDR
P0772,P0585,0.7,CDR
P0772,P0120,0.61,CDR
P0772,P0745,0.86,CDR
P0772,P0326,0.56,CDR
P0772,P0778,0.52,CDR
P0772,P0535,0.88,CDR
P0772,P0757,0.63,CDR
P0772,P0921,0.57,CDR
P0772,P0924,0.89,CDR
P0772,P0036,0.71,CDR
P0772,P0248,0.62,CDR
P0772,P0786,0.84,CDR
P0772,P0789,0.87,CDR
P0772,P0918,0.69,CDR
P0772,P0219,0.57,CDR
P0772,P0673,0.57,CDR
P0772,P0680,0.52,CDR
P0772,P0393,0.62,CDR
P0772,P0012,0.82,CDR
P0772,P0991,0.68,CDR
P0772,P0776,0.93,CDR
P0772,P0665,0.81,CDR
P0772,P0931,0.69,CDR
P0772,P0246,0.53,CDR
P0772,P0986,0.94,CDR
P0772,P0005,0.95,CDR
P0772,P0531,0.95,CDR
P0772,P0466,0.63,CDR
P0772,P0584,0.74,CDR
P0772,P0163,0.9,CDR
P0772,P0746,0.78,CDR
P0772,P0168,0.69,CDR
P0772,P0854,0.63,CDR
P0772,P0596,0.66,CDR
P0273,P0986,0.3,SHARED_ORG
P0888,P0333,0.81,CDR
P0333,P0406,0.69,CDR
P0406,P0538,0.63,CDR
P0538,P0283,0.91,CDR
P0283,P0215,0.88,CDR
P0215,P0498,0.88,CDR
P0498,P0354,0.69,CDR
P0354,P0772,0.55,CDR
P0772,P0222,0.69,CDR
P0222,P0547,0.89,CDR
P0547,P0257,0.63,CDR
P0257,P0816,0.75,CDR
P0816,P0723,0.57,CDR
P0723,P0242,0.88,CDR
P0242,P0722,0.93,CDR
P0722,P0431,0.73,CDR
P0431,P0635,0.83,CDR
P0635,P0458,0.59,CDR
P0458,P0929,0.86,CDR
P0929,P0404,0.89,CDR
P0404,P0052,0.54,CDR
P0052,P0228,0.69,CDR
P0228,P0050,0.9,CDR
P0050,P0587,0.93,CDR
P0587,P0613,0.87,CDR
P0613,P0270,0.8,CDR
P0270,P0582,0.8,CDR
P0582,P0710,0.85,CDR
P0710,P0703,0.65,CDR
P0703,P0998,0.77,CDR
P0998,P0313,0.93,CDR
P0313,P0759,0.58,CDR
P0759,P0741,0.74,CDR
P0741,P0933,0.73,CDR
P0933,P0762,0.88,CDR
P0762,P0528,0.61,CDR
P0528,P0734,0.63,CDR
P0734,P0777,0.57,CDR
P0777,P0912,0.62,CDR
P0912,P0295,0.72,CDR
P0295,P0438,0.86,CDR
P0438,P0894,0.66,CDR
P0894,P0850,0.94,CDR
P0850,P0990,0.81,CDR
P0990,P0687,0.9,CDR
P0687,P0755,0.86,CDR
P0755,P0733,0.9,CDR
P0733,P0107,0.92,CDR
P0107,P0823,0.51,CDR
P0823,P0532,0.76,CDR
P0532,P0463,0.66,CDR
P0463,P0343,0.78,CDR
P0343,P0291,0.88,CDR
P0291,P0062,0.74,CDR
P0062,P0649,0.87,CDR
P0649,P0407,0.79,CDR
P0407,P0625,0.76,CDR
P0894,P0582,0.3,SHARED_ORG
P0985,P0820,0.59,CDR
P0820,P0850,0.5,CDR
P0850,P0541,0.6,CDR
P0541,P0435,0.52,CDR
P0435,P0023,0.71,CDR
P0023,P0565,0.52,CDR
P0565,P0911,0.69,CDR
P0911,P0714,0.64,CDR
P0714,P0693,0.88,CDR
P0693,P0951,0.67,CDR
P0951,P0273,0.94,CDR
P0273,P0065,0.83,CDR
P0065,P0132,0.65,CDR
P0132,P0443,0.52,CDR
P0443,P0494,0.65,CDR
P0494,P0214,0.86,CDR
P0214,P0239,0.67,CDR
P0239,P1000,0.83,CDR
P1000,P0041,0.89,CDR
P0041,P0669,0.74,CDR
P0669,P0206,0.87,CDR
P0206,P0010,0.73,CDR
P0010,P0817,0.67,CDR
P0817,P0345,0.57,CDR
P0345,P0964,0.64,CDR
P0964,P0048,0.62,CDR
P0048,P0763,0.93,CDR
P0763,P0203,0.72,CDR
P0203,P0572,0.67,CDR
P0572,P0397,0.56,CDR
P0397,P0789,0.51,CDR
P0789,P0950,0.78,CDR
P0950,P0606,0.81,CDR
P0606,P0296,0.87,CDR
P0296,P0487,0.92,CDR
P0487,P0411,0.89,CDR
P0949,P0767,0.82,CDR
P0767,P0742,0.54,CDR
P0742,P0975,0.59,CDR
P0975,P0007,0.59,CDR
P0007,P0502,0.62,CDR
P0502,P0191,0.87,CDR
P0191,P0621,0.81,CDR
P0621,P0930,0.77,CDR
P0930,P0125,0.67,CDR
P0125,P0927,0.79,CDR
P0927,P0707,0.69,CDR
P0707,P0127,0.93,CDR
P0127,P0670,0.93,CDR
P0670,P0842,0.59,CDR
P0842,P0561,0.74,CDR
P0561,P0195,0.64,CDR
P0195,P0651,0.65,CDR
P0651,P0674,0.82,CDR
P0674,P0066,0.71,CDR
P0066,P0302,0.61,CDR
P0302,P0255,0.76,CDR
P0255,P0076,0.59,CDR
P0076,P0406,0.74,CDR
P0406,P0543,0.88,CDR
P0543,P0107,0.81,CDR
P0107,P0448,0.53,CDR
P0448,P0708,0.54,CDR
P0708,P0802,0.51,CDR
P0802,P0177,0.74,CDR
P0177,P0826,0.84,CDR
P0826,P0038,0.74,CDR
P0038,P0071,0.85,CDR
P0071,P0544,0.8,CDR
P0544,P0620,0.58,CDR
P0620,P0421,0.55,CDR
P0421,P0907,0.64,CDR
P0907,P0812,0.68,CDR
P0411,P0949,0.54,CDR
P0572,P0406,0.3,SHARED_ORG
P0801,P0038,0.71,CDR
P0038,P0127,0.91,CDR
P0127,P0113,0.62,CDR
P0113,P0401,0.51,CDR
P0401,P0624,0.56,CDR
P0624,P0954,0.79,CDR
P0954,P0591,0.68,CDR
P0591,P0738,0.63,CDR
P0738,P0328,0.92,CDR
P0328,P0483,0.65,CDR
P0483,P0132,0.94,CDR
P0132,P0616,0.56,CDR
P0585,P0431,0.73,CDR
P0431,P0187,0.79,CDR
P0187,P0922,0.7,CDR
P0922,P0840,0.86,CDR
P0840,P0090,0.61,CDR
P0090,P0974,0.75,CDR
P0974,P0938,0.91,CDR
P0938,P0942,0.94,CDR
P0942,P0200,0.81,CDR
P0200,P0806,0.87,CDR
P0806,P0763,0.78,CDR
P0763,P0358,0.82,CDR
P0616,P0585,0.82,CDR
P0585,P0585,0.3,SHARED_ORG
P0875,P0364,0.73,CDR
P0184,P0346,0.72,CDR
P0364,P0498,0.79,CDR
P0346,P0908,0.5,CDR
P0346,P0184,0.3,SHARED_ORG
P0933,P0760,0.84,CDR
P0760,P0892,0.76,CDR
P0892,P0393,0.56,CDR
P0393,P0246,0.89,CDR
P0246,P0093,0.89,CDR
P0093,P0536,0.5,CDR
P0536,P0063,0.83,CDR
P0063,P0992,0.71,CDR
P0992,P0678,0.51,CDR
P0678,P0925,0.65,CDR
P0925,P0624,0.82,CDR
P0624,P0358,0.66,CDR
P0358,P0315,0.63,CDR
P0315,P0444,0.53,CDR
P0444,P0679,0.79,CDR
P0679,P0149,0.88,CDR
P0149,P0878,0.68,CDR
P0878,P0058,0.54,CDR
P0058,P0434,0.56,CDR
P0434,P0191,0.72,CDR
P0191,P0575,0.68,CDR
P0575,P0084,0.5,CDR
P0084,P0915,0.58,CDR
P0915,P0756,0.73,CDR
P0756,P0048,0.95,CDR
P0048,P0176,0.78,CDR
P0176,P0346,0.69,CDR
P0346,P0479,0.7,CDR
P0479,P0182,0.66,CDR
P0182,P0172,0.76,CDR
P0172,P0843,0.93,CDR
P0843,P0245,0.87,CDR
P0245,P0596,0.8,CDR
P0596,P0630,0.65,CDR
P0630,P0905,0.76,CDR
P0905,P0081,0.55,CDR
P0081,P0531,0.79,CDR
P0714,P0857,0.54,CDR
P0857,P0699,0.81,CDR
P0699,P0024,0.64,CDR
P0024,P0665,0.88,CDR
P0665,P0526,0.59,CDR
P0526,P0303,0.52,CDR
P0303,P0123,0.93,CDR
P0123,P0644,0.74,CDR
P0644,P0166,0.71,CDR
P0166,P0098,0.93,CDR
P0098,P0380,0.6,CDR
P0380,P0340,0.73,CDR
P0340,P0101,0.8,CDR
P0101,P0397,0.61,CDR
P0397,P0970,0.57,CDR
P0970,P0386,0.93,CDR
P0386,P0602,0.73,CDR
P0602,P0914,0.75,CDR
P0914,P0518,0.79,CDR
P0518,P0167,0.59,CDR
P0167,P0208,0.65,CDR
P0208,P0731,0.83,CDR
P0731,P0431,0.84,CDR
P0431,P0594,0.61,CDR
P0594,P0334,0.93,CDR
P0334,P0898,0.53,CDR
P0898,P0803,0.77,CDR
P0803,P0522,0.56,CDR
P0522,P0932,0.7,CDR
P0932,P0675,0.92,CDR
P0675,P0832,0.62,CDR
P0832,P0827,0.54,CDR
P0827,P0060,0.87,CDR
P0060,P0661,0.56,CDR
P0661,P0552,0.6,CDR
P0552,P0351,0.53,CDR
P0351,P0629,0.65,CDR
P0629,P0353,0.54,CDR
P0531,P0714,0.74,CDR
P0060,P0176,0.3,SHARED_ORG
P0436,P0824,0.67,CDR
P0429,P0337,0.67,CDR
P0236,P0963,0.74,CDR
P0630,P0960,0.93,CDR
P0162,P0221,0.87,CDR
P0288,P0205,0.61,CDR
P0967,P0240,0.87,CDR
P0366,P0885,0.84,CDR
P0384,P0963,0.65,CDR
P0544,P0249,0.83,CDR
P0212,P0391,0.92,CDR
P0404,P0824,0.64,CDR
P0169,P0221,0.72,CDR
P0070,P0249,0.67,CDR
P0038,P0885,0.81,CDR
P0318,P0451,0.88,CDR
P0882,P0249,0.72,CDR
P0772,P0240,0.66,CDR
P0206,P0963,0.58,CDR
P0241,P0885,0.58,CDR
P0482,P0451,0.7,CDR
P0263,P0451,0.55,CDR
P0684,P0221,0.89,CDR
P0590,P0565,0.69,CDR
P0666,P0865,0.9,CDR
P0780,P0297,0.92,CDR
P0221,P0387,0.65,CDR
P0635,P0245,0.6,CDR
P0960,P0364,0.6,CDR
P0205,P0421,0.89,CDR
P0063,P0421,0.85,CDR
P0266,P0387,0.64,CDR
P0391,P0328,0.52,CDR
P0963,P0438,0.55,CDR
P0219,P0731,0.76,CDR
P0250,P0310,0.64,CDR
P0249,P0422,0.95,CDR
P0297,P0422,0.87,CDR
P0337,P0302,0.76,CDR
P0565,P0310,0.69,CDR
P0885,P0925,0.8,CDR
P0736,P0302,0.87,CDR
P0865,P0364,0.91,CDR
P0352,P0731,0.89,CDR
P0878,P0310,0.64,CDR
P0824,P0158,0.59,CDR
P0451,P0074,0.83,CDR
P0529,P0074,0.63,CDR
P0240,P0806,0.53,CDR
P0491,P0541,0.75,CDR
P0353,P0182,0.73,CDR
P0850,P0438,0.56,CDR
P0352,P0266,0.3,SHARED_ORG
P0510,P0603,0.82,CDR
P0510,P0711,0.57,CDR
P0603,P0711,0.74,CDR
P0603,P0223,0.57,CDR
P0711,P0223,0.68,CDR
P0711,P0550,0.68,CDR
P0223,P0550,0.69,CDR
P0223,P0900,0.85,CDR
P0550,P0900,0.8,CDR
P0550,P0751,0.82,CDR
P0900,P0751,0.81,CDR
P0900,P0625,0.51,CDR
P0751,P0625,0.74,CDR
P0751,P0510,0.3,SHARED_ORG
P0689,P0759,0.64,CDR
P0759,P0734,0.77,CDR
P0734,P0095,0.68,CDR
P0095,P0903,0.75,CDR
P0903,P0290,0.6,CDR
P0290,P0069,0.88,CDR
P0069,P0577,0.56,CDR
P0577,P0162,0.59,CDR
P0162,P0034,0.67,CDR
P0034,P0843,0.56,CDR
P0843,P0397,0.78,CDR
P0397,P0187,0.9,CDR
P0187,P0992,0.86,CDR
P0992,P0946,0.93,CDR
P0946,P0473,0.52,CDR
P0473,P0979,0.71,CDR
P0979,P0767,0.91,CDR
P0767,P0895,0.72,CDR
P0895,P0431,0.74,CDR
P0431,P0851,0.75,CDR
P0851,P0773,0.87,CDR
P0773,P0394,0.95,CDR
P0394,P0153,0.93,CDR
P0153,P0849,0.83,CDR
P0849,P0883,0.86,CDR
P0883,P0094,0.7,CDR
P0992,P0473,0.3,SHARED_ORG
P0627,P0126,0.61,CDR
P0126,P0811,0.8,CDR
P0811,P0937,0.58,CDR
P0937,P0203,0.78,CDR
P0203,P0943,0.93,CDR
P0943,P0532,0.52,CDR
P0532,P0292,0.6,CDR
P0292,P0149,0.76,CDR
P0149,P0153,0.83,CDR
P0153,P0995,0.63,CDR
P0995,P0547,0.52,CDR
P0547,P0068,0.74,CDR
P0068,P0558,0.55,CDR
P0558,P0688,0.68,CDR
P0688,P0870,0.89,CDR
P0870,P0327,0.74,CDR
P0327,P0218,0.75,CDR
P0218,P0823,0.51,CDR
P0823,P0692,0.83,CDR
P0692,P0971,0.53,CDR
P0971,P0586,0.8,CDR
P0586,P0975,0.93,CDR
P0975,P0154,0.76,CDR
P0154,P0664,0.93,CDR
P0664,P0258,0.76,CDR
P0258,P0066,0.69,CDR
P0066,P0541,0.67,CDR
P0541,P0259,0.72,CDR
P0259,P0899,0.54,CDR
P0899,P0467,0.59,CDR
P0467,P0158,0.84,CDR
P0899,P0066,0.3,SHARED_ORG
P0813,P0054,0.69,CDR
P0054,P0250,0.79,CDR
P0250,P0648,0.77,CDR
P0648,P0502,0.87,CDR
P0502,P0146,0.63,CDR
P0431,P0430,0.55,CDR
P0430,P0588,0.56,CDR
P0588,P0226,0.7,CDR
P0226,P0414,0.63,CDR
P0414,P0003,0.8,CDR
P0003,P0170,0.85,CDR
P0146,P0431,0.65,CDR
P0146,P0502,0.3,SHARED_ORG
P0849,P0341,0.91,CDR
P0125,P0171,0.83,CDR
P0378,P0822,0.79,CDR
P0842,P0933,0.56,CDR
P0634,P0810,0.94,CDR
P0282,P0870,0.66,CDR
P0597,P0986,0.69,CDR
P0322,P0901,0.68,CDR
P0791,P0845,0.86,CDR
P0901,P0810,0.3,SHARED_ORG
P0026,P0501,0.66,CDR
P0374,P0320,0.89,CDR
P0477,P0327,0.89,CDR
P0813,P0375,0.92,CDR
P0740,P0011,0.8,CDR
P0857,P0354,0.87,CDR
P0411,P0027,0.81,CDR
P0269,P0818,0.51,CDR
P0984,P0883,0.56,CDR
P0355,P0055,0.88,CDR
P0697,P0716,0.81,CDR
P0478,P0880,0.7,CDR
P0409,P0489,0.57,CDR
P0810,P0016,0.89,CDR
P0069,P0184,0.63,CDR
P0758,P0920,0.53,CDR
P0266,P0596,0.84,CDR
P0069,P0069,0.3,SHARED_ORG
P0323,P0805,0.81,CDR
P0117,P0170,0.78,CDR
P0160,P0978,0.66,CDR
P0694,P0595,0.67,CDR
P0139,P0999,0.83,CDR
P0998,P0211,0.52,CDR
P0533,P0440,0.82,CDR
P0778,P0927,0.87,CDR
P0770,P0495,0.56,CDR
P0016,P0494,0.67,CDR
P0107,P0603,0.6,CDR
P0539,P0260,0.9,CDR
P0898,P0997,0.51,CDR
P0723,P0466,0.54,CDR
P0541,P0480,0.86,CDR
P0492,P0885,0.93,CDR
P0922,P0514,0.61,CDR
P0940,P0656,0.61,CDR
P0034,P0055,0.82,CDR
P0593,P0611,0.88,CDR
P0629,P0780,0.86,CDR
P0022,P0575,0.7,CDR
P0269,P0263,0.9,CDR
P0327,P0423,0.61,CDR
P0243,P0929,0.69,CDR
P0788,P0058,0.85,CDR
P0484,P0100,0.57,CDR
P0585,P0353,0.57,CDR
P0763,P0869,0.93,CDR
P0787,P0481,0.83,CDR
P0802,P0883,0.75,CDR
P0919,P0094,0.89,CDR
P0738,P0120,0.91,CDR
P0207,P0948,0.94,CDR
P0281,P0635,0.7,CDR
P0033,P0512,0.82,CDR
P0192,P0887,0.85,CDR
P0557,P0054,0.57,CDR
P0514,P0260,0.3,SHARED_ORG
P0019,P0207,0.66,CDR
P0791,P0994,0.69,CDR
P0918,P0773,0.78,CDR
P0615,P0207,0.67,CDR
P0716,P0649,0.8,CDR
P0210,P0773,0.51,CDR
P0614,P0583,0.84,CDR
P0207,P0138,0.84,CDR
P0773,P0583,0.77,CDR
P0994,P0631,0.72,CDR
P0832,P0138,0.87,CDR
P0649,P0138,0.58,CDR
P0832,P0918,0.3,SHARED_ORG
P0535,P0490,0.51,CDR
P0490,P0979,0.93,CDR
P0979,P0095,0.71,CDR
P0095,P0059,0.79,CDR
P0059,P0844,0.57,CDR
P0844,P0560,0.74,CDR
P0560,P0675,0.62,CDR
P0675,P0642,0.93,CDR
P0642,P0823,0.73,CDR
P0823,P0752,0.92,CDR
P0752,P0799,0.55,CDR
P0799,P0388,0.6,CDR
P0388,P0094,0.78,CDR
P0752,P0560,0.3,SHARED_ORG
P0287,P0216,0.78,CDR
P0216,P0251,0.83,CDR
P0251,P0216,0.3,SHARED_ORG
P0414,P0894,0.6,CDR
P0414,P0856,0.73,CDR
P0414,P0418,0.51,CDR
P0414,P0770,0.65,CDR
P0414,P0180,0.73,CDR
P0414,P0483,0.72,CDR
P0414,P0938,0.58,CDR
P0414,P0064,0.83,CDR
P0414,P0124,0.92,CDR
P0414,P0660,0.64,CDR
P0414,P0076,0.56,CDR
P0414,P0235,0.8,CDR
P0414,P0387,0.57,CDR
P0414,P0925,0.76,CDR
P0414,P0299,0.76,CDR
P0414,P0244,0.9,CDR
P0414,P0291,0.52,CDR
P0414,P0530,0.53,CDR
P0414,P0243,0.55,CDR
P0414,P0261,0.65,CDR
P0414,P0727,0.57,CDR
P0414,P0587,0.66,CDR
P0414,P0832,0.6,CDR
P0414,P0210,0.67,CDR
P0414,P0070,0.69,CDR
P0414,P0537,0.88,CDR
P0414,P0968,0.51,CDR
P0414,P0930,0.86,CDR
P0414,P0741,0.63,CDR
P0414,P0236,0.57,CDR
P0414,P0361,0.58,CDR
P0414,P0569,0.56,CDR
P0414,P0628,0.59,CDR
P0414,P0276,0.62,CDR
P0414,P0931,0.81,CDR
P0414,P0100,0.77,CDR
P0414,P0193,0.67,CDR
P0414,P0839,0.76,CDR
P0414,P0428,0.51,CDR
P0414,P0729,0.61,CDR
P0414,P0564,0.82,CDR
P0414,P0001,0.66,CDR
P0414,P0423,0.66,CDR
P0414,P0252,0.87,CDR
P0414,P0590,0.72,CDR
P0414,P0278,0.74,CDR
P0414,P0306,0.72,CDR
P0414,P0972,0.51,CDR
P0414,P0020,0.53,CDR
P0414,P0300,0.82,CDR
P0414,P0634,0.58,CDR
P0587,P0729,0.3,SHARED_ORG
P0970,P0954,0.66,CDR
P0954,P0595,0.86,CDR
P0595,P0351,0.93,CDR
P0351,P0851,0.79,CDR
P0851,P0437,0.75,CDR
P0437,P0442,0.87,CDR
P0442,P0644,0.65,CDR
P0351,P0851,0.3,SHARED_ORG
P0557,P0441,0.51,CDR
P0557,P0599,0.81,CDR
P0723,P0094,0.82,CDR
P0557,P0926,0.53,CDR
P0557,P0063,0.53,CDR
P0723,P0159,0.6,CDR
P0723,P0644,0.75,CDR
P0723,P0047,0.76,CDR
P0557,P0708,0.73,CDR
P0723,P0419,0.73,CDR
P0723,P0852,0.84,CDR
P0723,P0545,0.88,CDR
P0723,P0881,0.66,CDR
P0723,P0609,0.66,CDR
P0723,P0004,0.85,CDR
P0004,P0708,0.3,SHARED_ORG
P0899,P0938,0.78,CDR
P0938,P0818,0.6,CDR
P0818,P0514,0.68,CDR
P0514,P0426,0.9,CDR
P0426,P0781,0.87,CDR
P0781,P0239,0.68,CDR
P0239,P0158,0.58,CDR
P0239,P0899,0.3,SHARED_ORG
P0826,P0285,0.66,CDR
P0826,P0054,0.6,CDR
P0285,P0054,0.67,CDR
P0285,P0608,0.59,CDR
P0054,P0608,0.53,CDR
P0054,P0458,0.65,CDR
P0608,P0458,0.51,CDR
P0608,P0364,0.77,CDR
P0458,P0364,0.89,CDR
P0458,P0085,0.54,CDR
P0364,P0085,0.53,CDR
P0364,P0244,0.52,CDR
P0085,P0244,0.82,CDR
P0085,P0234,0.66,CDR
P0244,P0234,0.81,CDR
P0244,P0463,0.93,CDR
P0234,P0463,0.93,CDR
P0234,P0730,0.75,CDR
P0463,P0730,0.79,CDR
P0463,P0564,0.54,CDR
P0730,P0564,0.6,CDR
P0730,P0279,0.83,CDR
P0564,P0279,0.94,CDR
P0564,P0981,0.67,CDR
P0279,P0981,0.74,CDR
P0279,P0597,0.89,CDR
P0981,P0597,0.62,CDR
P0981,P0143,0.53,CDR
P0597,P0143,0.84,CDR
P0597,P0581,0.73,CDR
P0143,P0581,0.93,CDR
P0143,P0264,0.93,CDR
P0581,P0264,0.85,CDR
P0581,P0817,0.8,CDR
P0264,P0817,0.78,CDR
P0264,P0004,0.81,CDR
P0817,P0004,0.53,CDR
P0817,P0894,0.6,CDR
P0004,P0894,0.67,CDR
P0004,P0342,0.53,CDR
P0894,P0342,0.83,CDR
P0894,P0920,0.62,CDR
P0342,P0920,0.89,CDR
P0342,P0425,0.65,CDR
P0920,P0425,0.55,CDR
P0920,P0490,0.52,CDR
P0425,P0490,0.69,CDR
P0425,P0711,0.84,CDR
P0490,P0711,0.7,CDR
P0490,P0984,0.71,CDR
P0711,P0984,0.68,CDR
P0711,P0737,0.83,CDR
P0984,P0737,0.73,CDR
P0984,P0811,0.85,CDR
P0737,P0811,0.65,CDR
P0737,P0047,0.65,CDR
P0811,P0047,0.9,CDR
P0811,P0697,0.94,CDR
P0047,P0697,0.88,CDR
P0047,P0961,0.93,CDR
P0697,P0961,0.81,CDR
P0697,P0093,0.54,CDR
P0961,P0093,0.95,CDR
P0961,P0231,0.78,CDR
P0093,P0231,0.81,CDR
P0093,P0089,0.82,CDR
P0231,P0089,0.63,CDR
P0231,P0033,0.68,CDR
P0089,P0033,0.87,CDR
P0089,P0945,0.89,CDR
P0033,P0945,0.61,CDR
P0033,P0735,0.72,CDR
P0945,P0735,0.8,CDR
P0945,P0139,0.69,CDR
P0735,P0139,0.85,CDR
P0735,P0947,0.74,CDR
P0139,P0947,0.91,CDR
P0139,P0302,0.53,CDR
P0947,P0302,0.85,CDR
P0947,P0477,0.78,CDR
P0302,P0477,0.86,CDR
P0302,P0621,0.55,CDR
P0477,P0621,0.78,CDR
P0477,P0549,0.6,CDR
P0621,P0549,0.85,CDR
P0621,P0413,0.81,CDR
P0549,P0413,0.77,CDR
P0549,P0729,0.75,CDR
P0413,P0729,0.57,CDR
P0413,P0024,0.79,CDR
P0729,P0024,0.54,CDR
P0729,P0485,0.65,CDR
P0024,P0485,0.85,CDR
P0024,P0766,0.83,CDR
P0485,P0766,0.61,CDR
P0485,P0319,0.54,CDR
P0766,P0319,0.72,CDR
P0766,P0733,0.64,CDR
P0319,P0733,0.61,CDR
P0342,P0485,0.3,SHARED_ORG
P0869,P0581,0.94,CDR
P0581,P0335,0.74,CDR
P0335,P0581,0.3,SHARED_ORG
P0772,P0917,0.75,CDR
P0772,P0714,0.81,CDR
P0917,P0714,0.8,CDR
P0917,P0659,0.52,CDR
P0714,P0659,0.74,CDR
P0714,P0311,0.75,CDR
P0659,P0311,0.84,CDR
P0659,P0176,0.61,CDR
P0311,P0176,0.6,CDR
P0311,P0535,0.5,CDR
P0176,P0535,0.86,CDR
P0176,P0186,0.78,CDR
P0535,P0186,0.92,CDR
P0535,P0095,0.55,CDR
P0186,P0095,0.57,CDR
P0186,P0461,0.84,CDR
P0095,P0461,0.89,CDR
P0095,P0544,0.53,CDR
P0461,P0544,0.9,CDR
P0461,P0153,0.71,CDR
P0544,P0153,0.83,CDR
P0544,P0640,0.62,CDR
P0153,P0640,0.89,CDR
P0153,P0382,0.85,CDR
P0640,P0382,0.55,CDR
P0640,P0954,0.84,CDR
P0382,P0954,0.89,CDR
P0382,P0610,0.85,CDR
P0954,P0610,0.59,CDR
P0954,P0759,0.92,CDR
P0610,P0759,0.83,CDR
P0610,P0636,0.85,CDR
P0759,P0636,0.92,CDR
P0759,P0124,0.79,CDR
P0636,P0124,0.57,CDR
P0636,P0947,0.93,CDR
P0124,P0947,0.74,CDR
P0124,P0928,0.88,CDR
P0947,P0928,0.8,CDR
P0947,P0729,0.58,CDR
P0928,P0729,0.8,CDR
P0928,P0410,0.76,CDR
P0729,P0410,0.77,CDR
P0729,P0310,0.88,CDR
P0410,P0310,0.83,CDR
P0410,P0534,0.74,CDR
P0310,P0534,0.54,CDR
P0310,P0671,0.75,CDR
P0534,P0671,0.61,CDR
P0759,P0954,0.3,SHARED_ORG
P0431,P0529,0.62,CDR
P0431,P0513,0.95,CDR
P0431,P0754,0.65,CDR
P0431,P0013,0.64,CDR
P0431,P0427,0.58,CDR
P0431,P0490,0.72,CDR
P0431,P0512,0.6,CDR
P0431,P0588,0.81,CDR
P0431,P0546,0.76,CDR
P0431,P0987,0.81,CDR
P0431,P0954,0.57,CDR
P0431,P0217,0.76,CDR
P0431,P0468,0.7,CDR
P0431,P0772,0.71,CDR
P0431,P0194,0.94,CDR
P0431,P0583,0.57,CDR
P0431,P0907,0.7,CDR
P0431,P0043,0.89,CDR
P0194,P0431,0.3,SHARED_ORG
P0310,P0133,0.51,CDR
P0310,P0844,0.91,CDR
P0310,P0984,0.85,CDR
P0310,P0074,0.9,CDR
P0844,P0984,0.3,SHARED_ORG
P0227,P0758,0.75,CDR
P0227,P0747,0.57,CDR
P0689,P0800,0.68,CDR
P0227,P0449,0.73,CDR
P0227,P0934,0.87,CDR
P0227,P0030,0.84,CDR
P0227,P0823,0.74,CDR
P0689,P0481,0.68,CDR
P0227,P0476,0.94,CDR
P0227,P0049,0.91,CDR
P0227,P0517,0.79,CDR
P0227,P0976,0.81,CDR
P0227,P0600,0.87,CDR
P0227,P0052,0.64,CDR
P0689,P0919,0.81,CDR
P0227,P0892,0.67,CDR
P0689,P0729,0.51,CDR
P0052,P0517,0.3,SHARED_ORG
P0125,P0916,0.77,CDR
P0916,P0573,0.53,CDR
P0573,P0755,0.52,CDR
P0755,P0242,0.85,CDR
P0242,P0748,0.79,CDR
P0748,P0281,0.86,CDR
P0768,P0297,0.81,CDR
P0297,P0002,0.58,CDR
P0002,P0785,0.62,CDR
P0785,P0261,0.57,CDR
P0261,P0491,0.54,CDR
P0491,P0055,0.74,CDR
P0281,P0768,0.64,CDR
P0281,P0491,0.3,SHARED_ORG
P0170,P0498,0.63,CDR
P0170,P0296,0.58,CDR
P0296,P0170,0.3,SHARED_ORG
P0296,P0817,0.74,CDR
P0817,P0195,0.94,CDR
P0195,P0443,0.88,CDR
P0195,P0817,0.3,SHARED_ORG
P0632,P0230,0.77,CDR
P0482,P0359,0.75,CDR
P0394,P0709,0.74,CDR
P0947,P0053,0.86,CDR
P0378,P0230,0.55,CDR
P0005,P0264,0.68,CDR
P0231,P0053,0.78,CDR
P0346,P0264,0.92,CDR
P0228,P0894,0.5,CDR
P0564,P0124,0.65,CDR
P0593,P0359,0.51,CDR
P0930,P0894,0.58,CDR
P0053,P0111,0.93,CDR
P0673,P0297,0.77,CDR
P0124,P0144,0.6,CDR
P0894,P0506,0.66,CDR
P0422,P0558,0.73,CDR
P0734,P0961,0.63,CDR
P0235,P0111,0.73,CDR
P0264,P0297,0.91,CDR
P0359,P0297,0.57,CDR
P0230,P0873,0.9,CDR
P0563,P0035,0.67,CDR
P0709,P0144,0.63,CDR
P0419,P0378,0.3,SHARED_ORG
P0736,P0837,0.54,CDR
P0145,P0224,0.54,CDR
P0923,P0507,0.55,CDR
P0324,P0165,0.76,CDR
P0662,P0059,0.79,CDR
P0998,P0172,0.67,CDR
P0153,P0896,0.85,CDR
P0405,P0156,0.79,CDR
P1000,P0616,0.88,CDR
P0274,P0843,0.78,CDR
P0147,P0818,0.71,CDR
P0287,P0417,0.64,CDR
P0125,P0755,0.83,CDR
P0224,P0059,0.3,SHARED_ORG
P0118,P0156,0.65,CDR
P0118,P0700,0.57,CDR
P0118,P0393,0.89,CDR
P0118,P0486,0.77,CDR
P0118,P0691,0.79,CDR
P0118,P0046,0.65,CDR
P0118,P0433,0.89,CDR
P0118,P0503,0.89,CDR
P0118,P0272,0.94,CDR
P0118,P0136,0.64,CDR
P0118,P0630,0.72,CDR
P0118,P0544,0.62,CDR
P0118,P0533,0.75,CDR
P0118,P0080,0.71,CDR
P0118,P0065,0.87,CDR
P0118,P0575,0.66,CDR
P0118,P0653,0.68,CDR
P0118,P0843,0.58,CDR
P0118,P0430,0.55,CDR
P0118,P0453,0.64,CDR
P0118,P0333,0.53,CDR
P0118,P0534,0.79,CDR
P0118,P0720,0.92,CDR
P0118,P0021,0.71,CDR
P0118,P0686,0.89,CDR
P0118,P0816,0.8,CDR
P0118,P0984,0.84,CDR
P0118,P0013,0.71,CDR
P0118,P0938,0.79,CDR
P0118,P0190,0.8,CDR
P0118,P0278,0.69,CDR
P0118,P0378,0.89,CDR
P0118,P0942,0.68,CDR
P0118,P0582,0.52,CDR
P0118,P0732,0.63,CDR
P0118,P0956,0.8,CDR
P0118,P0998,0.58,CDR
P0118,P0180,0.79,CDR
P0118,P0482,0.61,CDR
P0118,P0227,0.72,CDR
P0118,P0943,0.56,CDR
P0118,P0401,0.71,CDR
P0118,P0441,0.58,CDR
P0942,P0393,0.3,SHARED_ORG
P0009,P0201,0.73,CDR
P0009,P0145,0.77,CDR
P0145,P0201,0.3,SHARED_ORG
P0086,P0716,0.61,CDR
P0716,P0783,0.87,CDR
P0783,P0783,0.3,SHARED_ORG
P0968,P0494,0.71,CDR
P0494,P0774,0.57,CDR
P0774,P0808,0.94,CDR
P0808,P0438,0.66,CDR
P0438,P0874,0.88,CDR
P0874,P0873,0.56,CDR
P0873,P0241,0.6,CDR
P0241,P0988,0.81,CDR
P0988,P0901,0.72,CDR
P0901,P0688,0.8,CDR
P0688,P0158,0.57,CDR
P0873,P0688,0.3,SHARED_ORG
P0497,P0126,0.59,CDR
P0366,P0126,0.72,CDR
P0251,P0053,0.88,CDR
P0126,P0053,0.53,CDR
P0126,P0287,0.3,SHARED_ORG
P0476,P0101,0.83,CDR
P0117,P0563,0.65,CDR
P0712,P0398,0.66,CDR
P0856,P0430,0.62,CDR
P0426,P0402,0.84,CDR
P0981,P0280,0.92,CDR
P0996,P0711,0.95,CDR
P0964,P0890,0.72,CDR
P0964,P0890,0.3,SHARED_ORG
P0179,P0725,0.76,CDR
P0179,P0688,0.57,CDR
P0725,P0688,0.82,CDR
P0725,P0485,0.76,CDR
P0688,P0485,0.6,CDR
P0688,P0986,0.9,CDR
P0485,P0986,0.64,CDR
P0485,P0379,0.9,CDR
P0986,P0379,0.86,CDR
P0986,P0687,0.71,CDR
P0379,P0687,0.77,CDR
P0379,P0783,0.68,CDR
P0687,P0783,0.82,CDR
P0687,P0607,0.87,CDR
P0783,P0607,0.83,CDR
P0783,P0532,0.92,CDR
P0607,P0532,0.88,CDR
P0607,P0698,0.79,CDR
P0532,P0698,0.73,CDR
P0532,P0847,0.94,CDR
P0698,P0847,0.62,CDR
P0698,P0315,0.57,CDR
P0847,P0315,0.55,CDR
P0847,P0702,0.63,CDR
P0315,P0702,0.94,CDR
P0315,P0992,0.83,CDR
P0702,P0992,0.76,CDR
P0702,P0251,0.64,CDR
P0992,P0251,0.74,CDR
P0992,P0480,0.8,CDR
P0251,P0480,0.57,CDR
P0251,P0178,0.62,CDR
P0480,P0178,0.7,CDR
P0480,P0728,0.57,CDR
P0178,P0728,0.7,CDR
P0178,P0966,0.71,CDR
P0728,P0966,0.63,CDR
P0728,P0555,0.67,CDR
P0966,P0555,0.95,CDR
P0966,P0192,0.66,CDR
P0555,P0192,0.5,CDR
P0555,P0809,0.94,CDR
P0192,P0809,0.64,CDR
P0192,P0406,0.61,CDR
P0809,P0406,0.81,CDR
P0809,P0822,0.88,CDR
P0406,P0822,0.59,CDR
P0406,P0699,0.75,CDR
P0822,P0699,0.94,CDR
P0822,P0775,0.81,CDR
P0699,P0775,0.71,CDR
P0699,P0297,0.89,CDR
P0775,P0297,0.67,CDR
P0775,P0124,0.86,CDR
P0297,P0124,0.61,CDR
P0297,P0328,0.89,CDR
P0124,P0328,0.89,CDR
P0124,P0429,0.54,CDR
P0328,P0429,0.68,CDR
P0698,P0328,0.3,SHARED_ORG
P0851,P0285,0.87,CDR
P0285,P0714,0.62,CDR
P0714,P0714,0.3,SHARED_ORG
P0637,P0821,0.67,CDR
P0821,P0193,0.58,CDR
P0193,P0543,0.6,CDR
P0543,P0187,0.52,CDR
P0187,P0487,0.56,CDR
P0487,P0862,0.55,CDR
P0373,P0771,0.91,CDR
P0771,P0424,0.51,CDR
P0424,P0426,0.72,CDR
P0426,P0602,0.9,CDR
P0602,P0350,0.78,CDR
P0350,P0828,0.88,CDR
P0862,P0373,0.62,CDR
P0187,P0187,0.3,SHARED_ORG
P0780,P0642,0.76,CDR
P0642,P0373,0.53,CDR
P0373,P0223,0.56,CDR
P0223,P0671,0.79,CDR
P0671,P0077,0.73,CDR
P0077,P0075,0.65,CDR
P0075,P0325,0.95,CDR
P0325,P0466,0.9,CDR
P0466,P0850,0.91,CDR
P0850,P0958,0.58,CDR
P0958,P0334,0.74,CDR
P0334,P0117,0.51,CDR
P0117,P0818,0.91,CDR
P0818,P0676,0.84,CDR
P0676,P0131,0.68,CDR
P0131,P0425,0.85,CDR
P0425,P0320,0.95,CDR
P0320,P0130,0.9,CDR
P0130,P0551,0.85,CDR
P0551,P0296,0.75,CDR
P0296,P0970,0.7,CDR
P0970,P0405,0.82,CDR
P0405,P0248,0.67,CDR
P0960,P0678,0.55,CDR
P0678,P0071,0.64,CDR
P0071,P0009,0.81,CDR
P0009,P0541,0.63,CDR
P0541,P0585,0.67,CDR
P0585,P0019,0.6,CDR
P0019,P0503,0.92,CDR
P0503,P0529,0.6,CDR
P0529,P0445,0.81,CDR
P0445,P0617,0.73,CDR
P0617,P0426,0.56,CDR
P0426,P0157,0.91,CDR
P0157,P0324,0.73,CDR
P0324,P0140,0.84,CDR
P0140,P0613,0.64,CDR
P0613,P0458,0.59,CDR
P0458,P0193,0.83,CDR
P0193,P0603,0.67,CDR
P0603,P0885,0.63,CDR
P0885,P0207,0.78,CDR
P0207,P0584,0.85,CDR
P0584,P0450,0.59,CDR
P0450,P0692,0.67,CDR
P0248,P0960,0.87,CDR
P0678,P0692,0.3,SHARED_ORG
P0577,P0884,0.51,CDR
P0577,P0062,0.86,CDR
P0577,P0713,0.5,CDR
P0577,P0373,0.55,CDR
P0577,P0311,0.62,CDR
P0577,P0358,0.76,CDR
P0577,P0354,0.9,CDR
P0577,P0374,0.77,CDR
P0577,P0758,0.76,CDR
P0577,P0696,0.78,CDR
P0577,P0666,0.82,CDR
P0577,P0968,0.72,CDR
P0577,P0498,0.69,CDR
P0577,P0371,0.77,CDR
P0577,P1000,0.52,CDR
P0577,P0917,0.87,CDR
P0577,P0035,0.57,CDR
P0577,P0733,0.69,CDR
P0577,P0033,0.65,CDR
P0577,P0316,0.59,CDR
P0577,P0557,0.78,CDR
P0577,P0730,0.76,CDR
P0577,P0934,0.69,CDR
P0577,P0529,0.63,CDR
P0577,P0263,0.81,CDR
P0577,P0381,0.83,CDR
P0577,P0684,0.86,CDR
P0577,P0981,0.7,CDR
P0577,P0580,0.6,CDR
P0577,P0550,0.55,CDR
P0577,P0370,0.54,CDR
P0577,P0830,0.55,CDR
P0577,P0559,0.64,CDR
P0577,P0851,0.76,CDR
P0577,P0960,0.75,CDR
P0577,P0494,0.82,CDR
P0577,P0697,0.57,CDR
P0577,P0241,0.77,CDR
P1000,P0733,0.3,SHARED_ORG
P0353,P0432,0.95,CDR
P0432,P0035,0.85,CDR
P0035,P0715,0.83,CDR
P0715,P0133,0.64,CDR
P0133,P0497,0.63,CDR
P0497,P0879,0.89,CDR
P0879,P0661,0.79,CDR
P0661,P0414,0.77,CDR
P0414,P0198,0.83,CDR
P0198,P0474,0.66,CDR
P0474,P0115,0.58,CDR
P0115,P0411,0.72,CDR
P0411,P0617,0.57,CDR
P0617,P0711,0.73,CDR
P0711,P0493,0.94,CDR
P0493,P0549,0.94,CDR
P0549,P0899,0.63,CDR
P0899,P0294,0.62,CDR
P0294,P0839,0.56,CDR
P0839,P0961,0.84,CDR
P0961,P0345,0.53,CDR
P0345,P0826,0.57,CDR
P0826,P0544,0.94,CDR
P0544,P0923,0.94,CDR
P0923,P0933,0.85,CDR
P0933,P0492,0.87,CDR
P0492,P0050,0.78,CDR
P0050,P0456,0.59,CDR
P0456,P0116,0.91,CDR
P0116,P0356,0.9,CDR
P0356,P0363,0.7,CDR
P0363,P0908,0.57,CDR
P0908,P0072,0.94,CDR
P0072,P0752,0.63,CDR
P0752,P0996,0.84,CDR
P0996,P0399,0.85,CDR
P0399,P0855,0.84,CDR
P0855,P0114,0.56,CDR
P0114,P0800,0.54,CDR
P0800,P0136,0.78,CDR
P0136,P0001,0.62,CDR
P0001,P0510,0.52,CDR
P0510,P0371,0.76,CDR
P0371,P0620,0.64,CDR
P0620,P0272,0.86,CDR
P0272,P0288,0.84,CDR
P0288,P0346,0.8,CDR
P0346,P0816,0.65,CDR
P0816,P0331,0.61,CDR
P0331,P0103,0.62,CDR
P0103,P0968,0.61,CDR
P0968,P0779,0.71,CDR
P0779,P0350,0.58,CDR
P0350,P0298,0.68,CDR
P0298,P0370,0.65,CDR
P0370,P0023,0.56,CDR
P0023,P0631,0.83,CDR
P0631,P0650,0.87,CDR
P0650,P0327,0.95,CDR
P0327,P0459,0.88,CDR
P0459,P0890,0.54,CDR
P0890,P0725,0.7,CDR
P0725,P0766,0.51,CDR
P0766,P0902,0.72,CDR
P0902,P0049,0.87,CDR
P0049,P0280,0.67,CDR
P0280,P0435,0.94,CDR
P0435,P0501,0.92,CDR
P0501,P0740,0.73,CDR
P0740,P0601,0.57,CDR
P0601,P0379,0.81,CDR
P0379,P0821,0.85,CDR
P0821,P0321,0.51,CDR
P0023,P0826,0.3,SHARED_ORG
P0901,P0794,0.93,CDR
P0794,P0314,0.86,CDR
P0314,P0463,0.69,CDR
P0463,P0366,0.77,CDR
P0366,P0108,0.68,CDR
P0108,P0757,0.93,CDR
P0757,P0456,0.76,CDR
P0456,P0200,0.9,CDR
P0200,P0824,0.72,CDR
P0824,P0363,0.59,CDR
P0363,P0980,0.76,CDR
P0980,P0895,0.76,CDR
P0895,P0328,0.77,CDR
P0328,P0519,0.61,CDR
P0519,P0664,0.8,CDR
P0664,P0816,0.61,CDR
P0816,P0782,0.51,CDR
P0782,P0199,0.68,CDR
P0199,P0070,0.91,CDR
P0070,P0359,0.66,CDR
P0359,P0053,0.74,CDR
P0053,P0287,0.75,CDR
P0287,P0653,0.93,CDR
P0653,P0915,0.5,CDR
P0915,P0446,0.81,CDR
P0446,P0112,0.53,CDR
P0112,P0297,0.82,CDR
P0297,P0060,0.73,CDR
P0060,P0996,0.55,CDR
P0996,P0806,0.66,CDR
P0806,P0404,0.67,CDR
P0404,P0345,0.54,CDR
P0345,P0280,0.84,CDR
P0280,P0853,0.8,CDR
P0853,P0370,0.62,CDR
P0370,P0288,0.61,CDR
P0288,P0395,0.85,CDR
P0395,P0181,0.56,CDR
P0181,P0875,0.82,CDR
P0875,P0469,0.65,CDR
P0469,P0969,0.76,CDR
P0969,P0544,0.72,CDR
P0544,P0625,0.56,CDR
P0395,P0070,0.3,SHARED_ORG
P0471,P0116,0.91,CDR
P0148,P0272,0.53,CDR
P0148,P0694,0.69,CDR
P0471,P0229,0.54,CDR
P0471,P0005,0.59,CDR
P0148,P0017,0.55,CDR
P0148,P0124,0.6,CDR
P0148,P0545,0.81,CDR
P0471,P0707,0.78,CDR
P0148,P0223,0.57,CDR
P0148,P0390,0.92,CDR
P0148,P0659,0.56,CDR
P0148,P0806,0.82,CDR
P0471,P0607,0.57,CDR
P0148,P0689,0.55,CDR
P0148,P0307,0.82,CDR
P0148,P0448,0.57,CDR
P0148,P0064,0.89,CDR
P0471,P0999,0.51,CDR
P0471,P0431,0.87,CDR
P0148,P0484,0.59,CDR
P0148,P0812,0.65,CDR
P0471,P0370,0.93,CDR
P0471,P0168,0.88,CDR
P0148,P0289,0.87,CDR
P0148,P0930,0.8,CDR
P0148,P0306,0.77,CDR
P0471,P0027,0.79,CDR
P0471,P0611,0.74,CDR
P0471,P0986,0.86,CDR
P0148,P0145,0.75,CDR
P0471,P0469,0.88,CDR
P0471,P0630,0.67,CDR
P0148,P0451,0.83,CDR
P0148,P0575,0.62,CDR
P0471,P0216,0.75,CDR
P0148,P0135,0.9,CDR
P0471,P0646,0.72,CDR
P0471,P0947,0.79,CDR
P0148,P0861,0.64,CDR
P0471,P0499,0.54,CDR
P0148,P0786,0.54,CDR
P0148,P0134,0.74,CDR
P0148,P0350,0.54,CDR
P0471,P0001,0.58,CDR
P0148,P0206,0.94,CDR
P0471,P0282,0.8,CDR
P0148,P0173,0.94,CDR
P0148,P0189,0.65,CDR
P0148,P0943,0.59,CDR
P0471,P0388,0.53,CDR
P0148,P0601,0.74,CDR
P0148,P0746,0.69,CDR
P0148,P0615,0.77,CDR
P0148,P0973,0.53,CDR
P0148,P0164,0.54,CDR
P0615,P0973,0.3,SHARED_ORG
P0753,P0462,0.78,CDR
P0753,P0488,0.51,CDR
P0753,P0568,0.76,CDR
P0753,P0519,0.87,CDR
P0753,P0169,0.59,CDR
P0753,P0848,0.71,CDR
P0568,P0519,0.3,SHARED_ORG
P0790,P0401,0.69,CDR
P0790,P0795,0.91,CDR
P0560,P0015,0.58,CDR
P0790,P0598,0.78,CDR
P0560,P0561,0.69,CDR
P0598,P0561,0.3,SHARED_ORG
P0778,P0180,0.86,CDR
P0180,P0743,0.85,CDR
P0743,P0845,0.52,CDR
P0845,P0956,0.85,CDR
P0956,P0648,0.7,CDR
P0648,P0368,0.93,CDR
P0368,P0148,0.84,CDR
P0148,P0853,0.69,CDR
P0853,P0809,0.94,CDR
P0809,P0942,0.91,CDR
P0942,P0389,0.62,CDR
P0389,P0940,0.91,CDR
P0940,P0606,0.62,CDR
P0606,P0789,0.67,CDR
P0789,P0132,0.94,CDR
P0132,P0274,0.69,CDR
P0274,P0859,0.57,CDR
P0859,P0213,0.7,CDR
P0213,P0450,0.63,CDR
P0450,P0107,0.75,CDR
P0107,P0153,0.64,CDR
P0153,P0932,0.9,CDR
P0932,P0101,0.73,CDR
P0101,P0248,0.73,CDR
P0248,P0090,0.85,CDR
P0090,P0141,0.94,CDR
P0141,P0189,0.75,CDR
P0189,P0601,0.64,CDR
P0601,P0725,0.61,CDR
P0725,P0405,0.73,CDR
P0405,P0750,0.74,CDR
P0750,P0688,0.61,CDR
P0688,P0724,0.52,CDR
P0724,P0957,0.83,CDR
P0957,P0830,0.78,CDR
P0830,P0930,0.83,CDR
P0930,P0113,0.52,CDR
P0113,P0171,0.7,CDR
P0171,P0475,0.66,CDR
P0475,P0104,0.71,CDR
P0104,P0379,0.8,CDR
P0379,P0850,0.91,CDR
P0850,P0584,0.55,CDR
P0584,P0580,0.56,CDR
P0580,P0055,0.81,CDR
P0055,P0410,0.94,CDR
P0410,P0795,0.81,CDR
P0795,P0501,0.92,CDR
P0501,P0543,0.66,CDR
P0543,P0391,0.63,CDR
P0391,P0432,0.77,CDR
P0432,P0498,0.63,CDR
P0498,P0669,0.86,CDR
P0669,P0441,0.86,CDR
P0441,P0121,0.83,CDR
P0121,P0713,0.75,CDR
P0713,P0969,0.79,CDR
P0969,P0697,0.84,CDR
P0697,P0878,0.94,CDR
P0878,P0444,0.75,CDR
P0444,P0357,0.66,CDR
P0357,P0784,0.51,CDR
P0784,P0964,0.84,CDR
P0964,P0553,0.56,CDR
P0553,P0003,0.51,CDR
P0003,P0687,0.51,CDR
P0687,P0469,0.73,CDR
P0469,P0806,0.64,CDR
P0806,P0159,0.92,CDR
P0159,P0671,0.85,CDR
P0368,P0148,0.3,SHARED_ORG
P0156,P0258,0.52,CDR
P0847,P0847,0.3,SHARED_ORG
P0763,P0309,0.79,CDR
P0309,P0622,0.62,CDR
P0622,P0267,0.53,CDR
P0267,P0115,0.53,CDR
P0115,P0932,0.84,CDR
P0932,P0068,0.83,CDR
P0068,P0333,0.73,CDR
P0333,P0721,0.6,CDR
P0721,P0225,0.73,CDR
P0225,P0107,0.67,CDR
P0107,P0089,0.65,CDR
P0089,P0994,0.62,CDR
P0994,P0845,0.51,CDR
P0845,P0923,0.81,CDR
P0923,P0795,0.69,CDR
P0795,P0280,0.65,CDR
P0280,P0051,0.62,CDR
P0051,P0510,0.77,CDR
P0510,P0971,0.91,CDR
P0971,P0238,0.52,CDR
P0238,P0262,0.87,CDR
P0262,P0724,0.92,CDR
P0724,P0103,0.73,CDR
P0103,P0712,0.83,CDR
P0712,P0788,0.69,CDR
P0788,P0980,0.68,CDR
P0980,P0512,0.95,CDR
P0512,P0989,0.85,CDR
P0989,P0571,0.66,CDR
P0571,P0939,0.75,CDR
P0795,P0980,0.3,SHARED_ORG
P0195,P0846,0.5,CDR
P0195,P0914,0.62,CDR
P0195,P0906,0.72,CDR
P0195,P0326,0.61,CDR
P0195,P0180,0.76,CDR
P0195,P0737,0.82,CDR
P0195,P0212,0.66,CDR
P0195,P0700,0.73,CDR
P0195,P0757,0.79,CDR
P0195,P0550,0.94,CDR
P0195,P0016,0.53,CDR
P0195,P0293,0.88,CDR
P0195,P0998,0.59,CDR
P0195,P0919,0.7,CDR
P0195,P0079,0.89,CDR
P0180,P0079,0.3,SHARED_ORG
P0300,P0357,0.54,CDR
P0357,P0270,0.52,CDR
P0270,P0738,0.5,CDR
P0738,P0469,0.66,CDR
P0469,P0262,0.52,CDR
P0262,P0663,0.54,CDR
P0663,P0084,0.7,CDR
P0084,P0861,0.55,CDR
P0861,P0128,0.74,CDR
P0128,P0853,0.83,CDR
P0853,P0710,0.68,CDR
P0710,P0418,0.79,CDR
P0418,P0212,0.93,CDR
P0212,P0563,0.5,CDR
P0563,P0766,0.52,CDR
P0766,P0240,0.87,CDR
P0240,P0510,0.53,CDR
P0510,P0175,0.58,CDR
P0175,P0770,0.85,CDR
P0770,P0383,0.78,CDR
P0383,P0430,0.76,CDR
P0430,P0980,0.79,CDR
P0980,P0316,0.75,CDR
P0128,P0563,0.3,SHARED_ORG
P0662,P0023,0.68,CDR
P0023,P0683,0.82,CDR
P0683,P0693,0.52,CDR
P0693,P0061,0.92,CDR
P0061,P0175,0.8,CDR
P0175,P0665,0.52,CDR
P0665,P0341,0.74,CDR
P0341,P0206,0.68,CDR
P0206,P0737,0.6,CDR
P0737,P0924,0.69,CDR
P0924,P0518,0.9,CDR
P0518,P0482,0.84,CDR
P0482,P0990,0.64,CDR
P0990,P0549,0.66,CDR
P0549,P0689,0.67,CDR
P0689,P0126,0.8,CDR
P0126,P0736,0.57,CDR
P0736,P0286,0.76,CDR
P0286,P0954,0.8,CDR
P0954,P0197,0.76,CDR
P0197,P0059,0.79,CDR
P0059,P0072,0.73,CDR
P0072,P0314,0.65,CDR
P0314,P0459,0.7,CDR
P0459,P0998,0.75,CDR
P0998,P0419,0.76,CDR
P0419,P0310,0.85,CDR
P0310,P0401,0.54,CDR
P0401,P0484,0.51,CDR
P0484,P0381,0.7,CDR
P0381,P0724,0.9,CDR
P0724,P0232,0.92,CDR
P0232,P0437,0.78,CDR
P0437,P0378,0.66,CDR
P0378,P0553,0.82,CDR
P0553,P0499,0.89,CDR
P0499,P0411,0.57,CDR
P0411,P0649,0.92,CDR
P0649,P0651,0.65,CDR
P0651,P0057,0.66,CDR
P0057,P0745,0.88,CDR
P0745,P0508,0.53,CDR
P0549,P0310,0.3,SHARED_ORG
P0958,P0650,0.82,CDR
P0958,P0172,0.71,CDR
P0958,P0938,0.81,CDR
P0958,P0663,0.73,CDR
P0958,P0019,0.67,CDR
P0958,P0615,0.73,CDR
P0958,P0450,0.79,CDR
P0958,P0935,0.5,CDR
P0958,P0869,0.91,CDR
P0958,P0825,0.91,CDR
P0958,P0837,0.6,CDR
P0958,P0336,0.61,CDR
P0958,P0323,0.6,CDR
P0958,P0751,0.68,CDR
P0958,P0051,0.53,CDR
P0958,P0281,0.8,CDR
P0958,P0004,0.68,CDR
P0958,P0261,0.81,CDR
P0958,P0295,0.54,CDR
P0958,P0489,0.75,CDR
P0958,P0401,0.86,CDR
P0958,P0319,0.94,CDR
P0958,P0691,0.51,CDR
P0958,P0379,0.61,CDR
P0958,P0757,0.93,CDR
P0958,P0906,0.92,CDR
P0958,P0808,0.55,CDR
P0958,P0070,0.71,CDR
P0958,P0377,0.9,CDR
P0958,P0754,0.75,CDR
P0958,P0169,0.66,CDR
P0958,P0146,0.77,CDR
P0958,P0769,0.58,CDR
P0958,P0604,0.9,CDR
P0958,P0164,0.63,CDR
P0958,P0592,0.72,CDR
P0958,P0636,0.72,CDR
P0958,P0214,0.87,CDR
P0958,P0047,0.8,CDR
P0958,P0767,0.5,CDR
P0958,P0588,0.53,CDR
P0958,P0240,0.55,CDR
P0958,P0687,0.88,CDR
P0958,P0010,0.51,CDR
P0958,P0968,0.69,CDR
P0958,P0599,0.61,CDR
P0958,P0764,0.82,CDR
P0958,P0887,0.67,CDR
P0958,P0048,0.94,CDR
P0958,P0290,0.75,CDR
P0958,P0882,0.64,CDR
P0958,P0955,0.85,CDR
P0958,P0846,0.95,CDR
P0958,P0883,0.93,CDR
P0958,P0311,0.68,CDR
P0958,P0834,0.91,CDR
P0958,P0533,0.91,CDR
P0958,P0920,0.66,CDR
P0958,P0481,0.7,CDR
P0958,P0541,0.58,CDR
P0958,P0108,0.73,CDR
P0958,P0473,0.67,CDR
P0958,P0670,0.92,CDR
P0958,P0403,0.74,CDR
P0958,P0289,0.52,CDR
P0958,P0013,0.67,CDR
P0958,P0065,0.57,CDR
P0311,P0906,0.3,SHARED_ORG
P0664,P0450,0.54,CDR
P0450,P0235,0.9,CDR
P0235,P0286,0.82,CDR
P0286,P0572,0.58,CDR
P0572,P0955,0.66,CDR
P0955,P0321,0.87,CDR
P0321,P0455,0.61,CDR
P0455,P0409,0.62,CDR
P0409,P0640,0.91,CDR
P0640,P0956,0.75,CDR
P0956,P0904,0.83,CDR
P0904,P0987,0.52,CDR
P0987,P0189,0.72,CDR
P0189,P0621,0.51,CDR
P0621,P0830,0.59,CDR
P0830,P0428,0.58,CDR
P0428,P0547,0.53,CDR
P0547,P0276,0.64,CDR
P0358,P0036,0.76,CDR
P0036,P0821,0.52,CDR
P0821,P0673,0.89,CDR
P0673,P0543,0.72,CDR
P0543,P0711,0.91,CDR
P0711,P0650,0.62,CDR
P0650,P0143,0.8,CDR
P0143,P0209,0.58,CDR
P0209,P0086,0.65,CDR
P0086,P0626,0.6,CDR
P0626,P0954,0.82,CDR
P0954,P0897,0.77,CDR
P0897,P0581,0.63,CDR
P0581,P0812,0.89,CDR
P0812,P0055,0.65,CDR
P0055,P0011,0.55,CDR
P0011,P0600,0.88,CDR
P0600,P0493,0.94,CDR
P0493,P0994,0.84,CDR
P0276,P0358,0.84,CDR
P0955,P0621,0.3,SHARED_ORG
P0884,P0056,0.8,CDR
P0056,P0329,0.74,CDR
P0329,P0251,0.53,CDR
P0251,P0309,0.78,CDR
P0309,P0036,0.78,CDR
P0036,P0821,0.65,CDR
P0821,P0040,0.94,CDR
P0040,P0498,0.75,CDR
P0498,P0317,0.61,CDR
P0317,P0402,0.86,CDR
P0402,P0875,0.68,CDR
P0875,P0549,0.68,CDR
P0549,P0964,0.91,CDR
P0964,P0233,0.93,CDR
P0233,P0250,0.6,CDR
P0250,P0843,0.59,CDR
P0843,P0909,0.83,CDR
P0909,P0125,0.88,CDR
P0125,P0734,0.94,CDR
P0734,P0597,0.6,CDR
P0597,P0838,0.71,CDR
P0838,P0958,0.86,CDR
P0958,P0683,0.93,CDR
P0683,P0308,0.58,CDR
P0308,P0577,0.65,CDR
P0577,P0351,0.94,CDR
P0351,P0057,0.92,CDR
P0057,P0963,0.95,CDR
P0963,P0935,0.8,CDR
P0935,P0344,0.56,CDR
P0344,P0916,0.81,CDR
P0916,P0650,0.84,CDR
P0650,P0401,0.65,CDR
P0401,P0678,0.58,CDR
P0678,P0372,0.68,CDR
P0511,P0939,0.54,CDR
P0939,P0934,0.78,CDR
P0934,P0319,0.85,CDR
P0319,P0803,0.7,CDR
P0803,P0975,0.78,CDR
P0975,P0887,0.93,CDR
P0887,P0531,0.86,CDR
P0531,P0374,0.73,CDR
P0374,P0991,0.81,CDR
P0991,P0147,0.52,CDR
P0147,P0184,0.62,CDR
P0184,P0508,0.75,CDR
P0508,P0676,0.51,CDR
P0676,P0016,0.73,CDR
P0016,P0500,0.8,CDR
P0500,P0273,0.75,CDR
P0273,P0398,0.69,CDR
P0398,P0910,0.78,CDR
P0910,P0456,0.7,CDR
P0456,P0830,0.78,CDR
P0830,P0361,0.67,CDR
P0361,P0264,0.66,CDR
P0264,P0522,0.94,CDR
P0522,P0285,0.85,CDR
P0285,P0258,0.94,CDR
P0258,P0217,0.59,CDR
P0217,P0651,0.75,CDR
P0651,P0845,0.7,CDR
P0845,P0320,0.66,CDR
P0320,P0529,0.64,CDR
P0529,P0071,0.88,CDR
P0071,P0536,0.51,CDR
P0536,P0523,0.74,CDR
P0523,P0978,0.51,CDR
P0978,P0898,0.5,CDR
P0372,P0511,0.68,CDR
P0935,P0344,0.3,SHARED_ORG
P0460,P0143,0.78,CDR
P0571,P0143,0.6,CDR
P0143,P0014,0.65,CDR
P0474,P0014,0.54,CDR
P0505,P0571,0.3,SHARED_ORG
P0947,P0559,0.52,CDR
P0101,P0771,0.69,CDR
P0095,P0240,0.92,CDR
P0771,P0771,0.3,SHARED_ORG
P0664,P0775,0.87,CDR
P0664,P0968,0.8,CDR
P0775,P0968,0.95,CDR
P0775,P0690,0.7,CDR
P0968,P0690,0.6,CDR
P0968,P0343,0.84,CDR
P0690,P0343,0.64,CDR
P0690,P0649,0.94,CDR
P0343,P0649,0.58,CDR
P0343,P0854,0.92,CDR
P0649,P0854,0.76,CDR
P0649,P0397,0.84,CDR
P0854,P0397,0.58,CDR
P0854,P0144,0.63,CDR
P0397,P0144,0.81,CDR
P0397,P0106,0.79,CDR
P0144,P0106,0.79,CDR
P0144,P0009,0.92,CDR
P0106,P0009,0.77,CDR
P0106,P0541,0.52,CDR
P0009,P0541,0.55,CDR
P0009,P0286,0.54,CDR
P0541,P0286,0.56,CDR
P0541,P0352,0.59,CDR
P0286,P0352,0.9,CDR
P0286,P0169,0.81,CDR
P0352,P0169,0.92,CDR
P0352,P0785,0.83,CDR
P0169,P0785,0.69,CDR
P0169,P0996,0.87,CDR
P0785,P0996,0.94,CDR
P0785,P0572,0.59,CDR
P0996,P0572,0.62,CDR
P0996,P0230,0.72,CDR
P0572,P0230,0.63,CDR
P0572,P0692,0.74,CDR
P0230,P0692,0.67,CDR
P0230,P0705,0.84,CDR
P0692,P0705,0.84,CDR
P0692,P0876,0.63,CDR
P0705,P0876,0.5,CDR
P0705,P0737,0.59,CDR
P0876,P0737,0.82,CDR
P0876,P0904,0.74,CDR
P0737,P0904,0.92,CDR
P0737,P0436,0.69,CDR
P0904,P0436,0.73,CDR
P0904,P0618,0.64,CDR
P0436,P0618,0.58,CDR
P0541,P0775,0.3,SHARED_ORG
P0200,P0092,0.72,CDR
P0092,P0346,0.83,CDR
P0346,P0248,0.63,CDR
P0248,P0856,0.79,CDR
P0856,P0052,0.63,CDR
P0052,P0832,0.56,CDR
P0832,P0445,0.81,CDR
P0445,P0107,0.89,CDR
P0107,P0981,0.83,CDR
P0981,P0801,0.62,CDR
P0801,P0285,0.78,CDR
P0285,P0148,0.54,CDR
P0148,P0833,0.58,CDR
P0833,P0691,0.72,CDR
P0691,P0597,0.77,CDR
P0597,P0864,0.66,CDR
P0864,P0905,0.61,CDR
P0905,P0612,0.87,CDR
P0612,P0777,0.83,CDR
P0777,P0295,0.67,CDR
P0295,P0927,0.59,CDR
P0927,P0619,0.64,CDR
P0619,P0269,0.76,CDR
P0269,P0325,0.6,CDR
P0325,P0711,0.62,CDR
P0711,P0725,0.93,CDR
P0725,P0138,0.93,CDR
P0536,P0985,0.84,CDR
P0985,P0002,0.55,CDR
P0002,P0270,0.68,CDR
P0270,P0240,0.76,CDR
P0240,P0868,0.74,CDR
P0868,P0658,0.8,CDR
P0658,P0524,0.52,CDR
P0524,P0854,0.86,CDR
P0854,P0489,0.91,CDR
P0489,P0036,0.86,CDR
P0036,P0160,0.62,CDR
P0160,P0019,0.81,CDR
P0019,P0694,0.89,CDR
P0694,P0056,0.88,CDR
P0056,P0796,0.76,CDR
P0796,P0328,0.93,CDR
P0328,P0222,0.87,CDR
P0222,P0969,0.86,CDR
P0969,P0010,0.56,CDR
P0010,P0128,0.59,CDR
P0128,P0561,0.62,CDR
P0561,P0341,0.63,CDR
P0341,P0618,0.54,CDR
P0618,P0701,0.85,CDR
P0701,P0474,0.71,CDR
P0474,P0225,0.95,CDR
P0225,P0719,0.84,CDR
P0138,P0536,0.64,CDR
P0269,P0618,0.3,SHARED_ORG
P0701,P0139,0.5,CDR
P0701,P0171,0.74,CDR
P0701,P0267,0.85,CDR
P0701,P0007,0.93,CDR
P0701,P0313,0.78,CDR
P0701,P0769,0.6,CDR
P0701,P0451,0.52,CDR
P0701,P0784,0.81,CDR
P0701,P0108,0.56,CDR
P0701,P0086,0.86,CDR
P0701,P0204,0.69,CDR
P0701,P0507,0.89,CDR
P0701,P0832,0.6,CDR
P0701,P0644,0.93,CDR
P0701,P0837,0.71,CDR
P0701,P0465,0.81,CDR
P0701,P0594,0.7,CDR
P0701,P0373,0.68,CDR
P0701,P0867,0.58,CDR
P0701,P0541,0.69,CDR
P0701,P0066,0.54,CDR
P0701,P0341,0.51,CDR
P0701,P0670,0.73,CDR
P0701,P0745,0.61,CDR
P0701,P0210,0.72,CDR
P0701,P0535,0.61,CDR
P0701,P0704,0.67,CDR
P0701,P0746,0.85,CDR
P0701,P0286,0.87,CDR
P0701,P0367,0.59,CDR
P0701,P0028,0.68,CDR
P0701,P0279,0.68,CDR
P0373,P0451,0.3,SHARED_ORG
P0303,P0779,0.56,CDR
P0303,P0049,0.57,CDR
P0303,P0997,0.66,CDR
P0303,P0881,0.61,CDR
P0303,P0869,0.62,CDR
P0303,P0699,0.7,CDR
P0303,P0105,0.56,CDR
P0303,P0735,0.54,CDR
P0303,P0155,0.95,CDR
P0303,P0131,0.61,CDR
P0303,P0322,0.91,CDR
P0303,P0643,0.74,CDR
P0303,P0026,0.93,CDR
P0303,P0392,0.84,CDR
P0322,P0155,0.3,SHARED_ORG
P0582,P0548,0.74,CDR
P0582,P0117,0.68,CDR
P0548,P0117,0.76,CDR
P0548,P0351,0.59,CDR
P0117,P0351,0.86,CDR
P0117,P0233,0.72,CDR
P0351,P0233,0.69,CDR
P0351,P0979,0.5,CDR
P0233,P0979,0.78,CDR
P0233,P0433,0.89,CDR
P0979,P0433,0.69,CDR
P0979,P0872,0.91,CDR
P0433,P0872,0.93,CDR
P0433,P0789,0.78,CDR
P0872,P0789,0.9,CDR
P0872,P0525,0.9,CDR
P0789,P0525,0.88,CDR
P0789,P0742,0.87,CDR
P0525,P0742,0.66,CDR
P0525,P0493,0.77,CDR
P0742,P0493,0.94,CDR
P0742,P0562,0.75,CDR
P0493,P0562,0.59,CDR
P0493,P0107,0.86,CDR
P0562,P0107,0.75,CDR
P0562,P0891,0.51,CDR
P0107,P0891,0.65,CDR
P0107,P0429,0.54,CDR
P0891,P0429,0.71,CDR
P0891,P0585,0.8,CDR
P0429,P0585,0.69,CDR
P0429,P0620,0.8,CDR
P0585,P0620,0.57,CDR
P0585,P0499,0.86,CDR
P0620,P0499,0.81,CDR
P0620,P0439,0.8,CDR
P0499,P0439,0.66,CDR
P0499,P0075,0.87,CDR
P0439,P0075,0.66,CDR
P0439,P0434,0.74,CDR
P0075,P0434,0.88,CDR
P0075,P0007,0.87,CDR
P0434,P0007,0.68,CDR
P0434,P0679,0.75,CDR
P0007,P0679,0.72,CDR
P0007,P0505,0.51,CDR
P0679,P0505,0.68,CDR
P0679,P0986,0.64,CDR
P0505,P0986,0.87,CDR
P0505,P0946,0.68,CDR
P0986,P0946,0.86,CDR
P0986,P0945,0.89,CDR
P0946,P0945,0.73,CDR
P0946,P0684,0.91,CDR
P0945,P0684,0.76,CDR
P0945,P0420,0.66,CDR
P0684,P0420,0.69,CDR
P0684,P0873,0.8,CDR
P0420,P0873,0.53,CDR
P0420,P0992,0.8,CDR
P0873,P0992,0.69,CDR
P0873,P0566,0.68,CDR
P0992,P0566,0.58,CDR
P0992,P0393,0.81,CDR
P0566,P0393,0.78,CDR
P0566,P0261,0.93,CDR
P0393,P0261,0.64,CDR
P0393,P0352,0.9,CDR
P0261,P0352,0.66,CDR
P0261,P0295,0.72,CDR
P0352,P0295,0.73,CDR
P0352,P0529,0.95,CDR
P0295,P0529,0.74,CDR
P0295,P0944,0.55,CDR
P0529,P0944,0.65,CDR
P0620,P0233,0.3,SHARED_ORG
P0530,P0107,0.51,CDR
P0107,P0243,0.78,CDR
P0243,P0525,0.62,CDR
P0525,P0534,0.84,CDR
P0534,P0397,0.93,CDR
P0397,P0701,0.9,CDR
P0701,P0547,0.73,CDR
P0547,P0433,0.75,CDR
P0433,P0314,0.76,CDR
P0314,P0862,0.54,CDR
P0862,P0325,0.73,CDR
P0325,P0042,0.88,CDR
P0042,P0581,0.6,CDR
P0581,P0284,0.57,CDR
P0284,P0103,0.52,CDR
P0103,P0186,0.83,CDR
P0186,P0504,0.86,CDR
P0504,P0138,0.66,CDR
P0138,P0848,0.82,CDR
P0848,P0404,0.81,CDR
P0404,P0233,0.83,CDR
P0233,P0614,0.52,CDR
P0614,P0145,0.89,CDR
P0145,P0116,0.65,CDR
P0116,P0248,0.57,CDR
P0248,P0528,0.64,CDR
P0528,P0387,0.73,CDR
P0387,P0255,0.95,CDR
P0255,P0236,0.58,CDR
P0236,P0279,0.89,CDR
P0528,P0534,0.3,SHARED_ORG
P0241,P0435,0.69,CDR
P0241,P0827,0.73,CDR
P0241,P0351,0.63,CDR
P0241,P0549,0.59,CDR
P0241,P0163,0.74,CDR
P0241,P0277,0.71,CDR
P0241,P0661,0.87,CDR
P0241,P0371,0.68,CDR
P0241,P0321,0.58,CDR
P0241,P0929,0.57,CDR
P0241,P0793,0.85,CDR
P0241,P0259,0.54,CDR
P0241,P0857,0.77,CDR
P0241,P0278,0.58,CDR
P0241,P0324,0.72,CDR
P0241,P0415,0.58,CDR
P0241,P0014,0.85,CDR
P0241,P0066,0.72,CDR
P0241,P0601,0.63,CDR
P0241,P0671,0.63,CDR
P0241,P0158,0.77,CDR
P0241,P0229,0.66,CDR
P0241,P0660,0.66,CDR
P0241,P0288,0.83,CDR
P0241,P0052,0.57,CDR
P0241,P0850,0.79,CDR
P0241,P0247,0.79,CDR
P0415,P0052,0.3,SHARED_ORG
P0647,P0862,0.57,CDR
P0647,P0612,0.65,CDR
P0862,P0612,0.62,CDR
P0862,P0651,0.83,CDR
P0612,P0651,0.54,CDR
P0612,P0870,0.73,CDR
P0651,P0870,0.52,CDR
P0651,P0198,0.82,CDR
P0870,P0198,0.5,CDR
P0870,P0960,0.57,CDR
P0198,P0960,0.82,CDR
P0198,P0624,0.76,CDR
P0960,P0624,0.59,CDR
P0960,P0575,0.87,CDR
P0624,P0575,0.79,CDR
P0624,P0567,0.9,CDR
P0575,P0567,0.68,CDR
P0575,P0576,0.6,CDR
P0567,P0576,0.72,CDR
P0567,P0649,0.63,CDR
P0576,P0649,0.91,CDR
P0576,P0867,0.55,CDR
P0649,P0867,0.85,CDR
P0649,P0785,0.84,CDR
P0867,P0785,0.55,CDR
P0867,P0077,0.85,CDR
P0785,P0077,0.52,CDR
P0785,P0668,0.69,CDR
P0077,P0668,0.59,CDR
P0077,P0689,0.52,CDR
P0668,P0689,0.62,CDR
P0668,P0096,0.88,CDR
P0689,P0096,0.61,CDR
P0689,P0185,0.89,CDR
P0096,P0185,0.78,CDR
P0096,P0573,0.88,CDR
P0185,P0573,0.8,CDR
P0185,P0699,0.78,CDR
P0573,P0699,0.77,CDR
P0573,P0740,0.89,CDR
P0699,P0740,0.87,CDR
P0699,P0875,0.8,CDR
P0740,P0875,0.68,CDR
P0740,P0719,0.8,CDR
P0875,P0719,0.58,CDR
P0875,P0496,0.87,CDR
P0719,P0496,0.59,CDR
P0719,P0724,0.82,CDR
P0496,P0724,0.92,CDR
P0870,P0724,0.3,SHARED_ORG
P0182,P0605,0.83,CDR
P0605,P0957,0.5,CDR
P0957,P0105,0.54,CDR
P0105,P0426,0.52,CDR
P0426,P0637,0.82,CDR
P0637,P0577,0.86,CDR
P0577,P0329,0.94,CDR
P0329,P0158,0.62,CDR
P0426,P0577,0.3,SHARED_ORG
P0301,P0245,0.62,CDR
P0245,P0771,0.82,CDR
P0771,P0751,0.77,CDR
P0751,P0445,0.72,CDR
P0445,P0839,0.9,CDR
P0839,P0020,0.63,CDR
P0020,P0469,0.75,CDR
P0469,P0513,0.55,CDR
P0513,P0322,0.72,CDR
P0322,P0106,0.87,CDR
P0106,P0119,0.94,CDR
P0119,P0690,0.92,CDR
P0690,P0443,0.8,CDR
P0751,P0690,0.3,SHARED_ORG
P0359,P0826,0.59,CDR
P0826,P0638,0.69,CDR
P0857,P0754,0.65,CDR
P0754,P0697,0.67,CDR
P0697,P0024,0.67,CDR
P0638,P0857,0.65,CDR
P0638,P0754,0.3,SHARED_ORG
P0651,P0187,0.94,CDR
P0187,P0696,0.63,CDR
P0696,P0813,0.52,CDR
P0813,P0463,0.93,CDR
P0463,P0985,0.63,CDR
P0775,P0016,0.81,CDR
P0016,P0759,0.88,CDR
P0759,P0714,0.51,CDR
P0714,P0825,0.57,CDR
P0825,P0459,0.9,CDR
P0459,P0279,0.68,CDR
P0985,P0775,0.65,CDR
P0696,P0463,0.3,SHARED_ORG
P0172,P0777,0.64,CDR
P0378,P0014,0.52,CDR
P0014,P0051,0.76,CDR
P0777,P0378,0.68,CDR
P0378,P0014,0.3,SHARED_ORG
P0906,P0623,0.74,CDR
P0623,P0806,0.51,CDR
P0806,P0749,0.61,CDR
P0749,P0328,0.63,CDR
P0328,P0643,0.8,CDR
P0643,P0362,0.95,CDR
P0362,P0482,0.88,CDR
P0482,P0172,0.91,CDR
P0172,P0645,0.77,CDR
P0645,P0994,0.56,CDR
P0994,P0560,0.54,CDR
P0560,P0781,0.93,CDR
P0781,P0263,0.93,CDR
P0263,P0105,0.82,CDR
P0105,P0962,0.88,CDR
P0962,P0376,0.7,CDR
P0376,P0545,0.61,CDR
P0545,P0841,0.71,CDR
P0841,P0316,0.84,CDR
P0316,P0265,0.54,CDR
P0265,P0534,0.68,CDR
P0534,P0170,0.82,CDR
P0170,P0700,0.8,CDR
P0700,P0928,0.79,CDR
P0928,P0533,0.7,CDR
P0533,P0224,0.59,CDR
P0224,P0758,0.53,CDR
P0758,P0966,0.76,CDR
P0966,P0840,0.87,CDR
P0840,P0008,0.71,CDR
P0008,P0486,0.93,CDR
P0486,P0118,0.57,CDR
P0118,P0015,0.59,CDR
P0015,P0117,0.58,CDR
P0117,P0581,0.69,CDR
P0581,P0595,0.87,CDR
P0746,P0633,0.8,CDR
P0633,P0067,0.68,CDR
P0067,P0507,0.85,CDR
P0507,P0195,0.74,CDR
P0195,P0986,0.9,CDR
P0986,P0152,0.78,CDR
P0152,P0524,0.67,CDR
P0524,P0883,0.76,CDR
P0883,P0222,0.94,CDR
P0222,P0852,0.89,CDR
P0852,P0721,0.84,CDR
P0721,P0843,0.68,CDR
P0843,P0449,0.65,CDR
P0449,P0078,0.61,CDR
P0078,P0961,0.57,CDR
P0961,P0327,0.88,CDR
P0327,P0663,0.85,CDR
P0663,P0978,0.52,CDR
P0978,P0814,0.58,CDR
P0814,P0987,0.69,CDR
P0987,P0336,0.52,CDR
P0336,P0703,0.84,CDR
P0703,P0651,0.81,CDR
P0651,P0361,0.51,CDR
P0361,P0750,0.51,CDR
P0750,P0691,0.83,CDR
P0691,P0847,0.75,CDR
P0847,P0474,0.7,CDR
P0474,P0257,0.69,CDR
P0257,P0812,0.58,CDR
P0812,P0086,0.63,CDR
P0086,P0945,0.72,CDR
P0945,P0348,0.79,CDR
P0348,P0589,0.6,CDR
P0589,P0392,0.74,CDR
P0392,P0732,0.53,CDR
P0732,P0740,0.83,CDR
P0595,P0746,0.59,CDR
P0978,P0691,0.3,SHARED_ORG
P0462,P0095,0.62,CDR
P0095,P0600,0.6,CDR
P0600,P0286,0.5,CDR
P0286,P0738,0.77,CDR
P0738,P0048,0.62,CDR
P0048,P0657,0.76,CDR
P0657,P0828,0.63,CDR
P0828,P0828,0.3,SHARED_ORG
P0706,P0980,0.85,CDR
P0980,P0472,0.67,CDR
P0472,P0024,0.61,CDR
P0024,P0136,0.92,CDR
P0136,P0309,0.58,CDR
P0822,P0232,0.86,CDR
P0232,P0187,0.82,CDR
P0187,P0840,0.69,CDR
P0840,P0020,0.56,CDR
P0020,P0842,0.69,CDR
P0842,P0668,0.72,CDR
P0309,P0822,0.79,CDR
P0136,P0840,0.3,SHARED_ORG
P0531,P0723,0.71,CDR
P0332,P0455,0.7,CDR
P0332,P0811,0.83,CDR
P0332,P0039,0.64,CDR
P0332,P0583,0.54,CDR
P0332,P0311,0.62,CDR
P0455,P0723,0.3,SHARED_ORG
P0681,P0502,0.92,CDR
P0502,P0733,0.59,CDR
P0733,P0286,0.63,CDR
P0286,P0269,0.64,CDR
P0269,P0200,0.7,CDR
P0200,P0825,0.58,CDR
P0825,P0104,0.91,CDR
P0104,P0638,0.79,CDR
P0638,P0910,0.65,CDR
P0910,P0266,0.82,CDR
P0266,P0777,0.82,CDR
P0777,P0979,0.92,CDR
P0979,P0866,0.63,CDR
P0866,P0226,0.57,CDR
P0226,P0765,0.89,CDR
P0765,P0907,0.8,CDR
P0907,P0750,0.74,CDR
P0750,P0372,0.67,CDR
P0372,P0186,0.82,CDR
P0186,P0043,0.82,CDR
P0043,P0921,0.95,CDR
P0921,P0088,0.91,CDR
P0088,P0783,0.66,CDR
P0783,P0954,0.78,CDR
P0954,P0356,0.75,CDR
P0356,P0171,0.84,CDR
P0171,P0228,0.53,CDR
P0228,P0437,0.94,CDR
P0437,P0268,0.67,CDR
P0268,P0352,0.59,CDR
P0352,P0501,0.82,CDR
P0501,P0841,0.54,CDR
P0841,P0865,0.61,CDR
P0865,P0255,0.58,CDR
P0255,P0939,0.81,CDR
P0939,P0198,0.55,CDR
P0198,P0026,0.56,CDR
P0026,P0699,0.62,CDR
P0699,P0100,0.52,CDR
P0100,P0562,0.79,CDR
P0562,P0637,0.61,CDR
P0637,P0061,0.54,CDR
P0061,P0278,0.82,CDR
P0278,P0419,0.93,CDR
P0419,P0076,0.72,CDR
P0076,P0872,0.59,CDR
P0872,P0067,0.6,CDR
P0067,P0080,0.51,CDR
P0080,P0902,0.93,CDR
P0902,P0151,0.68,CDR
P0151,P0057,0.7,CDR
P0057,P0032,0.68,CDR
P0255,P0356,0.3,SHARED_ORG
P0682,P0933,0.86,CDR
P0236,P0315,0.62,CDR
P0682,P0661,0.56,CDR
P0682,P0653,0.92,CDR
P0682,P0125,0.86,CDR
P0682,P0987,0.84,CDR
P0682,P0260,0.61,CDR
P0236,P0207,0.93,CDR
P0236,P0814,0.65,CDR
P0682,P0519,0.83,CDR
P0682,P0679,0.7,CDR
P0682,P0802,0.71,CDR
P0236,P0652,0.53,CDR
P0236,P0224,0.77,CDR
P0682,P0497,0.68,CDR
P0236,P0729,0.56,CDR
P0236,P0637,0.83,CDR
P0236,P0546,0.71,CDR
P0682,P0426,0.85,CDR
P0236,P0876,0.59,CDR
P0125,P0637,0.3,SHARED_ORG
P0673,P0331,0.56,CDR
P0331,P0304,0.91,CDR
P0304,P0851,0.52,CDR
P0851,P0238,0.73,CDR
P0238,P0198,0.71,CDR
P0198,P0660,0.59,CDR
P0660,P0907,0.73,CDR
P0907,P0588,0.9,CDR
P0588,P0947,0.75,CDR
P0947,P0788,0.51,CDR
P0788,P0883,0.51,CDR
P0883,P0092,0.93,CDR
P0092,P0285,0.55,CDR
P0285,P0809,0.68,CDR
P0809,P0383,0.81,CDR
P0383,P0812,0.9,CDR
P0812,P0605,0.92,CDR
P0605,P0692,0.83,CDR
P0692,P0290,0.8,CDR
P0290,P0561,0.71,CDR
P0561,P0334,0.62,CDR
P0334,P0981,0.68,CDR
P0981,P0818,0.71,CDR
P0818,P0162,0.69,CDR
P0162,P0338,0.6,CDR
P0338,P0184,0.77,CDR
P0184,P0597,0.57,CDR
P0597,P0576,0.79,CDR
P0576,P0865,0.72,CDR
P0865,P0546,0.67,CDR
P0546,P0448,0.82,CDR
P0448,P0461,0.82,CDR
P0461,P0256,0.52,CDR
P0256,P0654,0.78,CDR
P0654,P0429,0.77,CDR
P0429,P0591,0.83,CDR
P0591,P0997,0.77,CDR
P0997,P0980,0.71,CDR
P0980,P0158,0.85,CDR
P0158,P0301,0.58,CDR
P0301,P0884,0.72,CDR
P0884,P0249,0.77,CDR
P0249,P0458,0.63,CDR
P0458,P0674,0.95,CDR
P0674,P0743,0.59,CDR
P0743,P0072,0.73,CDR
P0072,P0362,0.67,CDR
P0362,P0214,0.7,CDR
P0214,P0211,0.67,CDR
P0211,P0550,0.72,CDR
P0550,P0045,0.78,CDR
P0045,P0121,0.67,CDR
P0121,P0431,0.8,CDR
P0431,P0790,0.72,CDR
P0790,P0364,0.59,CDR
P0364,P0227,0.91,CDR
P0227,P0294,0.7,CDR
P0294,P0849,0.6,CDR
P0849,P0459,0.52,CDR
P0459,P0332,0.6,CDR
P0332,P0084,0.78,CDR
P0084,P0656,0.56,CDR
P0656,P0414,0.69,CDR
P0414,P0363,0.77,CDR
P0363,P0102,0.7,CDR
P0102,P0279,0.55,CDR
P0332,P0588,0.3,SHARED_ORG
P0890,P0664,0.74,CDR
P0664,P0788,0.67,CDR
P0788,P0676,0.78,CDR
P0676,P0900,0.52,CDR
P0900,P0714,0.64,CDR
P0714,P0717,0.94,CDR
P0717,P0928,0.56,CDR
P0928,P0678,0.57,CDR
P0678,P0003,0.7,CDR
P0003,P0340,0.78,CDR
P0340,P0862,0.77,CDR
P0862,P0658,0.63,CDR
P0658,P0535,0.51,CDR
P0535,P0045,0.53,CDR
P0045,P0190,0.7,CDR
P0190,P0391,0.59,CDR
P0391,P0792,0.58,CDR
P0792,P0593,0.8,CDR
P0593,P0059,0.73,CDR
P0059,P0299,0.88,CDR
P0299,P0974,0.84,CDR
P0862,P0676,0.3,SHARED_ORG
P0224,P0103,0.62,CDR
P0224,P0241,0.78,CDR
P0103,P0241,0.8,CDR
P0103,P0690,0.85,CDR
P0241,P0690,0.63,CDR
P0241,P0690,0.3,SHARED_ORG
P0519,P0229,0.75,CDR
P0935,P0270,0.53,CDR
P0935,P0061,0.87,CDR
P0935,P0001,0.68,CDR
P0935,P0246,0.77,CDR
P0935,P0158,0.52,CDR
P0935,P0534,0.67,CDR
P0935,P0934,0.94,CDR
P0519,P0701,0.6,CDR
P0519,P0230,0.78,CDR
P0935,P0666,0.82,CDR
P0519,P0599,0.89,CDR
P0935,P0971,0.55,CDR
P0935,P0649,0.67,CDR
P0519,P0319,0.94,CDR
P0935,P0476,0.64,CDR
P0935,P0469,0.54,CDR
P0935,P0918,0.82,CDR
P0935,P0066,0.87,CDR
P0519,P0977,0.63,CDR
P0519,P0700,0.51,CDR
P0519,P0650,0.66,CDR
P0935,P0771,0.92,CDR
P0519,P0038,0.72,CDR
P0935,P0808,0.52,CDR
P0519,P0716,0.59,CDR
P0935,P0558,0.68,CDR
P0519,P0118,0.85,CDR
P0935,P0682,0.54,CDR
P0935,P0611,0.89,CDR
P0519,P0132,0.54,CDR
P0935,P0778,0.85,CDR
P0935,P0799,0.58,CDR
P0519,P0289,0.75,CDR
P0935,P0513,0.8,CDR
P0935,P0169,0.79,CDR
P0935,P0624,0.92,CDR
P0519,P0437,0.92,CDR
P0935,P0457,0.83,CDR
P0519,P0931,0.67,CDR
P0935,P0082,0.85,CDR
P0519,P0815,0.51,CDR
P0935,P0717,0.91,CDR
P0519,P0396,0.64,CDR
P0935,P0911,0.65,CDR
P0935,P0678,0.69,CDR
P0935,P0614,0.8,CDR
P0519,P0190,0.58,CDR
P0935,P0134,0.7,CDR
P0519,P0968,0.59,CDR
P0935,P0062,0.81,CDR
P0935,P0630,0.69,CDR
P0519,P0107,0.75,CDR
P0519,P0388,0.57,CDR
P0935,P0777,0.51,CDR
P0519,P0272,0.59,CDR
P0935,P0375,0.9,CDR
P0519,P0401,0.67,CDR
P0935,P0427,0.59,CDR
P0519,P0350,0.58,CDR
P0935,P0572,0.79,CDR
P0935,P0706,0.75,CDR
P0935,P0471,0.91,CDR
P0935,P0535,0.89,CDR
P0519,P0097,0.83,CDR
P0935,P0282,0.82,CDR
P0935,P0423,0.59,CDR
P0935,P0510,0.92,CDR
P0519,P0677,0.62,CDR
P0519,P0913,0.94,CDR
P0935,P0866,0.55,CDR
P0935,P0333,0.94,CDR
P0935,P0425,0.64,CDR
P0935,P0769,0.71,CDR
P0935,P0010,0.57,CDR
P0935,P0833,0.68,CDR
P0062,P0866,0.3,SHARED_ORG
P0789,P0478,0.65,CDR
P0478,P0348,0.81,CDR
P0348,P0863,0.53,CDR
P0863,P0643,0.75,CDR
P0643,P0098,0.61,CDR
P0098,P0019,0.87,CDR
P0019,P0946,0.53,CDR
P0946,P0957,0.79,CDR
P0957,P0598,0.77,CDR
P0598,P0989,0.59,CDR
P0989,P0306,0.84,CDR
P0306,P0198,0.75,CDR
P0198,P0950,0.84,CDR
P0950,P0674,0.72,CDR
P0674,P0625,0.69,CDR
P0348,P0946,0.3,SHARED_ORG
