case_id,anomaly_id,anomaly_type
CASE001,TX0001,financial_chain
CASE001,TX0002,financial_chain
CASE001,TX0003,financial_chain
CASE001,TX0004,financial_chain
CASE001,CASE001-LE0001,co_location
CASE001,CASE001-LE0002,co_location
CASE002,TX0050,financial_chain
CASE002,TX0051,financial_chain
CASE002,CASE002-LE0006,co_location
CASE002,CASE002-LE0007,co_location
CASE003,TX0097,financial_chain
CASE003,TX0098,financial_chain
CASE003,CASE003-LE0011,co_location
CASE003,CASE003-LE0012,co_location
CASE004,TX0144,financial_chain
CASE004,TX0145,financial_chain
CASE004,CASE004-LE0016,co_location
CASE004,CASE004-LE0017,co_location
CASE005,TX0191,financial_chain
CASE005,TX0192,financial_chain
CASE005,CASE005-LE0021,co_location
CASE005,CASE005-LE0022,co_location
CASE006,TX0238,financial_chain
CASE006,TX0239,financial_chain
CASE006,CASE006-LE0026,co_location
CASE006,CASE006-LE0027,co_location
CASE007,TX0285,financial_chain
CASE007,TX0286,financial_chain
CASE007,TX0287,financial_chain
CASE007,CASE007-LE0031,co_location
CASE007,CASE007-LE0032,co_location
CASE007,CASE007-LE0033,co_location
CASE008,TX0333,financial_chain
CASE008,TX0334,financial_chain
CASE008,TX0335,financial_chain
CASE008,CASE008-LE0037,co_location
CASE008,CASE008-LE0038,co_location
CASE009,TX0381,financial_chain
CASE009,TX0382,financial_chain
CASE009,CASE009-LE0042,co_location
CASE009,CASE009-LE0043,co_location
CASE010,TX0428,financial_chain
CASE010,TX0429,financial_chain
CASE010,TX0430,financial_chain
CASE010,TX0431,financial_chain
CASE010,CASE010-LE0047,co_location
CASE010,CASE010-LE0048,co_location
CASE011,TX0477,financial_chain
CASE011,TX0478,financial_chain
CASE011,TX0479,financial_chain
CASE011,CASE011-LE0052,co_location
CASE011,CASE011-LE0053,co_location
CASE012,TX0525,financial_chain
CASE012,TX0526,financial_chain
CASE012,TX0527,financial_chain
CASE012,CASE012-LE0057,co_location
CASE012,CASE012-LE0058,co_location
CASE013,TX0573,financial_chain
CASE013,TX0574,financial_chain
CASE013,CASE013-LE0062,co_location
CASE013,CASE013-LE0063,co_location
CASE014,TX0620,financial_chain
CASE014,TX0621,financial_chain
CASE014,TX0622,financial_chain
CASE014,CASE014-LE0067,co_location
CASE014,CASE014-LE0068,co_location
CASE015,TX0668,financial_chain
CASE015,TX0669,financial_chain
CASE015,CASE015-LE0072,co_location
CASE015,CASE015-LE0073,co_location
CASE016,TX0715,financial_chain
CASE016,TX0716,financial_chain
CASE016,TX0717,financial_chain
CASE016,CASE016-LE0077,co_location
CASE016,CASE016-LE0078,co_location
CASE017,TX0763,financial_chain
CASE017,TX0764,financial_chain
CASE017,TX0765,financial_chain
CASE017,CASE017-LE0082,co_location
CASE017,CASE017-LE0083,co_location
CASE018,TX0811,financial_chain
CASE018,TX0812,financial_chain
CASE018,TX0813,financial_chain
CASE018,CASE018-LE0087,co_location
CASE018,CASE018-LE0088,co_location
CASE019,TX0859,financial_chain
CASE019,TX0860,financial_chain
CASE019,CASE019-LE0092,co_location
CASE019,CASE019-LE0093,co_location
CASE019,CASE019-LE0094,co_location
CASE020,TX0906,financial_chain
CASE020,TX0907,financial_chain
CASE020,TX0908,financial_chain
CASE020,CASE020-LE0098,co_location
CASE020,CASE020-LE0099,co_location
CASE021,TX0954,financial_chain
CASE021,TX0955,financial_chain
CASE021,TX0956,financial_chain
CASE021,CASE021-LE0103,co_location
CASE021,CASE021-LE0104,co_location
CASE022,TX1002,financial_chain
CASE022,TX1003,financial_chain
CASE022,TX1004,financial_chain
CASE022,CASE022-LE0108,co_location
CASE022,CASE022-LE0109,co_location
CASE023,TX1050,financial_chain
CASE023,TX1051,financial_chain
CASE023,TX1052,financial_chain
CASE023,TX1053,financial_chain
CASE023,CASE023-LE0113,co_location
CASE023,CASE023-LE0114,co_location
CASE024,TX1099,financial_chain
CASE024,TX1100,financial_chain
CASE024,CASE024-LE0118,co_location
CASE024,CASE024-LE0119,co_location
CASE025,TX1146,financial_chain
CASE025,TX1147,financial_chain
CASE025,CASE025-LE0123,co_location
CASE025,CASE025-LE0124,co_location
CASE025,CASE025-LE0125,co_location
CASE026,TX1193,financial_chain
CASE026,TX1194,financial_chain
CASE026,TX1195,financial_chain
CASE026,CASE026-LE0129,co_location
CASE026,CASE026-LE0130,co_location
CASE026,CASE026-LE0131,co_location
CASE027,TX1241,financial_chain
CASE027,CASE027-LE0135,co_location
CASE027,CASE027-LE0136,co_location
CASE027,CASE027-LE0137,co_location
CASE028,TX1287,financial_chain
CASE028,TX1288,financial_chain
CASE028,TX1289,financial_chain
CASE028,TX1290,financial_chain
CASE028,CASE028-LE0141,co_location
CASE028,CASE028-LE0142,co_location
CASE029,TX1336,financial_chain
CASE029,TX1337,financial_chain
CASE029,TX1338,financial_chain
CASE029,CASE029-LE0146,co_location
CASE029,CASE029-LE0147,co_location
CASE030,TX1384,financial_chain
CASE030,TX1385,financial_chain
CASE030,TX1386,financial_chain
CASE030,CASE030-LE0151,co_location
CASE030,CASE030-LE0152,co_location
CASE031,TX1432,financial_chain
CASE031,TX1433,financial_chain
CASE031,CASE031-LE0156,co_location
CASE031,CASE031-LE0157,co_location
CASE032,TX1479,financial_chain
CASE032,TX1480,financial_chain
CASE032,CASE032-LE0161,co_location
CASE032,CASE032-LE0162,co_location
CASE033,TX1526,financial_chain
CASE033,TX1527,financial_chain
CASE033,CASE033-LE0166,co_location
CASE033,CASE033-LE0167,co_location
CASE033,CASE033-LE0168,co_location
CASE034,CASE034-LE0172,co_location
CASE034,CASE034-LE0173,co_location
CASE035,TX1618,financial_chain
CASE035,TX1619,financial_chain
CASE035,CASE035-LE0177,co_location
CASE035,CASE035-LE0178,co_location
CASE036,TX1665,financial_chain
CASE036,TX1666,financial_chain
CASE036,TX1667,financial_chain
CASE036,CASE036-LE0182,co_location
CASE036,CASE036-LE0183,co_location
CASE037,TX1713,financial_chain
CASE037,TX1714,financial_chain
CASE037,CASE037-LE0187,co_location
CASE037,CASE037-LE0188,co_location
CASE038,TX1760,financial_chain
CASE038,TX1761,financial_chain
CASE038,TX1762,financial_chain
CASE038,CASE038-LE0192,co_location
CASE038,CASE038-LE0193,co_location
CASE038,CASE038-LE0194,co_location
CASE039,TX1808,financial_chain
CASE039,TX1809,financial_chain
CASE039,TX1810,financial_chain
CASE039,CASE039-LE0198,co_location
CASE039,CASE039-LE0199,co_location
CASE040,TX1856,financial_chain
CASE040,CASE040-LE0203,co_location
CASE040,CASE040-LE0204,co_location
CASE041,TX1902,financial_chain
CASE041,TX1903,financial_chain
CASE041,TX1904,financial_chain
CASE041,CASE041-LE0208,co_location
CASE041,CASE041-LE0209,co_location
CASE041,CASE041-LE0210,co_location
CASE042,TX1950,financial_chain
CASE042,TX1951,financial_chain
CASE042,TX1952,financial_chain
CASE042,TX1953,financial_chain
CASE042,CASE042-LE0214,co_location
CASE042,CASE042-LE0215,co_location
CASE043,TX1999,financial_chain
CASE043,TX2000,financial_chain
CASE043,TX2001,financial_chain
CASE043,TX2002,financial_chain
CASE043,CASE043-LE0219,co_location
CASE043,CASE043-LE0220,co_location
CASE044,TX2048,financial_chain
CASE044,TX2049,financial_chain
CASE044,TX2050,financial_chain
CASE044,TX2051,financial_chain
CASE044,CASE044-LE0224,co_location
CASE044,CASE044-LE0225,co_location
CASE045,TX2097,financial_chain
CASE045,TX2098,financial_chain
CASE045,CASE045-LE0229,co_location
CASE045,CASE045-LE0230,co_location
CASE046,TX2144,financial_chain
CASE046,TX2145,financial_chain
CASE046,CASE046-LE0234,co_location
CASE046,CASE046-LE0235,co_location
CASE047,TX2191,financial_chain
CASE047,TX2192,financial_chain
CASE047,TX2193,financial_chain
CASE047,CASE047-LE0239,co_location
CASE047,CASE047-LE0240,co_location
CASE047,CASE047-LE0241,co_location
CASE048,TX2239,financial_chain
CASE048,TX2240,financial_chain
CASE048,TX2241,financial_chain
CASE048,TX2242,financial_chain
CASE048,CASE048-LE0245,co_location
CASE048,CASE048-LE0246,co_location
CASE049,TX2288,financial_chain
CASE049,TX2289,financial_chain
CASE049,TX2290,financial_chain
CASE049,CASE049-LE0250,co_location
CASE049,CASE049-LE0251,co_location
CASE050,TX2336,financial_chain
CASE050,TX2337,financial_chain
CASE050,TX2338,financial_chain
CASE050,TX2339,financial_chain
CASE050,CASE050-LE0255,co_location
CASE050,CASE050-LE0256,co_location
CASE051,TX2385,financial_chain
CASE051,CASE051-LE0260,co_location
CASE051,CASE051-LE0261,co_location
CASE052,TX2431,financial_chain
CASE052,TX2432,financial_chain
CASE052,CASE052-LE0265,co_location
CASE052,CASE052-LE0266,co_location
CASE053,TX2478,financial_chain
CASE053,TX2479,financial_chain
CASE053,TX2480,financial_chain
CASE053,TX2481,financial_chain
CASE053,CASE053-LE0270,co_location
CASE053,CASE053-LE0271,co_location
CASE053,CASE053-LE0272,co_location
CASE054,TX2527,financial_chain
CASE054,TX2528,financial_chain
CASE054,CASE054-LE0276,co_location
CASE054,CASE054-LE0277,co_location
CASE055,TX2574,financial_chain
CASE055,TX2575,financial_chain
CASE055,TX2576,financial_chain
CASE055,CASE055-LE0281,co_location
CASE055,CASE055-LE0282,co_location
CASE056,TX2622,financial_chain
CASE056,TX2623,financial_chain
CASE056,TX2624,financial_chain
CASE056,TX2625,financial_chain
CASE056,CASE056-LE0286,co_location
CASE056,CASE056-LE0287,co_location
CASE057,TX2671,financial_chain
CASE057,TX2672,financial_chain
CASE057,CASE057-LE0291,co_location
CASE057,CASE057-LE0292,co_location
CASE058,TX2718,financial_chain
CASE058,TX2719,financial_chain
CASE058,TX2720,financial_chain
CASE058,TX2721,financial_chain
CASE058,CASE058-LE0296,co_location
CASE058,CASE058-LE0297,co_location
CASE058,CASE058-LE0298,co_location
CASE059,TX2767,financial_chain
CASE059,CASE059-LE0302,co_location
CASE059,CASE059-LE0303,co_location
CASE060,TX2813,financial_chain
CASE060,TX2814,financial_chain
CASE060,TX2815,financial_chain
CASE060,CASE060-LE0307,co_location
CASE060,CASE060-LE0308,co_location
CASE061,TX2861,financial_chain
CASE061,TX2862,financial_chain
CASE061,TX2863,financial_chain
CASE061,TX2864,financial_chain
CASE061,CASE061-LE0312,co_location
CASE061,CASE061-LE0313,co_location
CASE062,TX2910,financial_chain
CASE062,TX2911,financial_chain
CASE062,TX2912,financial_chain
CASE062,TX2913,financial_chain
CASE062,CASE062-LE0317,co_location
CASE062,CASE062-LE0318,co_location
CASE062,CASE062-LE0319,co_location
CASE063,TX2959,financial_chain
CASE063,TX2960,financial_chain
CASE063,TX2961,financial_chain
CASE063,CASE063-LE0323,co_location
CASE063,CASE063-LE0324,co_location
CASE064,TX3007,financial_chain
CASE064,TX3008,financial_chain
CASE064,TX3009,financial_chain
CASE064,CASE064-LE0328,co_location
CASE064,CASE064-LE0329,co_location
CASE065,TX3055,financial_chain
CASE065,TX3056,financial_chain
CASE065,TX3057,financial_chain
CASE065,CASE065-LE0333,co_location
CASE065,CASE065-LE0334,co_location
CASE066,TX3103,financial_chain
CASE066,TX3104,financial_chain
CASE066,TX3105,financial_chain
CASE066,CASE066-LE0338,co_location
CASE066,CASE066-LE0339,co_location
CASE066,CASE066-LE0340,co_location
CASE067,TX3151,financial_chain
CASE067,TX3152,financial_chain
CASE067,CASE067-LE0344,co_location
CASE067,CASE067-LE0345,co_location
CASE068,TX3198,financial_chain
CASE068,TX3199,financial_chain
CASE068,TX3200,financial_chain
CASE068,CASE068-LE0349,co_location
CASE068,CASE068-LE0350,co_location
CASE069,TX3246,financial_chain
CASE069,TX3247,financial_chain
CASE069,TX3248,financial_chain
CASE069,CASE069-LE0354,co_location
CASE069,CASE069-LE0355,co_location
CASE070,TX3294,financial_chain
CASE070,TX3295,financial_chain
CASE070,CASE070-LE0359,co_location
CASE070,CASE070-LE0360,co_location
CASE071,TX3341,financial_chain
CASE071,TX3342,financial_chain
CASE071,TX3343,financial_chain
CASE071,TX3344,financial_chain
CASE071,CASE071-LE0364,co_location
CASE071,CASE071-LE0365,co_location
CASE071,CASE071-LE0366,co_location
CASE072,TX3390,financial_chain
CASE072,TX3391,financial_chain
CASE072,TX3392,financial_chain
CASE072,CASE072-LE0370,co_location
CASE072,CASE072-LE0371,co_location
CASE073,TX3438,financial_chain
CASE073,TX3439,financial_chain
CASE073,TX3440,financial_chain
CASE073,TX3441,financial_chain
CASE073,CASE073-LE0375,co_location
CASE073,CASE073-LE0376,co_location
CASE074,TX3487,financial_chain
CASE074,TX3488,financial_chain
CASE074,TX3489,financial_chain
CASE074,CASE074-LE0380,co_location
CASE074,CASE074-LE0381,co_location
CASE075,TX3535,financial_chain
CASE075,TX3536,financial_chain
CASE075,TX3537,financial_chain
CASE075,TX3538,financial_chain
CASE075,CASE075-LE0385,co_location
CASE075,CASE075-LE0386,co_location
CASE076,TX3584,financial_chain
CASE076,TX3585,financial_chain
CASE076,TX3586,financial_chain
CASE076,CASE076-LE0390,co_location
CASE076,CASE076-LE0391,co_location
CASE077,TX3632,financial_chain
CASE077,TX3633,financial_chain
CASE077,TX3634,financial_chain
CASE077,CASE077-LE0395,co_location
CASE077,CASE077-LE0396,co_location
CASE078,TX3680,financial_chain
CASE078,TX3681,financial_chain
CASE078,CASE078-LE0400,co_location
CASE078,CASE078-LE0401,co_location
CASE079,TX3727,financial_chain
CASE079,TX3728,financial_chain
CASE079,TX3729,financial_chain
CASE079,TX3730,financial_chain
CASE079,CASE079-LE0405,co_location
CASE079,CASE079-LE0406,co_location
CASE079,CASE079-LE0407,co_location
CASE080,TX3776,financial_chain
CASE080,TX3777,financial_chain
CASE080,TX3778,financial_chain
CASE080,CASE080-LE0411,co_location
CASE080,CASE080-LE0412,co_location
CASE081,TX3824,financial_chain
CASE081,TX3825,financial_chain
CASE081,TX3826,financial_chain
CASE081,TX3827,financial_chain
CASE081,CASE081-LE0416,co_location
CASE081,CASE081-LE0417,co_location
CASE082,TX3873,financial_chain
CASE082,TX3874,financial_chain
CASE082,TX3875,financial_chain
CASE082,CASE082-LE0421,co_location
CASE082,CASE082-LE0422,co_location
CASE082,CASE082-LE0423,co_location
CASE083,TX3921,financial_chain
CASE083,TX3922,financial_chain
CASE083,TX3923,financial_chain
CASE083,CASE083-LE0427,co_location
CASE083,CASE083-LE0428,co_location
CASE084,TX3969,financial_chain
CASE084,TX3970,financial_chain
CASE084,TX3971,financial_chain
CASE084,CASE084-LE0432,co_location
CASE084,CASE084-LE0433,co_location
CASE085,TX4017,financial_chain
CASE085,TX4018,financial_chain
CASE085,CASE085-LE0437,co_location
CASE085,CASE085-LE0438,co_location
CASE085,CASE085-LE0439,co_location
CASE086,TX4064,financial_chain
CASE086,TX4065,financial_chain
CASE086,CASE086-LE0443,co_location
CASE086,CASE086-LE0444,co_location
CASE086,CASE086-LE0445,co_location
CASE087,TX4111,financial_chain
CASE087,TX4112,financial_chain
CASE087,TX4113,financial_chain
CASE087,CASE087-LE0449,co_location
CASE087,CASE087-LE0450,co_location
CASE088,TX4159,financial_chain
CASE088,TX4160,financial_chain
CASE088,TX4161,financial_chain
CASE088,TX4162,financial_chain
CASE088,CASE088-LE0454,co_location
CASE088,CASE088-LE0455,co_location
CASE088,CASE088-LE0456,co_location
CASE089,TX4208,financial_chain
CASE089,TX4209,financial_chain
CASE089,CASE089-LE0460,co_location
CASE089,CASE089-LE0461,co_location
CASE090,TX4255,financial_chain
CASE090,TX4256,financial_chain
CASE090,TX4257,financial_chain
CASE090,TX4258,financial_chain
CASE090,CASE090-LE0465,co_location
CASE090,CASE090-LE0466,co_location
CASE091,TX4304,financial_chain
CASE091,TX4305,financial_chain
CASE091,TX4306,financial_chain
CASE091,TX4307,financial_chain
CASE091,CASE091-LE0470,co_location
CASE091,CASE091-LE0471,co_location
CASE091,CASE091-LE0472,co_location
CASE092,TX4353,financial_chain
CASE092,TX4354,financial_chain
CASE092,CASE092-LE0476,co_location
CASE092,CASE092-LE0477,co_location
CASE093,TX4400,financial_chain
CASE093,TX4401,financial_chain
CASE093,TX4402,financial_chain
CASE093,CASE093-LE0481,co_location
CASE093,CASE093-LE0482,co_location
CASE094,TX4448,financial_chain
CASE094,TX4449,financial_chain
CASE094,TX4450,financial_chain
CASE094,TX4451,financial_chain
CASE094,CASE094-LE0486,co_location
CASE094,CASE094-LE0487,co_location
CASE095,TX4497,financial_chain
CASE095,TX4498,financial_chain
CASE095,TX4499,financial_chain
CASE095,CASE095-LE0491,co_location
CASE095,CASE095-LE0492,co_location
CASE096,TX4545,financial_chain
CASE096,TX4546,financial_chain
CASE096,TX4547,financial_chain
CASE096,TX4548,financial_chain
CASE096,CASE096-LE0496,co_location
CASE096,CASE096-LE0497,co_location
CASE096,CASE096-LE0498,co_location
CASE097,TX4594,financial_chain
CASE097,TX4595,financial_chain
CASE097,TX4596,financial_chain
CASE097,TX4597,financial_chain
CASE097,CASE097-LE0502,co_location
CASE097,CASE097-LE0503,co_location
CASE097,CASE097-LE0504,co_location
CASE098,TX4643,financial_chain
CASE098,CASE098-LE0508,co_location
CASE098,CASE098-LE0509,co_location
CASE099,TX4689,financial_chain
CASE099,TX4690,financial_chain
CASE099,TX4691,financial_chain
CASE099,TX4692,financial_chain
CASE099,CASE099-LE0513,co_location
CASE099,CASE099-LE0514,co_location
CASE100,TX4738,financial_chain
CASE100,TX4739,financial_chain
CASE100,CASE100-LE0518,co_location
CASE100,CASE100-LE0519,co_location
CASE100,CASE100-LE0520,co_location
