test_id,case_id,evidence_id,stored_content_sha256,presented_content_sha256,is_tampered,expected_verification_result,tamper_type
VER0001,CASE001,transactions:TX0014,d3049b0186e09e7f1bc01d17cbf25e171453eb61c8b82cf4b3bfce0ab3986843,d3049b0186e09e7f1bc01d17cbf25e171453eb61c8b82cf4b3bfce0ab3986843,N,valid,none
VER0002,CASE001,transactions:TX4785,4e9ee05f9711a5e45a0268ed911cf9f836e136b31bf416bbc0e3669cfd608908,8d9b08d3b7c4ea63a8b115ec6d12a0745537d74929ddbb8577da1d55dc97956f,Y,invalid,field 'transaction_id' altered after evidence capture
VER0003,CASE001,cdr:CDR0200,a95a974ffd9042bfda9c500fe1b98da3d4f8098bc80a579d2e288c3a1664c90f,a95a974ffd9042bfda9c500fe1b98da3d4f8098bc80a579d2e288c3a1664c90f,N,valid,none
VER0004,CASE001,cdr:CDR0148,0bec27898b8308d35b97296c4b9a817aef62de2f8bc933c2e72740ae3fd4b094,278c1e0b2850f26193db0d32e8830468d09a5bf783b2345ed6fc9887c9072e20,Y,invalid,field 'cdr_id' altered after evidence capture
VER0005,CASE002,cdr:CDR0369,13b200be7a377938e8c647a0935cd0268da78a9a343c626d621bfbc0db39457d,13b200be7a377938e8c647a0935cd0268da78a9a343c626d621bfbc0db39457d,N,valid,none
VER0006,CASE002,transactions:TX0083,60d66626845ebde34ad45dfe675ff64994b37d036647cfe895445d64e6c99e92,917977fb80a2dbbe3a4fb11d913fe538fb57f10a3b380b6bb0fa2cf8cd2dca46,Y,invalid,field 'transaction_id' altered after evidence capture
VER0007,CASE002,cdr:CDR0311,bbc5ebfe40fa94cbcb1ca1d6b8b57497e097fba7a4c13a6e34adba8468978453,bbc5ebfe40fa94cbcb1ca1d6b8b57497e097fba7a4c13a6e34adba8468978453,N,valid,none
VER0008,CASE002,cdr:CDR0368,a375040a701db91a6362f7b807ed388f4f318e2e5bf7e6876b5ef37443d68629,ef11cbadd8970c23091aafd01d3214d4e3bba76a42511dd996c6f1aefd5ad32e,Y,invalid,field 'cdr_id' altered after evidence capture
VER0009,CASE003,cdr:CDR0551,c49b52a343b8fd6fe1912e99aeb3283de9cec3eed1c9be9a760b7baefc133b7e,c49b52a343b8fd6fe1912e99aeb3283de9cec3eed1c9be9a760b7baefc133b7e,N,valid,none
VER0010,CASE003,cdr:CDR0475,cdf0926c7e01504ef0917f98c0bbd71a62923bf3580a7abd3c3fb15d75024fe7,664c3d606fd50e5605e060be607d7ca639ebe9ece3d67352474d2730b5baf4a2,Y,invalid,field 'cdr_id' altered after evidence capture
VER0011,CASE003,cdr:CDR0568,be5ea9aba778ed0464d22417492be129de7ce4add1f832daf50947b5b477e7a4,be5ea9aba778ed0464d22417492be129de7ce4add1f832daf50947b5b477e7a4,N,valid,none
VER0012,CASE003,transactions:TX0141,b5065beeb2becef60179a69d2b3cf4b3c1a465e92cf8527aae0649963bb86cdd,4566de0fe7a6e5c777814fdf96b126ce3dfd477dce5a4af6954a6da7017ffd69,Y,invalid,field 'transaction_id' altered after evidence capture
VER0013,CASE004,cdr:CDR0720,65ed44816239cd29ab11adaa227dcef818c78b04633d7de6706c753512d9eefa,65ed44816239cd29ab11adaa227dcef818c78b04633d7de6706c753512d9eefa,N,valid,none
VER0014,CASE004,cdr:CDR0719,3ef0a6d2c9bbf0875092637dcb638f3d865e9b7fae946222502c13301d043f1b,b25a6aff5f292831a0dc2c6e4b63193f7d1df6fc34af7a1ce1bfaf2e9f2d4886,Y,invalid,field 'cdr_id' altered after evidence capture
VER0015,CASE004,cdr:CDR0682,9b3c4d0ba22eb72498420df2601358990a8eeaabcc86d289e1fe313f15779390,9b3c4d0ba22eb72498420df2601358990a8eeaabcc86d289e1fe313f15779390,N,valid,none
VER0016,CASE004,cdr:CDR0718,b698d19dcbddaff0f60113fb06558e78f15b17f4e53806ba9a48f05857cb2da1,4ab51620a21dc84139301cefed1b236dfc1398195e5dc97107841f2e63353489,Y,invalid,field 'cdr_id' altered after evidence capture
VER0017,CASE005,transactions:TX0200,d65b82dc7a98ae605b2a3ed2ab843695a88f52add0cb690bd363d834232c8eb8,d65b82dc7a98ae605b2a3ed2ab843695a88f52add0cb690bd363d834232c8eb8,N,valid,none
VER0018,CASE005,cdr:CDR0824,e235a4582596f56655e937c2cbe303cac92e9c784ab42037768d0731680b04d4,216ca2fd8bb7b25270d15b68617a6a429d6383182a51ac66e05b8c407fd6ad34,Y,invalid,field 'cdr_id' altered after evidence capture
VER0019,CASE005,cdr:CDR0818,d8fde8d70cbea9f49fd7539270925014025c326dbe36c90d9464ef4d2ce1e9b9,d8fde8d70cbea9f49fd7539270925014025c326dbe36c90d9464ef4d2ce1e9b9,N,valid,none
VER0020,CASE005,transactions:TX0201,191bfc0683a8d438299703d748ff33e3a806767cbe259b1251b6eff01069e426,6375609e758c5c3ecf1a42a85f5a2837f6885ef6a2943c9ffe86e83cea2de1bf,Y,invalid,field 'transaction_id' altered after evidence capture
VER0021,CASE006,cdr:CDR0895,7ab1e25ceea987d6f29dbe8d98c98cb1031b9b7db47f503cb545216db9acb03a,7ab1e25ceea987d6f29dbe8d98c98cb1031b9b7db47f503cb545216db9acb03a,N,valid,none
VER0022,CASE006,location_events:CASE006-LE0027,39f9f27714c4d392fe07b7c1d3f99bde69c8854dc05662dc285eae12b2c592b3,2f6ad7129011b5b440ca9e4b3a76896fd03eed821ead5f7b2c30c720198ccc7d,Y,invalid,field 'event_id' altered after evidence capture
VER0023,CASE006,cdr:CDR0870,4d8e497ae6f4473e94c6f60db8de37869cdbc8abd101b39aed71bbfbc16402b6,4d8e497ae6f4473e94c6f60db8de37869cdbc8abd101b39aed71bbfbc16402b6,N,valid,none
VER0024,CASE006,cdr:CDR0934,0a9fa7a9190f240a62e9f586c6272900b77c3f7d548a7c819533fd3192599fc0,50eee250bbf242f51b59fa15dd9cbb28a8b0fe1d556d691d548b5c2502554011,Y,invalid,field 'cdr_id' altered after evidence capture
VER0025,CASE007,location_events:CASE007-LE0034,6d1acacade6a9b79cc5e435fddd1aad59b9ed3cea219636ea40f93c416720e73,6d1acacade6a9b79cc5e435fddd1aad59b9ed3cea219636ea40f93c416720e73,N,valid,none
VER0026,CASE007,cdr:CDR1054,45325af196ba54b34990270cfeb2ccc14adcf5578baf04d703cd5b49aa9a15d2,d955a726c6137fa02c9924352c75e3eef63baea970ba86fe34cbbb7039d665f2,Y,invalid,field 'cdr_id' altered after evidence capture
VER0027,CASE007,cdr:CDR0977,39f39e48e6957fa2499ef8560390b733636bb70abd56773b97cef50048bd3b19,39f39e48e6957fa2499ef8560390b733636bb70abd56773b97cef50048bd3b19,N,valid,none
VER0028,CASE007,cdr:CDR1013,73814e863ed682b47e4006173abaf5e2a53f493cc5af59f4e00b625ad3e416f2,e2a05eb98b4ea6f2466ddd8b69095b720a092e3753c49d8cc0bdee642f7ae747,Y,invalid,field 'cdr_id' altered after evidence capture
VER0029,CASE008,cdr:CDR1237,912abf05feb3f25c0fc52075b92631de157d767bba1578f2c3b74d21ec07a297,912abf05feb3f25c0fc52075b92631de157d767bba1578f2c3b74d21ec07a297,N,valid,none
VER0030,CASE008,cdr:CDR1242,774006a24b06d10c12dd24f3b860a5d1d8eb52a00cfc1f334950a9e20570225a,dd97fa6c4cd0239216b23357157373d4faa173d89cb4d48e7c889165850aae6d,Y,invalid,field 'cdr_id' altered after evidence capture
VER0031,CASE008,cdr:CDR1451,01f0fe4f4bf58f452e1a03467a5732985c4dc4a68847deba93899e14490850d9,01f0fe4f4bf58f452e1a03467a5732985c4dc4a68847deba93899e14490850d9,N,valid,none
VER0032,CASE008,cdr:CDR1139,96225b98e9fa79274851e60e4b80a7cdcec4e2acec9b43da9020f834ef534626,999da4e449c110fc7bd1c4883ee6e91821a376c2dd66cd9129463713d0f4c731,Y,invalid,field 'cdr_id' altered after evidence capture
VER0033,CASE009,cdr:CDR1516,a818095a342976432e0cdea533e2eba98aeda0ed2cf712cf48c1ce36e524857c,a818095a342976432e0cdea533e2eba98aeda0ed2cf712cf48c1ce36e524857c,N,valid,none
VER0034,CASE009,cdr:CDR1833,21ee1b261b94f77c7072b14ff4cc81185df4d76b49a5f2e3aba474e732302bfd,41d8b0ba7a3f84670d7faf961db407f1fff271b4053353a8942ce7de71c1c9cf,Y,invalid,field 'cdr_id' altered after evidence capture
VER0035,CASE009,cdr:CDR1791,4329e6a37ab23a3cd180a6edef994242de6676a67200486c3f6097197a147b6e,4329e6a37ab23a3cd180a6edef994242de6676a67200486c3f6097197a147b6e,N,valid,none
VER0036,CASE009,cdr:CDR1807,9580b8dec1e12beb807d1d2e588396df0efb19ceeacabc5ac578d993ed054fb0,d5277a09c6d40e96cbed4d6bcf70841e059b54fd8719d4f0abf76ad82513d572,Y,invalid,field 'cdr_id' altered after evidence capture
VER0037,CASE010,cdr:CDR2434,4e0c1d902c8150d4016959a76a04497fd965987b28b91c78395c78b0e68adbf8,4e0c1d902c8150d4016959a76a04497fd965987b28b91c78395c78b0e68adbf8,N,valid,none
VER0038,CASE010,cdr:CDR2276,c03932467787724e5f3b5fabe45c4ffce74554407294de2da3ee1a0b9da0ad79,5c9381332e672f482a36c58b949706ec2ff9da34e7e79e4be599c932a3312d4f,Y,invalid,field 'cdr_id' altered after evidence capture
VER0039,CASE010,transactions:TX0428,5f25ca0755e72d80517a6abfdc1e0d98e72267b8cdbac333913269711bd9e115,5f25ca0755e72d80517a6abfdc1e0d98e72267b8cdbac333913269711bd9e115,N,valid,none
VER0040,CASE010,cdr:CDR2278,4de3e7533a7c2d21858ed8f3a32fc242cc68ee8957cfc429ecd2acea2003b506,019cf1d1a8fcf5e93049401584074ef9aff5e4208d247bdf17993dc3adce5402,Y,invalid,field 'cdr_id' altered after evidence capture
VER0041,CASE011,cdr:CDR2485,1a03a1e4b722866caa368ce2a57dff23dd54cc33e979ca03bf9f289054a8f06c,1a03a1e4b722866caa368ce2a57dff23dd54cc33e979ca03bf9f289054a8f06c,N,valid,none
VER0042,CASE011,cdr:CDR2552,893020134ff3be0243933df282c0f44b40e37fcaab42bdb1fde62009e37345d0,bf3a700889de8418119e94f3ec886b122c946432bdb756cec94afb2856070b67,Y,invalid,field 'cdr_id' altered after evidence capture
VER0043,CASE011,transactions:TX0487,48fabe8fce066558fc1a07254c7bfcce996d201009fb33ed19669e31212d7dc0,48fabe8fce066558fc1a07254c7bfcce996d201009fb33ed19669e31212d7dc0,N,valid,none
VER0044,CASE011,cdr:CDR2569,ec9c0922fbd26326349f30f4ef044504107ee90883fbea7007490b533c22112f,e5b0ffa4d0b57a4b9867581c645340c625b536727e1c7600cfdc2120f0a2e2e8,Y,invalid,field 'cdr_id' altered after evidence capture
VER0045,CASE012,transactions:TX0529,b49976d1c27e142872e8ef83cf5f30de7d86859ff3065511fd3fc06437cb705c,b49976d1c27e142872e8ef83cf5f30de7d86859ff3065511fd3fc06437cb705c,N,valid,none
VER0046,CASE012,cdr:CDR2649,89635f9b6b393e6f980558973d09414eca6daab07bee78f115ba46dfb1066213,a240506a4980ec6cc38951914072b5babfa4868ac016351d3f1958729fab9814,Y,invalid,field 'cdr_id' altered after evidence capture
VER0047,CASE012,transactions:TX0528,c4dd77f955a2c06e82d5714342430807bdaf78db24e0ac9463afa3a92447d86b,c4dd77f955a2c06e82d5714342430807bdaf78db24e0ac9463afa3a92447d86b,N,valid,none
VER0048,CASE012,cdr:CDR2724,38b3b40d2f3ec0a0fb000a192915e1ec5abf885c80f40b72808d50d6248111a0,6bd3f8b0b5599bcf13715106053fc4633a443f2498fd7cfb2ed827d1f1a0aece,Y,invalid,field 'cdr_id' altered after evidence capture
VER0049,CASE013,cdr:CDR2837,5aa2955f03c76a292714db9877c883f0f3c4fd1db42b3f136a2429ba906af88c,5aa2955f03c76a292714db9877c883f0f3c4fd1db42b3f136a2429ba906af88c,N,valid,none
VER0050,CASE013,cdr:CDR2819,2658f1dac2f4fb7fcf10f60774844ad3133ebcd2bed3ca8a6c5adfa834202106,e0d1ab92116f0c8f21d13a800d525780e99aa34be57ec8bca0d4424e2b0f73e1,Y,invalid,field 'cdr_id' altered after evidence capture
VER0051,CASE013,cdr:CDR2829,da877683aa22d331eb941bebb7c14455569a044c793aec61c726a073759733d5,da877683aa22d331eb941bebb7c14455569a044c793aec61c726a073759733d5,N,valid,none
VER0052,CASE013,cdr:CDR2796,41e8ce3c26eb4e72515c3e14f37f844b3bfb3ddac3827fd3e123a97a45cab19f,d0b39fde20101424be6e693190ffebdbd528ecaf208ca65d4f0694dfad770f31,Y,invalid,field 'cdr_id' altered after evidence capture
VER0053,CASE014,cdr:CDR2956,80b5e9a0dc0331719b0f268f2937c06e42ed91fddd625c4c3b99facada4a948a,80b5e9a0dc0331719b0f268f2937c06e42ed91fddd625c4c3b99facada4a948a,N,valid,none
VER0054,CASE014,transactions:TX0635,37a3191f66c32339f0ac74dfd9b16d768f28ffc66938c4ab5c342555f4033766,ff74e374240d856a1df8e5b54d2b3b9ab536678055ae174164bc4d787fdbf2f7,Y,invalid,field 'transaction_id' altered after evidence capture
VER0055,CASE014,cdr:CDR2866,b53e3d6a286a19a8239c4ab633f475983f1c44fc5f920e08befe0481cf9661ab,b53e3d6a286a19a8239c4ab633f475983f1c44fc5f920e08befe0481cf9661ab,N,valid,none
VER0056,CASE014,cdr:CDR2863,6435d98a9819833432f3b88abcb6fad30e11ed4200b6cd8486cff1debbd6dd4b,126cb88bcfc81c89d851b9ca2002e1f794b68de9023c75e58b7514c82fb67193,Y,invalid,field 'cdr_id' altered after evidence capture
VER0057,CASE015,cdr:CDR3132,90eedbde23881acf67595416d15cace2ce993d44f1aea37cf98d3bd1b26eb392,90eedbde23881acf67595416d15cace2ce993d44f1aea37cf98d3bd1b26eb392,N,valid,none
VER0058,CASE015,cdr:CDR3088,623e69c4d6591dca196ca84bef96684d5101e0714442b70a88d7678d03bb9ea2,b6016c2e39cc51925ecf846921df5dc033b9568d408f2c29097fa3f9a37b1380,Y,invalid,field 'cdr_id' altered after evidence capture
VER0059,CASE015,cdr:CDR3078,164f411f880c105395afbc483f42ed5a373797eb2be5b72919cfbd468b2bcc0a,164f411f880c105395afbc483f42ed5a373797eb2be5b72919cfbd468b2bcc0a,N,valid,none
VER0060,CASE015,cdr:CDR3086,89bdc827452c636e790ec4d5eab6dbd8b7b86467dbfe5c7deedf14c0e49e41b8,844a0dda6d6d5fb80a6773d318072fd11a58c6390651b3802fd7e72be8dfdf26,Y,invalid,field 'cdr_id' altered after evidence capture
VER0061,CASE016,transactions:TX0757,94ce7628f2700a6ece924630f1361215da3444353a267d41843fd006eceda172,94ce7628f2700a6ece924630f1361215da3444353a267d41843fd006eceda172,N,valid,none
VER0062,CASE016,cdr:CDR3285,b926dd885baa3a2c90ffe163b33865e16274b187f8ee8667d6f33b95668025f1,acd053c90270678728e1e8cca221f6bc02d9ce7d4a0c61be5d5e40d8d8438386,Y,invalid,field 'cdr_id' altered after evidence capture
VER0063,CASE016,transactions:TX0736,95d27e66a7d5888907b7306eda1969b6f9018ad3ca7508e0ddfcd2c35f0f1853,95d27e66a7d5888907b7306eda1969b6f9018ad3ca7508e0ddfcd2c35f0f1853,N,valid,none
VER0064,CASE016,cdr:CDR3211,225d4d001dac306b8577c9b4c50e1f7c3cc781a40cdac0f1677736d197728887,d84dc2f92a0c77124afdca6b060fb64398a86c7d4120a91d3b5ad0c73d857327,Y,invalid,field 'cdr_id' altered after evidence capture
VER0065,CASE017,cdr:CDR3831,e718751d5c158b3f48d2e354fc68fe058bb973156330c99ece8a2b444770e760,e718751d5c158b3f48d2e354fc68fe058bb973156330c99ece8a2b444770e760,N,valid,none
VER0066,CASE017,cdr:CDR3613,e296ecef0ddada4c3be08a74d3da07c2421862b4ff9b20a87b17634ccbb38dfd,aae0c9bfa764ce03920418cb19f1f804d90d90af27f663171e828f344982b7f2,Y,invalid,field 'cdr_id' altered after evidence capture
VER0067,CASE017,cdr:CDR3641,a7b7a90c67eb37c51088c1c00c146db10585f7b45a1d11181ba811cbf2b2a9d0,a7b7a90c67eb37c51088c1c00c146db10585f7b45a1d11181ba811cbf2b2a9d0,N,valid,none
VER0068,CASE017,cdr:CDR3699,6b8ddd93bfa3de75c86a3cac5c18f96d328acbfee3cc52681d37667c0e98a347,94ac71150fff0257c9337f48c937f0b16adffdb4acf6153afae68b717c8a6ac0,Y,invalid,field 'cdr_id' altered after evidence capture
VER0069,CASE018,cdr:CDR3911,11887cc3c5db3d02bf9065a238aa7e689910857253a342026be1d03a4991631e,11887cc3c5db3d02bf9065a238aa7e689910857253a342026be1d03a4991631e,N,valid,none
VER0070,CASE018,cdr:CDR4075,5123a29c1ad77b3c5f8e42a29408b27d0c6c04e28e1285ac61348c203f4386cf,c09102f7205e9d7b10a647f4f78ac8e703a03d5a4fade648b6691ef0d770a499,Y,invalid,field 'cdr_id' altered after evidence capture
VER0071,CASE018,cdr:CDR3898,2d0de3c24197de0364bc64cf1e67d7b379d84d1966a86a7be473f7154844d6a8,2d0de3c24197de0364bc64cf1e67d7b379d84d1966a86a7be473f7154844d6a8,N,valid,none
VER0072,CASE018,cdr:CDR3971,e4b9368a1fe17139aff5bdb55f1600d112f0a855ccf619a35b13960d0678d2a4,02ffe655bc643a06f9e52680f2b4566e21cfed2c136aa7002a00d6e0102549bc,Y,invalid,field 'cdr_id' altered after evidence capture
VER0073,CASE019,cdr:CDR4308,2af60be5822f75b30823317244d10812f3798ff897e3501f2303dd88f0fee559,2af60be5822f75b30823317244d10812f3798ff897e3501f2303dd88f0fee559,N,valid,none
VER0074,CASE019,cdr:CDR4392,0837ef01c970da59374ad577cb02e99465d23ba497c61d177a3df8c269c18f89,809be64f0cf46d701d24cc5d47fb9703abcbc972a845c051cca725321be87101,Y,invalid,field 'cdr_id' altered after evidence capture
VER0075,CASE019,cdr:CDR4476,884efc15bfa6ee2620f13300d69e8346c71f481b26936a67bfeefae877a5e771,884efc15bfa6ee2620f13300d69e8346c71f481b26936a67bfeefae877a5e771,N,valid,none
VER0076,CASE019,cdr:CDR4450,de009a88128b97049a651421214d764b0a462ba36b54670baaa78783df15b27b,14d2d17bbed5c8e00ee60738db3edb0242f20e5791ee4ee9511bc7a430935716,Y,invalid,field 'cdr_id' altered after evidence capture
VER0077,CASE020,cdr:CDR4886,7d1a1847218b503d1bcdfa4ec082baa0205fab47e9908358420fb4e17e8cfea3,7d1a1847218b503d1bcdfa4ec082baa0205fab47e9908358420fb4e17e8cfea3,N,valid,none
VER0078,CASE020,transactions:TX4884,76f47d5b23c581d09b077897260455e1eccb0b5d18e48a00152cb981607dfd4c,3957ce115e3bb63495eca1d3b9bab6c7d759b5c9d3c566ac4a35b45ae7aaa5de,Y,invalid,field 'transaction_id' altered after evidence capture
VER0079,CASE020,cdr:CDR4684,be1757866016fda896b7e9dd9d54857f9292f9f66284dd846ef7942beb7314c4,be1757866016fda896b7e9dd9d54857f9292f9f66284dd846ef7942beb7314c4,N,valid,none
VER0080,CASE020,transactions:TX0926,6c4fdee08f946bdede64168a4bc865c0abba7030bb999b16a128d675a66fcfe5,fd23524747dcb45bf33dd930d1858a71e71f88a0ada196d17280177f04c6aa74,Y,invalid,field 'transaction_id' altered after evidence capture
VER0081,CASE021,cdr:CDR5011,9a99f89f768c28475b844d94e4de8fe93f60548e0a4ec5e870ade39df67b564d,9a99f89f768c28475b844d94e4de8fe93f60548e0a4ec5e870ade39df67b564d,N,valid,none
VER0082,CASE021,cdr:CDR4940,a03520c74d92cedab992e9f396cd10abb67b84f466bcec3cf8712c92a3763bf4,30f593c29573cec5f3b236bcbe4c1b440ff203aa854584bfccae3d7bec9a5bdd,Y,invalid,field 'cdr_id' altered after evidence capture
VER0083,CASE021,transactions:TX0962,f202b0e7a7d3dd1440d3675d2df127d3b32f1390806b5c2b76a16536f9788e4d,f202b0e7a7d3dd1440d3675d2df127d3b32f1390806b5c2b76a16536f9788e4d,N,valid,none
VER0084,CASE021,transactions:TX0961,1d409b56ab4b6449e8c51c32d35ab456998ea31d9515936186a0d9bd318d3063,e88dce700a127bd82576670457cecb9201db22d2a9321d377f8d34edcc958b18,Y,invalid,field 'transaction_id' altered after evidence capture
VER0085,CASE022,cdr:CDR5081,ebe9678fead73930b35f5eccc266c56f845ce266519393d532fb2cb8b443c1db,ebe9678fead73930b35f5eccc266c56f845ce266519393d532fb2cb8b443c1db,N,valid,none
VER0086,CASE022,transactions:TX1004,1f790a8c2f5469a98db40643af231f4a7fdd9b195ec12bc571f63bf30a723fe6,30c0041d33fa0a88f7a62a141db5027c6efd0409af8e91067b8261c2bcca683d,Y,invalid,field 'transaction_id' altered after evidence capture
VER0087,CASE022,cdr:CDR5150,0712aa36dd87cb737fff66f2cdd4fe6a6b7191a38551f34313da9ae18777404b,0712aa36dd87cb737fff66f2cdd4fe6a6b7191a38551f34313da9ae18777404b,N,valid,none
VER0088,CASE022,cdr:CDR5123,5158389d3f96be92bb09996162fda2cf8e4d511f834e13c2b30f40105944ecfe,701e5eee6aa212aa936895bf7b048fb7f24278bfdb40dbcced9fca25229af1f2,Y,invalid,field 'cdr_id' altered after evidence capture
VER0089,CASE023,transactions:TX1063,9a0e5ea56992f3ccd7aef6a0fca6792016aa1e937241719dd470c98ed69a9b47,9a0e5ea56992f3ccd7aef6a0fca6792016aa1e937241719dd470c98ed69a9b47,N,valid,none
VER0090,CASE023,cdr:CDR5366,433fc63b3dc05285bfb5d7454fcb0bc19bd27fd328164600cca21186d63eb985,0e1313d5f59e2ee9336f905b4cb612e2cea467bcaf8b48413cab18b09b9be193,Y,invalid,field 'cdr_id' altered after evidence capture
VER0091,CASE023,cdr:CDR5396,868d73919eadc288ef4ada358f4af8162cc4e13cb83c8707a7d976c82a6d5453,868d73919eadc288ef4ada358f4af8162cc4e13cb83c8707a7d976c82a6d5453,N,valid,none
VER0092,CASE023,cdr:CDR5450,1ef27ce7884905990e4189b928391ba0aa36bf6c280e1853694bc06d0de2ff67,b9271a711cdfccaf516800930f09f2823224760f9e1cbb339f6ef60371f8b9ae,Y,invalid,field 'cdr_id' altered after evidence capture
VER0093,CASE024,cdr:CDR5834,7457ad13f10963d83c95d359a1a26fb88efa284243cb2c3936129c29d589e835,7457ad13f10963d83c95d359a1a26fb88efa284243cb2c3936129c29d589e835,N,valid,none
VER0094,CASE024,cdr:CDR5580,ab6fa5e761084c451d5255d9742f47c0de9e1fb76361a2d1e857b5e4b403e7a0,5c9fe7ef9e76d6c713c9b0503b5533a3ca9f8610a071ac2493ff650497b4cf59,Y,invalid,field 'cdr_id' altered after evidence capture
VER0095,CASE024,transactions:TX1139,fcdffaddaa8ac0fc0c5b790986b5b63f7f38981030fbc2a79e1bc29a3b9cf4bb,fcdffaddaa8ac0fc0c5b790986b5b63f7f38981030fbc2a79e1bc29a3b9cf4bb,N,valid,none
VER0096,CASE024,cdr:CDR5695,7ea10922036a79ae737a9716412698addf6707df1d940af3d13f843f8b44a7ba,0cc21b2f3c9c28835108ca2290ca6ec6e21c02ecfe6276d96ee8c770c841886a,Y,invalid,field 'cdr_id' altered after evidence capture
VER0097,CASE025,cdr:CDR5961,68ef2e38d15728038e73374eeb2ca03fc9fb4fb9d2d35b0183c30b08dae865b4,68ef2e38d15728038e73374eeb2ca03fc9fb4fb9d2d35b0183c30b08dae865b4,N,valid,none
VER0098,CASE025,transactions:TX1181,3c1c81a038577eb84753619dd62aa0aec1586f648651d6063b66b2b90d719359,14e26091103925111d2edc824e7e0ff65d1d0ab414c67432f897d8decc8d76d4,Y,invalid,field 'transaction_id' altered after evidence capture
VER0099,CASE025,cdr:CDR5872,cc0be85a91b11edab3a1a452ad023bf316da9f66f66e2ad59fa921e946b4ed8f,cc0be85a91b11edab3a1a452ad023bf316da9f66f66e2ad59fa921e946b4ed8f,N,valid,none
VER0100,CASE025,cdr:CDR5862,f70ee7574c7abaf5b9635a22823de44c477177b9758c0b8d3c8b9cd128e7da92,91544366661dd69218758363cd45d61b5a1b92c08a4d6afb7c4ab21209676d8e,Y,invalid,field 'cdr_id' altered after evidence capture
VER0101,CASE026,cdr:CDR6161,a1509bd52ca232cd9007f78743b858d9d146002cf330f95fe5f0ef4f769335cb,a1509bd52ca232cd9007f78743b858d9d146002cf330f95fe5f0ef4f769335cb,N,valid,none
VER0102,CASE026,transactions:TX1194,c492ce38e21e22864388134642893e49a3d961da9a6445c26db2ea8b8dbc61b9,2a0200d38ad8e00b0a4a74ca4eabdf7adb803ac6e26b35be94380fda863d58e4,Y,invalid,field 'transaction_id' altered after evidence capture
VER0103,CASE026,cdr:CDR6139,f07182a69772bdc92900ebda762f338f4c8675df4afa310870f5501325eaa773,f07182a69772bdc92900ebda762f338f4c8675df4afa310870f5501325eaa773,N,valid,none
VER0104,CASE026,cdr:CDR6006,951676fb38991c68d6e994926999bcde4f61dd60bfd3f681327a3d2d2ca2a0e5,7049a6b17ed667c24da687b4ef34379736594a69dc56e664d166475350607ef6,Y,invalid,field 'cdr_id' altered after evidence capture
VER0105,CASE027,cdr:CDR6414,b0f29997b48dd3d4511d5b7bfc0e844b52d36e78a26e78aae406fc21a9f048f9,b0f29997b48dd3d4511d5b7bfc0e844b52d36e78a26e78aae406fc21a9f048f9,N,valid,none
VER0106,CASE027,cdr:CDR6387,250eec0ff9ec80760eea2a77a22a40c2222bddbd8137d131fb32acd096ef7fc8,965265c42a8677e18ba2562dcf86b2cc29670b3d9922cdfd43894e272a30457d,Y,invalid,field 'cdr_id' altered after evidence capture
VER0107,CASE027,cdr:CDR6343,46acd49ae60191426b5fd24614ac95d6f42c413c8c61b46ce739959755bebc16,46acd49ae60191426b5fd24614ac95d6f42c413c8c61b46ce739959755bebc16,N,valid,none
VER0108,CASE027,cdr:CDR6350,a7b9e2fcb2da166512aab3dba34d9a44e92a7ba6a136297adf0dab16a25623e4,0203b872d75b0ed843b0992b97dcd5541b6d0de458f23eff74f56ebcc2425075,Y,invalid,field 'cdr_id' altered after evidence capture
VER0109,CASE028,cdr:CDR6496,5bb714aed1fac96db981c6537899b89eda9e292472486890233da3a728333ba3,5bb714aed1fac96db981c6537899b89eda9e292472486890233da3a728333ba3,N,valid,none
VER0110,CASE028,cdr:CDR6538,f979ed6a393f454b381cb4ccb7b2b8fc957a27ca09ed127ff85b08a408c4222e,8df4ad4dea43f1af130f3489569f975fef15e78d8899cd9e91ba6965b652ae6b,Y,invalid,field 'cdr_id' altered after evidence capture
VER0111,CASE028,transactions:TX1330,2a2ae3894537b8afd57f172547ab8600cb09c29ee0378ba1e36d0062b86027e6,2a2ae3894537b8afd57f172547ab8600cb09c29ee0378ba1e36d0062b86027e6,N,valid,none
VER0112,CASE028,cdr:CDR6520,0c70cbd3bf453e7e291a651e8a7ffb00078bff81d3b3b4ec94290b819e76f0c2,56324d97c463bc330fa77dabf729336eef237ed3688a899ca313bb85bcf7b7d3,Y,invalid,field 'cdr_id' altered after evidence capture
VER0113,CASE029,transactions:TX1375,021861d982b829bd66f331dd1d314d23697f726a639da7b0492d956638e6cfc7,021861d982b829bd66f331dd1d314d23697f726a639da7b0492d956638e6cfc7,N,valid,none
VER0114,CASE029,cdr:CDR6598,86356b73dca13e1e9c1ce0d5dfa51a459f3143d67e120531e69c848127b9beb3,a53aedd75ee6b597402b664d2fc76b008372fcb870eee937f678231100a68cb9,Y,invalid,field 'cdr_id' altered after evidence capture
VER0115,CASE029,cdr:CDR6624,744c06de24d1b2387ea3c67e21c9153b4751578261c293be1a93a1543d47de92,744c06de24d1b2387ea3c67e21c9153b4751578261c293be1a93a1543d47de92,N,valid,none
VER0116,CASE029,transactions:TX1370,0dd49c49969bed95675ef7e1060e59c8167eda13192f7a56de07a3e105f96a7d,8a34f0db2077800e7fe66fa9ac824a20e52ab69606411220ebb1ebeef0d6ded4,Y,invalid,field 'transaction_id' altered after evidence capture
VER0117,CASE030,cdr:CDR6733,287116f321cd5ce8dd05534216502b9081105ff38406c8e22e133a57e2088a10,287116f321cd5ce8dd05534216502b9081105ff38406c8e22e133a57e2088a10,N,valid,none
VER0118,CASE030,cdr:CDR6697,025dc37d74449b1f9eff119049cbb56ad2272e0aca85420e57ea890e2f5be05d,c702eb35e239ec36cd7dcbb25e6024854600874f8e3bde383a574b21425ea2f3,Y,invalid,field 'cdr_id' altered after evidence capture
VER0119,CASE030,cdr:CDR6796,1ab258536b1762996355b0d2f9d92daf5d597353cacc31da3c903eb8b48199fb,1ab258536b1762996355b0d2f9d92daf5d597353cacc31da3c903eb8b48199fb,N,valid,none
VER0120,CASE030,cdr:CDR6812,ddb2f7b91c703e4316f1453f635070caf8c0d91a4d7ed6951908189b57aeac7d,dd521266f4af3d99ebd2e78d5f8785bdfc499f10b111653430f1bfe7ec5e4ca9,Y,invalid,field 'cdr_id' altered after evidence capture
VER0121,CASE031,cdr:CDR6935,8825e0a0b8b67d08975dcc01286d7ed7b5160b13d8d4ba6567ce94f1faeb7c5d,8825e0a0b8b67d08975dcc01286d7ed7b5160b13d8d4ba6567ce94f1faeb7c5d,N,valid,none
VER0122,CASE031,transactions:TX1433,3549b1010df3fa3db4f25bc2b84a2ef26797869cd62afa0c2391bf6943185f83,ccaabc7d66e86f66cd7de698c8e4e865303817f9167fa8415c7f5530acb5cc68,Y,invalid,field 'transaction_id' altered after evidence capture
VER0123,CASE031,cdr:CDR6904,50d5002b6594a4bff97cd42a094f7bd749f8cb371f8ab1679de0d54055ac8e15,50d5002b6594a4bff97cd42a094f7bd749f8cb371f8ab1679de0d54055ac8e15,N,valid,none
VER0124,CASE031,cdr:CDR6831,57bf49cd8b381fd92eee00d5efd6e97f8666c239f625356fa2c12a92024aa4ad,23caba80bb0b6c8f13879061c8a1fffd02f2e162016929083aa3fb2f6bb73997,Y,invalid,field 'cdr_id' altered after evidence capture
VER0125,CASE032,transactions:TX1522,a467a8a711ebce752e47afd9ab584c9e1e35c9d7b4202943aece813ff74cc0cb,a467a8a711ebce752e47afd9ab584c9e1e35c9d7b4202943aece813ff74cc0cb,N,valid,none
VER0126,CASE032,cdr:CDR7179,168edfd772c795216b4259f155c790e7e8308fe95bb1a4405b54f3be064ee294,ea804d1ae6af530f5ac717d40f5452dd1c4defb7527dffb042aa006bf4ce03e6,Y,invalid,field 'cdr_id' altered after evidence capture
VER0127,CASE032,cdr:CDR7065,fda271084dade5ff8281bd30baee89809a17f7b9375aa8ce3054e165de67ca95,fda271084dade5ff8281bd30baee89809a17f7b9375aa8ce3054e165de67ca95,N,valid,none
VER0128,CASE032,cdr:CDR7091,f11b7753d4c47045f0025b9c3a35054982d118cb921ba5b568ed37eff5f35561,c4e09f38289f44a208baa3b62809960d3583f44352bfa6f7112e55ebc6aa0055,Y,invalid,field 'cdr_id' altered after evidence capture
VER0129,CASE033,cdr:CDR7327,ca8e104dae600cd55a876513dbc9da1d1d49dedaeba4cbe2112d59194d9ce926,ca8e104dae600cd55a876513dbc9da1d1d49dedaeba4cbe2112d59194d9ce926,N,valid,none
VER0130,CASE033,transactions:TX4952,e254e713715af483ebe521dfd41a08348e29805b927a2ae94b59d9ac3c0e8221,2a834534e7fc8d58732e85d966218ac1835e030f144d446f1a6fa34d599449b7,Y,invalid,field 'transaction_id' altered after evidence capture
VER0131,CASE033,cdr:CDR7224,32ea84477218a067b67c098a6cf66a369f1a277f4e41599d0b7c472ea4fd18c1,32ea84477218a067b67c098a6cf66a369f1a277f4e41599d0b7c472ea4fd18c1,N,valid,none
VER0132,CASE033,cdr:CDR7316,4f9229d46200ac56e90635595e429507d4bf98fec7a9dd1524a30a066f6aedca,5b3ac96c7e3178480b8132cacfb58d1634a5a2a78b3b7f18819c432da124a5cc,Y,invalid,field 'cdr_id' altered after evidence capture
VER0133,CASE034,transactions:TX1592,1c3e32fb2680f53f7f7f87fa69b29efd17214416792627c529b9e69c644a4fc5,1c3e32fb2680f53f7f7f87fa69b29efd17214416792627c529b9e69c644a4fc5,N,valid,none
VER0134,CASE034,cdr:CDR7419,5d9a51e3450ea769df85c7eeb2be22e14adbdb5605a0653ad4ddea622983ee7f,8882fb626d57138b1ded2bad3b1f2d23db139c0f0b214a5668ed37cd995412c5,Y,invalid,field 'cdr_id' altered after evidence capture
VER0135,CASE034,cdr:CDR7395,c463d21f488ce6734f5978d30106589b0563e4f352ce060ce99dd9d8f508e5b8,c463d21f488ce6734f5978d30106589b0563e4f352ce060ce99dd9d8f508e5b8,N,valid,none
VER0136,CASE034,transactions:TX1603,02bc848afd6a645f7856e225c21b811282eaea1736883c3a940cafa6eba8a308,a89efe7b75740099f0260ff49d9128c8b39e348c569ef8d3972b9049b14389ac,Y,invalid,field 'transaction_id' altered after evidence capture
VER0137,CASE035,cdr:CDR7678,196a05fe15b5a6d31ef925a3f94031f301fb08a4ba8139daa9c32274ee0dec30,196a05fe15b5a6d31ef925a3f94031f301fb08a4ba8139daa9c32274ee0dec30,N,valid,none
VER0138,CASE035,transactions:TX1619,df6804c0f82eb05dda885903f1437011ffe9980c4c6da6887a758c0378155d45,eaf5e091ac52ae56aa19c78054bd734a965e4a6564a34803ff5cb0e34f3dc564,Y,invalid,field 'transaction_id' altered after evidence capture
VER0139,CASE035,cdr:CDR7472,9abf6b125a411947dd4dcb7760935ccb7f9cd4b5e3780469ca2087e47d2ddc4c,9abf6b125a411947dd4dcb7760935ccb7f9cd4b5e3780469ca2087e47d2ddc4c,N,valid,none
VER0140,CASE035,cdr:CDR7501,2972a7fa441887362f401d7f94384de017706bad7601cd720256bf3e883ce943,d93df3ed9cafa87d3783bbe04fa3283eb0da4ea6b51ece7fb5aeebd775cf297e,Y,invalid,field 'cdr_id' altered after evidence capture
VER0141,CASE036,cdr:CDR7747,71ec5ebc00d79f02ae8dae9d2aa7538beaa0a0769bc40fe68702e0e90023a2ee,71ec5ebc00d79f02ae8dae9d2aa7538beaa0a0769bc40fe68702e0e90023a2ee,N,valid,none
VER0142,CASE036,cdr:CDR7798,99e32b7b38f199619f40cd6cf5af511d10ac79dcf24f178298f82f5f20c0c4c4,bce8c0fd08fd3f347d4b3ee01172140fd04ea8dbc67b7197c5c93002986ec98a,Y,invalid,field 'cdr_id' altered after evidence capture
VER0143,CASE036,cdr:CDR7843,f6dbf3df9aac769387df0aa3f920418d7eaa756a623e576c61a6e8afa62e23c5,f6dbf3df9aac769387df0aa3f920418d7eaa756a623e576c61a6e8afa62e23c5,N,valid,none
VER0144,CASE036,transactions:TX1670,76ef43b8a09f785c319b24c50696e5db589ead6520445c85328085940de36023,8b2afb9c5ae63251a2d9f310af4feb878592bd38a67b136cc1f78103a13b2c1e,Y,invalid,field 'transaction_id' altered after evidence capture
VER0145,CASE037,cdr:CDR7876,8308fbc72c4cedef73620d1b7576efee1b486c67aa0c21772b1d27f21f734747,8308fbc72c4cedef73620d1b7576efee1b486c67aa0c21772b1d27f21f734747,N,valid,none
VER0146,CASE037,cdr:CDR7893,122aeebdb2d9c63d339f5dc9ef8963611265ee2718ae10d0b83204899b6898be,155b7a1194afab4e65163e2517c086046d7d2b8c6268b9cb44824c1f51038ea7,Y,invalid,field 'cdr_id' altered after evidence capture
VER0147,CASE037,transactions:TX1727,87876904adc0b9b32d3818c0908052090e213f7257de5a79e4210c161edea2b2,87876904adc0b9b32d3818c0908052090e213f7257de5a79e4210c161edea2b2,N,valid,none
VER0148,CASE037,cdr:CDR7913,19b5ce65ee1fbcd36009d013c2b99004e53d1158823e378200af784e665a9cba,487d298f8f7f2557764efab18d6e4a4d9bf4697e233edce2718559f412833902,Y,invalid,field 'cdr_id' altered after evidence capture
VER0149,CASE038,transactions:TX1789,67eb1a4791f6296ada5b5d80d9805b6f7390aa20f11183b8b06152038cd901a1,67eb1a4791f6296ada5b5d80d9805b6f7390aa20f11183b8b06152038cd901a1,N,valid,none
VER0150,CASE038,transactions:TX1798,6815dc0360b1e88f34fcecf19d7e9e06b5c364c8c27dcc8d694e3e8b1da3edca,5c5eed64d712096dd966920d6227931abe451d6a4862a202e9c010246a62e9e6,Y,invalid,field 'transaction_id' altered after evidence capture
VER0151,CASE038,cdr:CDR8111,2b59d05cc76f88688f723896e894593d4a358de9c1624c9609fe93e7e9f884ea,2b59d05cc76f88688f723896e894593d4a358de9c1624c9609fe93e7e9f884ea,N,valid,none
VER0152,CASE038,transactions:TX1793,afa6382ab9be66a1bc46bff0666247d9816494e66c04b9758cea12f8fd87bbee,893575b6049fbe56d0ea3e6fe22f8c9aca9c238fc85c3a70b1d0404fa3642b48,Y,invalid,field 'transaction_id' altered after evidence capture
VER0153,CASE039,cdr:CDR8514,3dac7e648b23469098eb49530b6d5746350f3c187310bcf1d03cdf8c45739685,3dac7e648b23469098eb49530b6d5746350f3c187310bcf1d03cdf8c45739685,N,valid,none
VER0154,CASE039,cdr:CDR8246,d890e686369c79234983da9cff78064304b61a3e3794c77c2548cb7ff9a965a0,0969cd9dcb705830cde590216ccccdcf854dc7c214d33b4b31f10f8e69b13f04,Y,invalid,field 'cdr_id' altered after evidence capture
VER0155,CASE039,location_events:CASE039-LE0200,a512de250f90d92f35622251bc9f01feb6cd9e8bf06146e17538de833843efb6,a512de250f90d92f35622251bc9f01feb6cd9e8bf06146e17538de833843efb6,N,valid,none
VER0156,CASE039,cdr:CDR8372,ed8b24902905230065759ec43399ee8978340bbcc648b0b308ecd159891473b8,6734ca3a137d590600e180c8474bbb07c5599b418158e06c62d98933fc64ca78,Y,invalid,field 'cdr_id' altered after evidence capture
VER0157,CASE040,cdr:CDR8700,bd6bc64e8224497f4f55592d0c7216c1e62a54f0bed9de879c014ca629e7bcf2,bd6bc64e8224497f4f55592d0c7216c1e62a54f0bed9de879c014ca629e7bcf2,N,valid,none
VER0158,CASE040,cdr:CDR8715,abcd2d9a535b78fcad9539191bb771c1fc16fa74c1585cfb555300e317a1fd1e,c889cfbcbeed629af45dd4f3aec38d465c4a9e6ec4d9c3225a50135608679bb0,Y,invalid,field 'cdr_id' altered after evidence capture
VER0159,CASE040,transactions:TX1856,ffe64368326fd3af608dc05e82414f00fe30a0c06f49c0ff39ec982d39ffe3ca,ffe64368326fd3af608dc05e82414f00fe30a0c06f49c0ff39ec982d39ffe3ca,N,valid,none
VER0160,CASE040,location_events:CASE040-LE0206,627841b080a49041eccfc06028ab2e87336c21a3f82a0326c72e1b74c5d112eb,d4e0bdb2b9df86f1e8f1042ad522fea80133734d4e7a32608231c8570e7126d2,Y,invalid,field 'event_id' altered after evidence capture
VER0161,CASE041,cdr:CDR8929,c457d992a7a38c5d893a285c8099de7639358b3bc9238714b17144e44418fdeb,c457d992a7a38c5d893a285c8099de7639358b3bc9238714b17144e44418fdeb,N,valid,none
VER0162,CASE041,transactions:TX4990,0df38d3a8e30a67bd32751d5077926481dcd167417733ce8e759cffe6056d2d3,f40dba4d21a71b2466a167b4b8d1394df616ea03c8936004df6d5f06b645d156,Y,invalid,field 'transaction_id' altered after evidence capture
VER0163,CASE041,transactions:TX4991,9874c615669b950ffa7f75955024ec328b50dbbcacb8e2eb58b63dd6054e9fdd,9874c615669b950ffa7f75955024ec328b50dbbcacb8e2eb58b63dd6054e9fdd,N,valid,none
VER0164,CASE041,cdr:CDR8782,5bf78a6f21f74ae31dd59defea1c14d27b1e71b83b63cc935530db0e80cb2b1c,05023c1219396eb785716a26d9afd81ec4d4a561fcb25054ea1fc95a6ff34b30,Y,invalid,field 'cdr_id' altered after evidence capture
VER0165,CASE042,cdr:CDR9103,a0b28e3e16c24c9bd06c57f645788b623a2f1f256d55b8a9f56457154bb75f40,a0b28e3e16c24c9bd06c57f645788b623a2f1f256d55b8a9f56457154bb75f40,N,valid,none
VER0166,CASE042,cdr:CDR9115,2eefdc48ef0633e66c0a780df135480a2a8dc89b9264894b845a5c085a3e20fe,4f85baa2d21c6040d173f1f3745d61ffaccb4933c0e8a3ae85cbd5bc5ba682a3,Y,invalid,field 'cdr_id' altered after evidence capture
VER0167,CASE042,cdr:CDR9106,1a8f2ed6df175b70e391bdebe1028023f21572f80a902a96df4f2384e6ca70af,1a8f2ed6df175b70e391bdebe1028023f21572f80a902a96df4f2384e6ca70af,N,valid,none
VER0168,CASE042,cdr:CDR9034,7950dd2dd08a5f95e53c12b6b1ba0f17ffa1dfcbcb15bf0c3520fd8051a1d4a6,1e994e144a3bd5e3245e6a486e2868e6cc8eb350fa96acd7da2749436338d9ae,Y,invalid,field 'cdr_id' altered after evidence capture
VER0169,CASE043,cdr:CDR9257,e537fbd69a79f7ab69b9dab1bad001938bf182c7c4965ec6b518e28ab0f11603,e537fbd69a79f7ab69b9dab1bad001938bf182c7c4965ec6b518e28ab0f11603,N,valid,none
VER0170,CASE043,cdr:CDR9231,cf0ad1dc2a5ded2a5a28ccda037593a6d032eaa869e9101cdec4e80261991172,4b2b5d0375e43b573f50bb934cf00e1a5bf8ba7bb3c2e75178b4968bb6c58d07,Y,invalid,field 'cdr_id' altered after evidence capture
VER0171,CASE043,transactions:TX2005,21ab17ab48046ece54d426e933b4f86881df35072da5e8cc44af3c4d1b505da4,21ab17ab48046ece54d426e933b4f86881df35072da5e8cc44af3c4d1b505da4,N,valid,none
VER0172,CASE043,cdr:CDR9228,68a2d75ad07e09d8daa3044c53a5203f6a2225f26d9e55a81ce37ec6b75981bf,8c9a79ee5175e1be44a8cbea9f9a42e706ec59b042ae978e72d9596762c2a298,Y,invalid,field 'cdr_id' altered after evidence capture
VER0173,CASE044,cdr:CDR9293,a80bfd8db1050d1cf80e68d383e97afe5e6687cbc1aa811c870d73fa3d9d91ac,a80bfd8db1050d1cf80e68d383e97afe5e6687cbc1aa811c870d73fa3d9d91ac,N,valid,none
VER0174,CASE044,cdr:CDR9390,dc48d625a536efb59581b4e1cbe87ad2ad271c9b02f425ba1d6099206d3986d3,0d3be12215de21f8c32a34c77cd29caf0be68663ed816bea14b16015171644e6,Y,invalid,field 'cdr_id' altered after evidence capture
VER0175,CASE044,transactions:TX2085,ff2d18dc68ceb020269afe3deef68c017e78d87f7748d839edeb9246b3b178e8,ff2d18dc68ceb020269afe3deef68c017e78d87f7748d839edeb9246b3b178e8,N,valid,none
VER0176,CASE044,cdr:CDR9317,30f2c165e3b08c9ab1565ec66495f7c353e9bc26170b5e8ae8bafe14f9a73aae,f3c91fb1c93af07f3cc35aeeac77977baed1e9910138a2a5b2d39901557b53e5,Y,invalid,field 'cdr_id' altered after evidence capture
VER0177,CASE045,transactions:TX2143,9eebea3e2a58ee1807954018ca0395fe929620951cd10b856ada2312c314395f,9eebea3e2a58ee1807954018ca0395fe929620951cd10b856ada2312c314395f,N,valid,none
VER0178,CASE045,transactions:TX2101,a8909d7abd71538ead67b5642f686adc4f0511a2ca88451c8821d0a334904ac0,9801e4e16cb169521837730067e9e4cac68bd2f3afdadf11525a2422f1bf623f,Y,invalid,field 'transaction_id' altered after evidence capture
VER0179,CASE045,cdr:CDR9471,22cbe358c1e500eff925b1a8ff1ffa857ecaac28db539668fdde9b36ef10a435,22cbe358c1e500eff925b1a8ff1ffa857ecaac28db539668fdde9b36ef10a435,N,valid,none
VER0180,CASE045,cdr:CDR9467,2800102671a5af75472725b93b984e2677304cf6b55a9bb6360da47503cf2f81,bfe45f669f40bfc8f434c292864437b0adab6468cc920fcf35ead2a309ab4549,Y,invalid,field 'cdr_id' altered after evidence capture
VER0181,CASE046,cdr:CDR9645,389d2281450b71b15ece8fd4b23cddab156cd4baa3c6dd604de2d2cb0fb3b4c0,389d2281450b71b15ece8fd4b23cddab156cd4baa3c6dd604de2d2cb0fb3b4c0,N,valid,none
VER0182,CASE046,cdr:CDR9601,2851579de8318ed280266c1a1ce39eaf10c6f2172df9915f279bdb5bb23372bb,0ff975e1f8b77f36e887b3fa670a15e4927b885ca13bf15218b710fcb4dfe482,Y,invalid,field 'cdr_id' altered after evidence capture
VER0183,CASE046,cdr:CDR9613,6fb828eb61e8f336ff0d392dea521ed34894a8b48d611b75e3d223994e1458bc,6fb828eb61e8f336ff0d392dea521ed34894a8b48d611b75e3d223994e1458bc,N,valid,none
VER0184,CASE046,cdr:CDR9676,02e01513c5c289666f561d882c5fdc9b0200f07e6a6a0c70194a46980d18f250,2aa2099523f35c897eed300da396dcd6912681f2c1d2126422376d0a2a53a027,Y,invalid,field 'cdr_id' altered after evidence capture
VER0185,CASE047,cdr:CDR9691,a7500bd51122b49a7911fbe46b06f7baccb3759ff228fc8ba75c4715c293cd1d,a7500bd51122b49a7911fbe46b06f7baccb3759ff228fc8ba75c4715c293cd1d,N,valid,none
VER0186,CASE047,cdr:CDR9777,671712ed3c14885d322224b4473d1e3e0b30bd9f67518e04d0bb085605212152,0cfb74c1750d6fd44e8d0407da5f0ecbab2e8f9cbffc470454894fb92a634358,Y,invalid,field 'cdr_id' altered after evidence capture
VER0187,CASE047,cdr:CDR9773,1458cae5dbf173d1e96fd6fde4bbb47f2be35daa4d09f123e602fca15fe184a2,1458cae5dbf173d1e96fd6fde4bbb47f2be35daa4d09f123e602fca15fe184a2,N,valid,none
VER0188,CASE047,cdr:CDR9780,6e9cc925ae0a09c9b2f95d1656d603222955dd094f51a7c237a5672c964b0902,199463585ab4c07a54f608c5dfa0b8749f0ad65e3e766a05301c0a275a63220e,Y,invalid,field 'cdr_id' altered after evidence capture
VER0189,CASE048,transactions:TX2260,42a80c39d3e04976e1fab734061478e444406a49dd2debd03196b07edb889695,42a80c39d3e04976e1fab734061478e444406a49dd2debd03196b07edb889695,N,valid,none
VER0190,CASE048,cdr:CDR9939,fa0e9a7b047ed4f3e6737478289930c4cbb92d816aceca5eb69baf2f58afda78,d6b539b6f144a70618a89d45eb0e5f44bd681345b3d62850f37280bf4c303a1d,Y,invalid,field 'cdr_id' altered after evidence capture
VER0191,CASE048,transactions:TX2276,c21ebbefcb1ca62382b7209d0c5e4b442c04a469165253bfb539e31f3c7abf30,c21ebbefcb1ca62382b7209d0c5e4b442c04a469165253bfb539e31f3c7abf30,N,valid,none
VER0192,CASE048,cdr:CDR9862,cf49aa4e396941c1f43268004ee582071679b8436cc6444509e4413807cd3d49,1cac61d309cc733eec12d73ae49c0cb62ed1fb4ac1b445be87637ee250734550,Y,invalid,field 'cdr_id' altered after evidence capture
VER0193,CASE049,cdr:CDR10039,1eb067dcb2da9829a36cb0418e45ae92c7339a2a0e73cc8b368ea8688f88052b,1eb067dcb2da9829a36cb0418e45ae92c7339a2a0e73cc8b368ea8688f88052b,N,valid,none
VER0194,CASE049,cdr:CDR10046,7a59bc0e3a618be2d1e2e19040bad9d081df8f853a58cbe74c3aebf4bb302229,07678a0d9e00b77f561c900868fdf0a5f10836f3a99fd1f592af50854bba3023,Y,invalid,field 'cdr_id' altered after evidence capture
VER0195,CASE049,cdr:CDR9983,e455a4468f56ccb224924cc84989b2fea20717346aa9cf994ac45b17552168e1,e455a4468f56ccb224924cc84989b2fea20717346aa9cf994ac45b17552168e1,N,valid,none
VER0196,CASE049,cdr:CDR10076,6d1122af67d31320df2cc7e6dff001d2e53364948a309978f1a3a292497c8c96,237a77e9f8c22278d1715a88041392f492b8d6bf3b491772432491826fb3538b,Y,invalid,field 'cdr_id' altered after evidence capture
VER0197,CASE050,cdr:CDR10105,887a531dae65999caa818efd33f1023530b6ab5a295b1cfa7813ac50533c798e,887a531dae65999caa818efd33f1023530b6ab5a295b1cfa7813ac50533c798e,N,valid,none
VER0198,CASE050,cdr:CDR10151,a9bf06dd982bd9b5efacce10941198fc7eaefa9f615b81a971ceb30b35aafc49,c2e2d4832a4bc12f343dc9b2a24f7dc281100b387b178d78103afb38ea9a7b9e,Y,invalid,field 'cdr_id' altered after evidence capture
VER0199,CASE050,cdr:CDR10299,7cdc7d4f5b5bc3fd20b9dc6c3eede0a64df1c65515ef7d39087d68ddb8daa65a,7cdc7d4f5b5bc3fd20b9dc6c3eede0a64df1c65515ef7d39087d68ddb8daa65a,N,valid,none
VER0200,CASE050,cdr:CDR10315,ee759c897f9e120ae29e92587ec5e409c31454845db5598e32dfdf315d23cbd6,f75e6400871c24026bb2a8acff9f56a473c2a9b9fdeac14e7b46f8d37e350568,Y,invalid,field 'cdr_id' altered after evidence capture
VER0201,CASE051,transactions:TX2390,805f072b334868b9d3f87268ee34cda34ae730016f4cc82fe708705dc60e56cc,805f072b334868b9d3f87268ee34cda34ae730016f4cc82fe708705dc60e56cc,N,valid,none
VER0202,CASE051,cdr:CDR10383,3dafb4816dc7c99bfb2a75f99138bb3b24053f71e5298e446e0eb8777a8990ff,e54dc5b59bd720f17623a15726f4f474110a126b0d48066e86d2552818aa75c5,Y,invalid,field 'cdr_id' altered after evidence capture
VER0203,CASE051,cdr:CDR10385,8eee20a91932a3d360a39b7ca06155e70498ec7f8e3aab21cc6eac8de89ff18d,8eee20a91932a3d360a39b7ca06155e70498ec7f8e3aab21cc6eac8de89ff18d,N,valid,none
VER0204,CASE051,cdr:CDR10423,d89e5e3f6606c21159aa599b057e179ef65db180fe7cb9f7626bcf68f5be9d58,5a1aac85e515746f8ae584fa6dc22cc63d582c4bf644a3f97b0a1d42bad76e90,Y,invalid,field 'cdr_id' altered after evidence capture
VER0205,CASE052,cdr:CDR10511,aa1a35580e0ff4096589004bcb6d1495aa782531ca236823fce5ddc9c1456de0,aa1a35580e0ff4096589004bcb6d1495aa782531ca236823fce5ddc9c1456de0,N,valid,none
VER0206,CASE052,cdr:CDR10569,437396e9e8efa54c43e0a7a6e1cf55b90aa919d239b3127c40f698622479e501,67ebb928c5cbd3e165ba515e4bf51a2e036a03fde6f97c0d2371982fe743ebec,Y,invalid,field 'cdr_id' altered after evidence capture
VER0207,CASE052,transactions:TX2435,767c745249f48bae5e143c0988a50ef4e628619ac1a6eee0e5e552a1c8536e7b,767c745249f48bae5e143c0988a50ef4e628619ac1a6eee0e5e552a1c8536e7b,N,valid,none
VER0208,CASE052,transactions:TX2445,e667d39ee76cc564707dcb70dec9d1d0f12034529d91edb17f8108e59412213c,1fdc141551d2d39753095b0157676aab10a33454cca93fb08597d74fa9cbf4af,Y,invalid,field 'transaction_id' altered after evidence capture
VER0209,CASE053,transactions:TX5055,4e6e58d1e78c217647ea5c06f9401b9020152eaa6dc947ad02d60da0a9a73441,4e6e58d1e78c217647ea5c06f9401b9020152eaa6dc947ad02d60da0a9a73441,N,valid,none
VER0210,CASE053,cdr:CDR10619,32c8cffae46ac9478b54e00dda353af1fce7fcfc879a9c0efeadf7c9816d7272,66bdc3e0b9f7e8a89296164eec6ede2ec140cac8bf753955362d30746bdafecf,Y,invalid,field 'cdr_id' altered after evidence capture
VER0211,CASE053,transactions:TX2514,1810a70e0e4bc5e99f8dd67ea8ef59b87fb91f81a7e7575d9e5a182dd9242cf7,1810a70e0e4bc5e99f8dd67ea8ef59b87fb91f81a7e7575d9e5a182dd9242cf7,N,valid,none
VER0212,CASE053,transactions:TX2508,4428dc27634d4ff1ee8fc7d699f613dd7da7b5209ab3424ada8721cb11ae44ac,4dd2acb2f2cc86ef1111a351ee6363e51bf24232d7084e87a4db8245f0d59616,Y,invalid,field 'transaction_id' altered after evidence capture
VER0213,CASE054,cdr:CDR10778,72d90215ed62ae4a4ff8808007474e94c6e29114a4fbaacf8ffc92bd8beaab96,72d90215ed62ae4a4ff8808007474e94c6e29114a4fbaacf8ffc92bd8beaab96,N,valid,none
VER0214,CASE054,cdr:CDR10732,333bda1eb299ce71f99209e8641a57c5142e59f9e85063a69ba678a9844e0c47,9ce78058370e063be19863fc9e3605ef5b5ffafeab258a1e99f081bb8c9fe88e,Y,invalid,field 'cdr_id' altered after evidence capture
VER0215,CASE054,cdr:CDR10723,06764e56be6e9dcbde7e9cdc88ec804b8b5ec8bf1918deccd819ebfa971f73de,06764e56be6e9dcbde7e9cdc88ec804b8b5ec8bf1918deccd819ebfa971f73de,N,valid,none
VER0216,CASE054,cdr:CDR10782,c6c1c26c8ff32d0d7e543980d1413b84ab8b741ae37f5a6a4cdc9a1db805e051,2823928b734eeabbef4245e0367c0e3112ffa415072966f81c9dbec24f5c7287,Y,invalid,field 'cdr_id' altered after evidence capture
VER0217,CASE055,cdr:CDR10832,c9ca175047045e160cc4e71075527e38f88b78c1b9f9801201d590a6f374e4c0,c9ca175047045e160cc4e71075527e38f88b78c1b9f9801201d590a6f374e4c0,N,valid,none
VER0218,CASE055,transactions:TX2582,514ab1c10eed32bb594da790cdb7ad615bbd6d14af22f92d83f2fbc448033d82,4024c18b4addba23ecf8345a3e21e2437e9b23af0e0f1d42832014486992ea47,Y,invalid,field 'transaction_id' altered after evidence capture
VER0219,CASE055,transactions:TX2589,3f6ade07ae95ed5b12d81ea1bc1cafebd1d9edc9b9e821e84b8c001203f13e15,3f6ade07ae95ed5b12d81ea1bc1cafebd1d9edc9b9e821e84b8c001203f13e15,N,valid,none
VER0220,CASE055,cdr:CDR10843,19ddd309288ff51803f2393061a5fb6b172d732a10130729979f651ddf68653f,54deb457755c298a923074fe282d7418b1cc0ed23b2e2fef401dc99ca076a05a,Y,invalid,field 'cdr_id' altered after evidence capture
VER0221,CASE056,cdr:CDR10965,761b9e40900ab2754081d50ba5afbf6d7e354a219ec5f684550b796b2e7bdb43,761b9e40900ab2754081d50ba5afbf6d7e354a219ec5f684550b796b2e7bdb43,N,valid,none
VER0222,CASE056,cdr:CDR10950,5a2fcca7d855370ab300faf041b56fd9eb02cf58c6c9fd01687f38a34c2415a6,7ba97ecc38855f53df99914b50aef423b1d6504de706fd82536bd31ab17be865,Y,invalid,field 'cdr_id' altered after evidence capture
VER0223,CASE056,cdr:CDR11214,ed8004fa582422c3cf74d6b5e0eccc3b0f09aaec6ab0946aba391554a2772466,ed8004fa582422c3cf74d6b5e0eccc3b0f09aaec6ab0946aba391554a2772466,N,valid,none
VER0224,CASE056,cdr:CDR10938,bf3970184d9cd58d1e1b3cb575a697553d30a80d4ed640ed3176edf552633349,aeada24414588a254082ba77e54319d767e0bdd814c3e3a768a9ee04d61416d4,Y,invalid,field 'cdr_id' altered after evidence capture
VER0225,CASE057,cdr:CDR11316,106a85a2b611c2af1c78ff6d3310f04f0f2c010b62b20f374736a309705bb144,106a85a2b611c2af1c78ff6d3310f04f0f2c010b62b20f374736a309705bb144,N,valid,none
VER0226,CASE057,cdr:CDR11271,1de9a635fa34434b8a8bf1e20411cb1a648be002c60844a5193cbfbe0d8c3040,6771bae3fb5e92816f6af5c3b401809597f420c8a034fd14dff551666da5b359,Y,invalid,field 'cdr_id' altered after evidence capture
VER0227,CASE057,cdr:CDR11262,b031596086d9a78f9a803b763a2451fa2e8c6ec5c96f3bd392b28eabe906af6e,b031596086d9a78f9a803b763a2451fa2e8c6ec5c96f3bd392b28eabe906af6e,N,valid,none
VER0228,CASE057,transactions:TX2687,667881471b4f64e20dd4e93afa2e7a228d109a85ce860f180aac1df38e35712e,5c56cbda1c7e712e74bc8d64b665dc7b517ca3a1c2f555620d2ff26d6adecf9a,Y,invalid,field 'transaction_id' altered after evidence capture
VER0229,CASE058,cdr:CDR11479,3aa65f222ed8bf4f1e3904a9090a4f794139c344c5b98ef5b2c807f4a320c3aa,3aa65f222ed8bf4f1e3904a9090a4f794139c344c5b98ef5b2c807f4a320c3aa,N,valid,none
VER0230,CASE058,transactions:TX2734,b5004d9c022392d14b4d015fc9383411c8655c8ab5e1d8b0a6e68664fade9da4,21826c9d8313c0be0ece4e91df8aba09e14b4cdca17c16b3263221604cd55664,Y,invalid,field 'transaction_id' altered after evidence capture
VER0231,CASE058,transactions:TX2754,2d6bc1e0946510aeae3a7d944aa9bcde63f1aeb302f6bd49c18c6672296df5dc,2d6bc1e0946510aeae3a7d944aa9bcde63f1aeb302f6bd49c18c6672296df5dc,N,valid,none
VER0232,CASE058,cdr:CDR11398,40478d68652da45a302d485cfc98bd443ff6e14c3ce742743ed47fb4562fae89,ec6bed8c023da54e5242bde86369b2843762d0da070c58bae22838713c389a8b,Y,invalid,field 'cdr_id' altered after evidence capture
VER0233,CASE059,cdr:CDR11704,c5bc2c5c2a6801f1692f1b55bb01b6e5cd9e558dab5a732a20bdeb739b1cfc9c,c5bc2c5c2a6801f1692f1b55bb01b6e5cd9e558dab5a732a20bdeb739b1cfc9c,N,valid,none
VER0234,CASE059,cdr:CDR11605,6a16475fcd25d39cad10d085c0ba00f8bba9bd029fd15fecc8fcc35e67c3f3fa,235bd088846ab9d639b8951a693feb4003383bba11ec4a87cca4f873e7e9ff28,Y,invalid,field 'cdr_id' altered after evidence capture
VER0235,CASE059,cdr:CDR11483,fc693688a8254d04c48d87c29b9a6c6253738c3b78b13c13322e9e95c435801c,fc693688a8254d04c48d87c29b9a6c6253738c3b78b13c13322e9e95c435801c,N,valid,none
VER0236,CASE059,cdr:CDR11715,90f5d34ffcbf1d63c0b4822356242f309bd59c7b34368cf4842ff8106c5b9b5b,2af971d698c3b0e6172faff327e4c17decb2227bb4411f599c96854f20ece983,Y,invalid,field 'cdr_id' altered after evidence capture
VER0237,CASE060,cdr:CDR11821,a6969409b715c3f3633175fbd9e1d1b7fd12258a5518b563665ce0ce79a6ded0,a6969409b715c3f3633175fbd9e1d1b7fd12258a5518b563665ce0ce79a6ded0,N,valid,none
VER0238,CASE060,transactions:TX2825,b3a0217e9f80274fbaddf525a38ed5f7ec7809cd92d003bcdd51be8383d29728,cc5981d2f2e12aad4080d29fdb4b5b7991cbf39f36e76f73eaffb29cc03248c9,Y,invalid,field 'transaction_id' altered after evidence capture
VER0239,CASE060,cdr:CDR11870,e610aca97810bc3b06e44c4fa4a25cfb4f4881c7735556bfffd78dd54954fe26,e610aca97810bc3b06e44c4fa4a25cfb4f4881c7735556bfffd78dd54954fe26,N,valid,none
VER0240,CASE060,cdr:CDR11878,d3ec09dff076a55ab4c7a4d11ca243e14f03cbccbf26fef40d6be4cb55eab29a,dac43d26cbedef0b1ff75f0da1e64f3c55dc3efecbb5118932df529c427abd72,Y,invalid,field 'cdr_id' altered after evidence capture
VER0241,CASE061,cdr:CDR12155,9976cfa34d5c25b297f202c1d897f78c6d8f48621f030912689c1d2996fe4cba,9976cfa34d5c25b297f202c1d897f78c6d8f48621f030912689c1d2996fe4cba,N,valid,none
VER0242,CASE061,transactions:TX2907,e748f1374f9ed59bf40b11559bfc49de55fe24eb710002c5cc34962c92d25ec7,cec9631550bfe761d0b22be460481ee2fa7a0d8db2706d10200c1e912fcccf60,Y,invalid,field 'transaction_id' altered after evidence capture
VER0243,CASE061,cdr:CDR12088,8e050e0d247e0e2d8fe448af208dca0a7c57da2b2ba68538b8708b07b3821476,8e050e0d247e0e2d8fe448af208dca0a7c57da2b2ba68538b8708b07b3821476,N,valid,none
VER0244,CASE061,transactions:TX2903,db37e85f032874715e82cf7dbb02e6276bd37f2ba1422b72f9d5799de493739c,2337e07854da098ce1f2fcd6ba050eff02d8ad6da1b30cf9da81a86505de7a20,Y,invalid,field 'transaction_id' altered after evidence capture
VER0245,CASE062,cdr:CDR12482,98bc9279652a23ff75fc8bb09dc67678f66478b7ce899e958c1b25454e1c9fdc,98bc9279652a23ff75fc8bb09dc67678f66478b7ce899e958c1b25454e1c9fdc,N,valid,none
VER0246,CASE062,cdr:CDR12396,6b256c474df1f66bfc22971d45c0f59b3cc8952defb67d5a7689ad220941a97e,c5bc34d624f9e096810eb8eb9ae8bad2e768229298cd384d485fa81906527126,Y,invalid,field 'cdr_id' altered after evidence capture
VER0247,CASE062,cdr:CDR12466,e219b5a0db0804c8a135d8898adb4e8b09c97bb905371617a217b1fc80a8c918,e219b5a0db0804c8a135d8898adb4e8b09c97bb905371617a217b1fc80a8c918,N,valid,none
VER0248,CASE062,cdr:CDR12491,c7b88bc9bf70efe4b26452a4074b80557911a0e2e7d420480ac6a2641f205049,d10ba76912cc3de57b53eda013ff738867aba8843f3eac5b1598f830053d3af7,Y,invalid,field 'cdr_id' altered after evidence capture
VER0249,CASE063,cdr:CDR12816,eac201e5ce47f101a2b1e93c19c1f3a66d12c6899dcd5b96bd7f2b28c3b5f7ae,eac201e5ce47f101a2b1e93c19c1f3a66d12c6899dcd5b96bd7f2b28c3b5f7ae,N,valid,none
VER0250,CASE063,cdr:CDR12947,4a99635091657870ea31bcb42b1aacd608b5595823886a9666a49b9c433fff5f,b0c50376175479a6955a0f5316b34b7fce702b121f8e9f24d16a8514c1dc08ce,Y,invalid,field 'cdr_id' altered after evidence capture
VER0251,CASE063,cdr:CDR12782,6c429ac7c617de00c3b7502533401de4cdeb8f857ee7ca4a364ddc4d289e4f6c,6c429ac7c617de00c3b7502533401de4cdeb8f857ee7ca4a364ddc4d289e4f6c,N,valid,none
VER0252,CASE063,cdr:CDR12770,f8bec282eaf954f1b62495ef5f6d28d2d076ffdc00589487d2f2c531e39dd95b,038dff794a4f0c3b790225587338a43ecfb1023b71f6764d9db5c68c4562d0ab,Y,invalid,field 'cdr_id' altered after evidence capture
VER0253,CASE064,cdr:CDR13037,43a606754cc43f83445e757d3a2069519c078491f95856df2a77f7742bf5bc88,43a606754cc43f83445e757d3a2069519c078491f95856df2a77f7742bf5bc88,N,valid,none
VER0254,CASE064,cdr:CDR13045,545f87da05d7982c0ded45fcf3146ee04f0682e90cdf8fd4d95aa29678236588,9926d74b08965be20c67a1cb827ed6aea70baf755320082e3ec163449de8d27b,Y,invalid,field 'cdr_id' altered after evidence capture
VER0255,CASE064,cdr:CDR12987,72b7e8cba6815b77ef854462aa52ab7f8234ad1c6f39ad08160abdd0f3e1fb49,72b7e8cba6815b77ef854462aa52ab7f8234ad1c6f39ad08160abdd0f3e1fb49,N,valid,none
VER0256,CASE064,fir:FIR0065,8b3aa465d441567720669c60c1d81f36d74f79fb14cce752e6181661ba58173c,a41494eab7552042786919e948581185522426228506190e6e4d3d69e07dc20e,Y,invalid,field 'fir_id' altered after evidence capture
VER0257,CASE065,transactions:TX5116,6bfbf7e4688f76e2c9ffa8b7521178fd5ed6e9c9f30e2c635ac675b272971c4a,6bfbf7e4688f76e2c9ffa8b7521178fd5ed6e9c9f30e2c635ac675b272971c4a,N,valid,none
VER0258,CASE065,cdr:CDR13140,7fb1415f3011d1ef134c3ca75e2d91ebef7a556845ce2e0a680a55c3c216ccc6,c1de27d87a78ca925b0b226ce907ecf7bf3c2baedc47349074c6a21e74c22a46,Y,invalid,field 'cdr_id' altered after evidence capture
VER0259,CASE065,transactions:TX3076,ae9afe09b769a9f22ccd9ff73797136bbd5d75462b97aae9895c56b2ba6598a8,ae9afe09b769a9f22ccd9ff73797136bbd5d75462b97aae9895c56b2ba6598a8,N,valid,none
VER0260,CASE065,cdr:CDR13184,b6df9685a3c7c9a416af76fc52485c7bf1e310caf81d8809b983c68c89c7e66e,02afc3aff01f01a9a8b92a5475ff06138a160c04a9fea9ab73d66e3e201aac22,Y,invalid,field 'cdr_id' altered after evidence capture
VER0261,CASE066,cdr:CDR13394,830b5fd0871aca433a40c7e1e36a43b047d5ca0456ec11947759c80ec0af98e6,830b5fd0871aca433a40c7e1e36a43b047d5ca0456ec11947759c80ec0af98e6,N,valid,none
VER0262,CASE066,cdr:CDR13269,ebbd20a83b09c6b600ca2c997393273fd5cfa331d22a402c34375c0d9cc75b82,3c8e819bfcec249d46ca59e149b01249b1cd336bede928b09e1551284723543b,Y,invalid,field 'cdr_id' altered after evidence capture
VER0263,CASE066,cdr:CDR13218,8260cb3b32fb6eeb942ace003f27c8028e643cf726a960f81751fc0bec8ddb7a,8260cb3b32fb6eeb942ace003f27c8028e643cf726a960f81751fc0bec8ddb7a,N,valid,none
VER0264,CASE066,cdr:CDR13441,ad42ae310b03a49ef5620adc844b08884d7b33f034766df987faf419bae6bc5a,611a8b0a9665ca8cab93931d942c683f9c1d799e7ca31099c8c792a7e7e08201,Y,invalid,field 'cdr_id' altered after evidence capture
VER0265,CASE067,transactions:TX3195,c856a0c01a6c591c73fe473b2a321f45d4eb7cdf3bf70799f6d34b475f6227dc,c856a0c01a6c591c73fe473b2a321f45d4eb7cdf3bf70799f6d34b475f6227dc,N,valid,none
VER0266,CASE067,transactions:TX3180,234f3692a0c7575ac7affd943b1ea986b9f2069da1f1cf95bed9c0960e7c9fbc,109669683d07cbeca6989b4dec435010631d1dc0271e8f3c98e31290323b5f9c,Y,invalid,field 'transaction_id' altered after evidence capture
VER0267,CASE067,cdr:CDR13644,4f2f8f4095bd1b852305489e0e499dcbcfa9b8aacc4f6c3aaebc74f10db541e8,4f2f8f4095bd1b852305489e0e499dcbcfa9b8aacc4f6c3aaebc74f10db541e8,N,valid,none
VER0268,CASE067,transactions:TX5127,a47fed76db2c641b73c2c1f2528f17a3adab088a5a92d0f49c53ed069bb3499f,c23cd95d669606afdf755b7eab46fa873f91d3d86a468a73ec9b67283fa8fc35,Y,invalid,field 'transaction_id' altered after evidence capture
VER0269,CASE068,cdr:CDR13839,b6b3494ce51e5bbb89375b2d830d76b8faec8503dc473cfb53444dac87682694,b6b3494ce51e5bbb89375b2d830d76b8faec8503dc473cfb53444dac87682694,N,valid,none
VER0270,CASE068,transactions:TX3231,df9abff90311a128bace040365ec332b6e679d729680d4c5c52b345018cd27c3,3651cfd6aa5d11ecc9c3be44f60e79d305d2a160c85559b2c495b70290bd13f2,Y,invalid,field 'transaction_id' altered after evidence capture
VER0271,CASE068,transactions:TX3223,d6657faffd6fb70e65f6e16848b6c098fc4bab575506978c799220429cecfbb6,d6657faffd6fb70e65f6e16848b6c098fc4bab575506978c799220429cecfbb6,N,valid,none
VER0272,CASE068,transactions:TX3237,26e971ca50375a617261340d915b43389b739690695b4068794286e7a39918ea,88a91f859a453dc03db4c10288beab2ca9987fd9cd1b1ce570b9f0b82e0ccba4,Y,invalid,field 'transaction_id' altered after evidence capture
VER0273,CASE069,cdr:CDR13902,6bbe5efe8b724a4f2ca3f4563558538e3f4a54da7a69bb3dd5d2ea5bc0930568,6bbe5efe8b724a4f2ca3f4563558538e3f4a54da7a69bb3dd5d2ea5bc0930568,N,valid,none
VER0274,CASE069,cdr:CDR13899,b17c488efa53da2afa7bcaa22eb1916a7e26bfddd6dfa85cf072333a1a5cb761,f6b913c3b2177f25d0d7be68fe16b749caab231cbadaf1ecc3061a502c2a7ed5,Y,invalid,field 'cdr_id' altered after evidence capture
VER0275,CASE069,transactions:TX3250,34dcf583824a18e19527c8900a95b459989f364a50f9a915dca7d4926fd24071,34dcf583824a18e19527c8900a95b459989f364a50f9a915dca7d4926fd24071,N,valid,none
VER0276,CASE069,cdr:CDR13990,b76685b9ac3dd496f0142f18369c2b356f006d66b08b5ee3cbf865d78539cad7,8117164f6b1d71be9a0c12af41d8844faf37d40d2b5964b6e889cc8b5c282762,Y,invalid,field 'cdr_id' altered after evidence capture
VER0277,CASE070,cdr:CDR14138,7479ee44cbc9089969ddbce64abad5036d88863f924fc67395d79fcc8f77b528,7479ee44cbc9089969ddbce64abad5036d88863f924fc67395d79fcc8f77b528,N,valid,none
VER0278,CASE070,transactions:TX3301,5cab96579903bbed0b84207aca674c1b78604b5778a1e3a18fd729ed75c9fae0,23ef467c2fae5877cda14dfe6c00643d8c0ab080ce314aca5b8cfae09433db4b,Y,invalid,field 'transaction_id' altered after evidence capture
VER0279,CASE070,cdr:CDR14163,265f078e9cd63976b4831e65c6c2326742f9f719b06c0146496143c26b23a454,265f078e9cd63976b4831e65c6c2326742f9f719b06c0146496143c26b23a454,N,valid,none
VER0280,CASE070,cdr:CDR14187,3207501f4266ab5f60b5b98c805f4d0ab9689f303033648ba734a97023c048fb,ff330badef5e621ad266fc4f91bd0b82b30ae0586b30eb57b387748461d476b9,Y,invalid,field 'cdr_id' altered after evidence capture
VER0281,CASE071,cdr:CDR14439,139f3d3c2a9496e1c5fca35abc863f13f19bc186f93526ec9ef447d9e74952c2,139f3d3c2a9496e1c5fca35abc863f13f19bc186f93526ec9ef447d9e74952c2,N,valid,none
VER0282,CASE071,transactions:TX5146,baaf975aabc7b40e4b1cb4bee32737269898f51ed9213aa485bfce47e9fe78a4,44840c72f4f0c23141949b15d9f924e038d6bad6510ba1e96cfc8c1c46740753,Y,invalid,field 'transaction_id' altered after evidence capture
VER0283,CASE071,cdr:CDR14392,d76a77b814d23592bb4cecd993d9790854af03c328613e37a86e54530740156a,d76a77b814d23592bb4cecd993d9790854af03c328613e37a86e54530740156a,N,valid,none
VER0284,CASE071,transactions:TX3357,cf257fd18b103f1da27c5d2bfb34048ac4a21cb7f7597fd650715361805b22fc,c793c95cfc9e008745770b758611854abbce66cd05009cb843ecae849749c640,Y,invalid,field 'transaction_id' altered after evidence capture
VER0285,CASE072,cdr:CDR14480,3c463c0e48d635dc14866e2885b6c3a83131a396f23a70ccfc633ad12b0fd80d,3c463c0e48d635dc14866e2885b6c3a83131a396f23a70ccfc633ad12b0fd80d,N,valid,none
VER0286,CASE072,cdr:CDR14641,6ed381e85ea83dc37d915d06d7101d026490a31866d7a91542ddd312c3629b55,66a30403cee8f00f1e83c5a81d29f6cea78359e6ccbb3510d1692163f27987f4,Y,invalid,field 'cdr_id' altered after evidence capture
VER0287,CASE072,cdr:CDR14525,d4a2a66bdbcb8b7e088f7906aece803a0fe985797be371c8263a79ef17488c53,d4a2a66bdbcb8b7e088f7906aece803a0fe985797be371c8263a79ef17488c53,N,valid,none
VER0288,CASE072,cdr:CDR14808,7eadb0557ba71f4ed26eebc728f75a83a72dd549c6c72cd5dd7b5e0768e01e4e,87952bbb3118a39cb12f686c5994d8874496ffd4e0ad4fe2a9eb7c4dcd580cee,Y,invalid,field 'cdr_id' altered after evidence capture
VER0289,CASE073,transactions:TX3448,27d1ababec1274d9f9aae331f43470dac3db2d8eb9aaf4a9c27702b261c0d82d,27d1ababec1274d9f9aae331f43470dac3db2d8eb9aaf4a9c27702b261c0d82d,N,valid,none
VER0290,CASE073,cdr:CDR14904,31d977ba7def5ab76be033a8e1c9597b713ba994122b90247130cb33a39a0758,5d4d899e4461763d1715c5a041a409cfd232c133783633a47b7d40e761b99a38,Y,invalid,field 'cdr_id' altered after evidence capture
VER0291,CASE073,cdr:CDR14894,69b62ba7ef6bb7dd8af8209e3fbd40dc0ac7fb55e1ad61c2b2d4e33655bda8b8,69b62ba7ef6bb7dd8af8209e3fbd40dc0ac7fb55e1ad61c2b2d4e33655bda8b8,N,valid,none
VER0292,CASE073,cdr:CDR14897,d2ac1fc60e6722a947cce3b0cca16fe7daaa7c85f3cfa26977284476322ed7a0,0a2565e400630fc6988817dd599d55210bf9e08ed813cf556619da91017c5a32,Y,invalid,field 'cdr_id' altered after evidence capture
VER0293,CASE074,cdr:CDR15447,759291db18a363e6056388418327f064b744f65c1da735b16919d52bf990dc64,759291db18a363e6056388418327f064b744f65c1da735b16919d52bf990dc64,N,valid,none
VER0294,CASE074,cdr:CDR15113,f586c58e857f55cc78d3abfeae9ec3562a726b97317a023272b2898adf73cdb1,5d04f8c8ae7cd7b22234699c9b425e07ec42f709fa6646c1643794ddcef23c16,Y,invalid,field 'cdr_id' altered after evidence capture
VER0295,CASE074,cdr:CDR15335,af1ae40daf07205411d84455677a1c0d90240a8a78f1072d3e0e36e6848ffa3b,af1ae40daf07205411d84455677a1c0d90240a8a78f1072d3e0e36e6848ffa3b,N,valid,none
VER0296,CASE074,cdr:CDR15410,f5ad3a7a0bb1cdf31c6a08f3c4959d0a783266d2e2e64fc6b4d251a32102b77c,524f1b3a910fcca39a42ed353e6a5095c29b58a151ed1e52f25ce9810dd5ece1,Y,invalid,field 'cdr_id' altered after evidence capture
VER0297,CASE075,transactions:TX5170,e8755c4aa52da9a3c797b519333e27c355c842da2af33b04ae7a5872762b1c39,e8755c4aa52da9a3c797b519333e27c355c842da2af33b04ae7a5872762b1c39,N,valid,none
VER0298,CASE075,cdr:CDR15529,cd7d6625250cf4f454dda2e93175275338256dd5eed5bfda343b347b00965f97,95e7d91f7dec5a10fdec432decaa04f9e53c3f2e7e396a5c765e277eda746808,Y,invalid,field 'cdr_id' altered after evidence capture
VER0299,CASE075,transactions:TX3550,9db98eb81b0d848056541a2899af995c73cb94aec0528fdb149e479cd1ce2a1c,9db98eb81b0d848056541a2899af995c73cb94aec0528fdb149e479cd1ce2a1c,N,valid,none
VER0300,CASE075,transactions:TX3557,aa6fd00f5288e87966bbb89a028785bc3bff61bf24a59603d7ba2a4f96d678bf,8afb0bf7f9ceb5e68c53fb3cd2a612ade405518ea75001b6684594371b0996c6,Y,invalid,field 'transaction_id' altered after evidence capture
VER0301,CASE076,cdr:CDR15590,546bfe98bce5ed2e7321a156e6cdd09cd2863716ba81c80034c1c6980f2adebf,546bfe98bce5ed2e7321a156e6cdd09cd2863716ba81c80034c1c6980f2adebf,N,valid,none
VER0302,CASE076,transactions:TX3604,0f5ddb046e8e298f358847ba00a25ce3d7f24549cf01e3548e4950d159b58080,b291dbf6456325e5ca1d1707b12270d21ea5a3122d648e65ba61bd77040bbc9a,Y,invalid,field 'transaction_id' altered after evidence capture
VER0303,CASE076,transactions:TX3586,f733cdcf0b026795c9a14f03c0a6873825f677d35698ec39c81609be4999e7cf,f733cdcf0b026795c9a14f03c0a6873825f677d35698ec39c81609be4999e7cf,N,valid,none
VER0304,CASE076,cdr:CDR15586,11bf73ac171c815e7271ce1cf2f80708f42606eb93d3e4e18f7568de6cb030d6,2c9d1cd30efae4f236e648cb985459d3ab62d1f2a09c51161f752f7568ae1a71,Y,invalid,field 'cdr_id' altered after evidence capture
VER0305,CASE077,cdr:CDR15827,6dceb357255e15ca9920807fa7b52cea0eeea07ce921eb0bc4940f81477786ec,6dceb357255e15ca9920807fa7b52cea0eeea07ce921eb0bc4940f81477786ec,N,valid,none
VER0306,CASE077,cdr:CDR15776,03f9b39f6cedcbca9c83b16ae3bee620b5d69fa9df930a4e672207d8d0d7429b,06154a1afa97af8d94c802553e50199cd08222671350c773b6b49c2edf0aaa5f,Y,invalid,field 'cdr_id' altered after evidence capture
VER0307,CASE077,cdr:CDR15747,b92594891307ffd528f4ac34f71cfdf9004948db5b7a5108e2cc9f03c3a9693c,b92594891307ffd528f4ac34f71cfdf9004948db5b7a5108e2cc9f03c3a9693c,N,valid,none
VER0308,CASE077,cdr:CDR15912,cd88fd5e2d0e0e9d33e98091bdc7f193fe72fad83314152acdc2dd4399754bff,a2a4f30c2a328fcdf17184d40abeaae59f0a0d6e6cf3407d70acc7ccd1f17075,Y,invalid,field 'cdr_id' altered after evidence capture
VER0309,CASE078,cdr:CDR16124,b5228ed387013ef5bc56edf4a6e359235ab8670e66d49d98d7be5186c7102364,b5228ed387013ef5bc56edf4a6e359235ab8670e66d49d98d7be5186c7102364,N,valid,none
VER0310,CASE078,cdr:CDR16233,f8ad261a49a14b0b901ce7a7855a2a4ddccd2b46358f5311449871941264deac,dde7e581f1cae5c7b74ac5978677293b17cdb87bb666d7b3c76263ae35f082ea,Y,invalid,field 'cdr_id' altered after evidence capture
VER0311,CASE078,transactions:TX3703,38a73f6576f1936d129bdf31fcd83b72a5c4bb6bb78b7e6d77fdb3cadc344c4a,38a73f6576f1936d129bdf31fcd83b72a5c4bb6bb78b7e6d77fdb3cadc344c4a,N,valid,none
VER0312,CASE078,cdr:CDR15996,96bc0e6ff0c39aa9cf039974224d328da002934eff43d325c1a2cfe013cf73b3,3fc380a811b8a68024d9c8b4e78619d9dd716634d026d758cc0b6c5d99cd5074,Y,invalid,field 'cdr_id' altered after evidence capture
VER0313,CASE079,cdr:CDR16441,c9eda1423db9016a23a583ba1a2a0739bed2f1b08dcbf483898838c82910c7fa,c9eda1423db9016a23a583ba1a2a0739bed2f1b08dcbf483898838c82910c7fa,N,valid,none
VER0314,CASE079,cdr:CDR16359,5589baa29db56cb3f7280b0acf22e3bae118b8df7c18d2a0f4f77c4238b36a3e,7913c3b7090e948bf195612e067605ef25ba2a9a64945bdcc86616bb18729d32,Y,invalid,field 'cdr_id' altered after evidence capture
VER0315,CASE079,cdr:CDR16283,c9e8485f1c38aa15c1599186219ad9b2244f24d177b41269678632aaafb51852,c9e8485f1c38aa15c1599186219ad9b2244f24d177b41269678632aaafb51852,N,valid,none
VER0316,CASE079,cdr:CDR16410,2058b12f8965ac57776b22f9efb7676c4c5a6b7faa28fae119a7adfcd5cc9b67,91a82db34c63060f827d4b60f5f1a8b5eaf8f25a9811293facf51e43befc394c,Y,invalid,field 'cdr_id' altered after evidence capture
VER0317,CASE080,cdr:CDR16549,c7131d848b3bbdfed32f07a1bb125c7dc181ad615c3c934839cde6f17bcdf232,c7131d848b3bbdfed32f07a1bb125c7dc181ad615c3c934839cde6f17bcdf232,N,valid,none
VER0318,CASE080,transactions:TX3794,26be0d06a2615fc9d4b789db1bd4e21391b0f84cd4560f18a2342dd92c652835,8f17845bbf351db384b931a9b93c6f35be31b1ed884220eb228c8ed583aaf06f,Y,invalid,field 'transaction_id' altered after evidence capture
VER0319,CASE080,transactions:TX3810,0124b6fb3579694006d9930f794adbb11fe96444642290b07769cd71e8979886,0124b6fb3579694006d9930f794adbb11fe96444642290b07769cd71e8979886,N,valid,none
VER0320,CASE080,cdr:CDR16523,d294e63a43c906bedc712594b79790c5a070a89931e3e4920d7862cff29e6b93,2d4150fd9a6ef5ece82befc0dcf49a08f4e6dae24326887005c47102cbf37791,Y,invalid,field 'cdr_id' altered after evidence capture
VER0321,CASE081,cdr:CDR16868,963896426d5a8323d2f76c893772177191e7e8b13e4577fcccf60acb2883996c,963896426d5a8323d2f76c893772177191e7e8b13e4577fcccf60acb2883996c,N,valid,none
VER0322,CASE081,cdr:CDR16914,70626eeaef0d8b2a0d46335b9a567030fb12ea9c669f743c88e47b80458799b8,df88de4042b8d2dbd6cb32096bc0fdc19c124928585363d242900680c43481c9,Y,invalid,field 'cdr_id' altered after evidence capture
VER0323,CASE081,transactions:TX3825,b4703f11b78a7addf522ed3b5acb6253ea04e5c849e048522894550c4774a865,b4703f11b78a7addf522ed3b5acb6253ea04e5c849e048522894550c4774a865,N,valid,none
VER0324,CASE081,cdr:CDR16762,ffc921e7bc06d9af5ff19c4ed46188c0c0476ef8759d01a3e6bf43c29b5d4e09,d2918d58c3eacdb87b93667e4c48ab5b40291b81c3c027b0bfe194159eb8c281,Y,invalid,field 'cdr_id' altered after evidence capture
VER0325,CASE082,cdr:CDR17093,66ac5fc5bfedf09e91bc4345cd74a52e47ab0abdf4dd94f4bd04fbd4ef858cef,66ac5fc5bfedf09e91bc4345cd74a52e47ab0abdf4dd94f4bd04fbd4ef858cef,N,valid,none
VER0326,CASE082,cdr:CDR17054,910aaa32d5e6891ed9182a8163e48d92edeb502fc8796ba2db3dd10152ddc5b7,a9d088cccd5b28df2413e9ec09afb6b1cd3cbbd971b04e0936fc8b8089cadf1e,Y,invalid,field 'cdr_id' altered after evidence capture
VER0327,CASE082,cdr:CDR17037,9878b3675aca128806179b770b2c15a5db602c55a52d087524dd31d13ff18aba,9878b3675aca128806179b770b2c15a5db602c55a52d087524dd31d13ff18aba,N,valid,none
VER0328,CASE082,cdr:CDR17178,5144af54d5a0e6ac8fa4e0d0e160a71cefccc076c2c183929566a74e55b95f4b,b5802b353e55681f6aed76cbd47d10cc70a639169693578b88bd68a702c19d77,Y,invalid,field 'cdr_id' altered after evidence capture
VER0329,CASE083,cdr:CDR17324,ea8c86532e0c830f0b068bd1762837ae028d17040280dc654154ca356720ff4f,ea8c86532e0c830f0b068bd1762837ae028d17040280dc654154ca356720ff4f,N,valid,none
VER0330,CASE083,cdr:CDR17402,dd193cac5ed855e18ee572c567aadc9bb56240f278bbf3675a71c95fb6869fa3,02a1ef207f4ecce4ced02ffd38df579a9524aa4c46970d90492fa9b3aec0685a,Y,invalid,field 'cdr_id' altered after evidence capture
VER0331,CASE083,cdr:CDR17394,77e9aefbf84fd9490f7187cfe5da78aa358fd40564b0c26f790d0a660e3534eb,77e9aefbf84fd9490f7187cfe5da78aa358fd40564b0c26f790d0a660e3534eb,N,valid,none
VER0332,CASE083,cdr:CDR17405,25e80e21a8efeae148acd5a93f2d54403cdcec8637a30b8b5cff2e657d4c4dcb,6e785a91c74794222925df7e239a541ef0d43f3389e0bb769e8c339e1fdbba5d,Y,invalid,field 'cdr_id' altered after evidence capture
VER0333,CASE084,cdr:CDR17592,4bcc77e06c9952c4902b3065ce201eea635b8c7f482fc185e8ff31e611f9b9e0,4bcc77e06c9952c4902b3065ce201eea635b8c7f482fc185e8ff31e611f9b9e0,N,valid,none
VER0334,CASE084,cdr:CDR17706,c53c4df1f60df28906d46c911b9cfd7d8d9eb0c3d77a408226eb11316e3f4ab2,67a02aa7d8f1e8cd01032c62b25b7f938a2c5a60ce3f3a07c7fbf10e8be8e749,Y,invalid,field 'cdr_id' altered after evidence capture
VER0335,CASE084,cdr:CDR17628,47a394713c0b0ac2337ea844e6d291d2630d52b291ca8661c156559e11d65466,47a394713c0b0ac2337ea844e6d291d2630d52b291ca8661c156559e11d65466,N,valid,none
VER0336,CASE084,cdr:CDR17596,a95f88d4a1b529cf6e18211add18e9bca1ffcf5e035c4885d7a379c39117f576,4097685f2f5d8d95426ced1134f6c2d7d465b0f2e5347fc650ece59c333dbcf2,Y,invalid,field 'cdr_id' altered after evidence capture
VER0337,CASE085,cdr:CDR17785,028196d6f40485344ea833d1da3fe311e7b2ac37c972ede0a9e84696aa4ed823,028196d6f40485344ea833d1da3fe311e7b2ac37c972ede0a9e84696aa4ed823,N,valid,none
VER0338,CASE085,cdr:CDR17748,f1d41512e9a4fb8b2db8349e052696dfadaec761d13097d7e5a38d8bd0ceba10,627d2fde5d1d5e6cbba8ecb5943052a71338a22519d74eb55036edeb620131a0,Y,invalid,field 'cdr_id' altered after evidence capture
VER0339,CASE085,cdr:CDR17794,5fb6bf2b1557ad949f1382885dee3477036c6761e9e76b4025d07eaebc26ae9c,5fb6bf2b1557ad949f1382885dee3477036c6761e9e76b4025d07eaebc26ae9c,N,valid,none
VER0340,CASE085,cdr:CDR17769,dbd98c74663651e527710f189ab7571ca3460b3c16006d5dec46a002764e1928,50ec049f0b8df3e9e360677ac6aa33c5494076d7cdb9997b6960d8b81b05b6f9,Y,invalid,field 'cdr_id' altered after evidence capture
VER0341,CASE086,cdr:CDR17933,3e8d69e73423042df7933cc96a4a6330fd36008b040b22c33d5d5624c99f4b46,3e8d69e73423042df7933cc96a4a6330fd36008b040b22c33d5d5624c99f4b46,N,valid,none
VER0342,CASE086,cdr:CDR17891,187401efe701eaddf05ea1cf67a1f3f839ecefca583d63914a5af024e6360959,79c99afdc42608593841d861ac05debc2c8a7becfa86e98207af7054e12485eb,Y,invalid,field 'cdr_id' altered after evidence capture
VER0343,CASE086,cdr:CDR17896,2648aedfb1d1f90f39569dada3349e8e883d2521170e73b24917b3afec2b968a,2648aedfb1d1f90f39569dada3349e8e883d2521170e73b24917b3afec2b968a,N,valid,none
VER0344,CASE086,cdr:CDR17837,30a0f1f2da3fc0d98fdbf26ff0cafc306a703736ac492a27f631355c83c6aeba,c3487ff1e594fcaf2093bf058941adada1b0e0fa5280ffbd2b439368c9f0b196,Y,invalid,field 'cdr_id' altered after evidence capture
VER0345,CASE087,transactions:TX4125,222005ff674c6ef3115bcefd1c397fde4019bf24bb7abee1935e5335efac6ea3,222005ff674c6ef3115bcefd1c397fde4019bf24bb7abee1935e5335efac6ea3,N,valid,none
VER0346,CASE087,transactions:TX4146,49997eaba9123a9b25eea0313291a3f31e2e1e34db8cb25468043bea8cc406a1,6d514ceb66e837d304a175d6d1b0196c242fdb56bc5b13163f20e652008e8d85,Y,invalid,field 'transaction_id' altered after evidence capture
VER0347,CASE087,cdr:CDR18069,b9909c19d3541dd9a5450a196cba2d39947b3b102475d17108527899284b8648,b9909c19d3541dd9a5450a196cba2d39947b3b102475d17108527899284b8648,N,valid,none
VER0348,CASE087,cdr:CDR18070,ad8975985693f395af68253f9a615acf6f788bfb924b6f8b7f008db9a7887e93,f470f466306c32ba7888bf2124a0daaa7d283ca634e662330005cb441e0d9e6c,Y,invalid,field 'cdr_id' altered after evidence capture
VER0349,CASE088,transactions:TX4183,96bb45489bb54b904d9dd2eac38d67aa25e90bcf6caffadd0a4d0494967865ab,96bb45489bb54b904d9dd2eac38d67aa25e90bcf6caffadd0a4d0494967865ab,N,valid,none
VER0350,CASE088,cdr:CDR18114,aca0ee231b48e8cf525ca8a785b48ea4e39268c8e8937c4cc7a056b1501f8a82,cda4bc0c3bdc034ee7dbfb107d497ae10658cc9948987a642d00e0efe95f7f1e,Y,invalid,field 'cdr_id' altered after evidence capture
VER0351,CASE088,location_events:CASE088-LE0457,ba939542e14fd70142be882d51e29d96acedb8b0c57d7f050e66d01bdfb71cdf,ba939542e14fd70142be882d51e29d96acedb8b0c57d7f050e66d01bdfb71cdf,N,valid,none
VER0352,CASE088,transactions:TX4182,f9513685011e501eda19f73d7017a2482501de87998a9672480fde67f878ed0d,bc35105e9ebfc0c376a3909f9e32c391fb470ed8318970e5a24e0397ca9e1f13,Y,invalid,field 'transaction_id' altered after evidence capture
VER0353,CASE089,transactions:TX4223,c66c632d785dc2f580473891c29e9da2e5013a77a6561b0964a0c5dd2741a795,c66c632d785dc2f580473891c29e9da2e5013a77a6561b0964a0c5dd2741a795,N,valid,none
VER0354,CASE089,cdr:CDR18239,591d92942a9200304fa4238e97f5826f992a9302cb5fa1a73e0f26981f986209,0eb32096c35083eca49b7d9e5885bc6ec0d924c0ba74f1770a5864ee9d5ea97d,Y,invalid,field 'cdr_id' altered after evidence capture
VER0355,CASE089,cdr:CDR18225,014ca524595450fd81b324727f8898ba4898d938e614011f6fcfaebff4649ff7,014ca524595450fd81b324727f8898ba4898d938e614011f6fcfaebff4649ff7,N,valid,none
VER0356,CASE089,cdr:CDR18233,49cc8a4e08e85503e904e5c901c1d11ded6af9b234a36e5ccd7af868248b7b21,36687fd9b7b6c5be3c8d8c6f57d72712d1d209f6ac5f5a07e0a8b16b00afc71d,Y,invalid,field 'cdr_id' altered after evidence capture
VER0357,CASE090,transactions:TX5248,719e32faeb37bd09ba6fecb51caeead0581c5597466bba4e693fab77e1526e31,719e32faeb37bd09ba6fecb51caeead0581c5597466bba4e693fab77e1526e31,N,valid,none
VER0358,CASE090,cdr:CDR18361,29335f838c5f093ff488f3d1ba4576eaaea6ddb1711e03ba70fd7c3b17cc13c2,f73c260e88675e81e211e910c03ce13dcd2e8d83a7310bdf487d453d26ad0e30,Y,invalid,field 'cdr_id' altered after evidence capture
VER0359,CASE090,cdr:CDR18348,595cf5ef6aaee82a36f811352f4b99b4c71d370371e935a081a70e0688673207,595cf5ef6aaee82a36f811352f4b99b4c71d370371e935a081a70e0688673207,N,valid,none
VER0360,CASE090,cdr:CDR18671,613aaeb42fb77d9bfc37369626fae4384c17116e531f3985217ff582672aeb6c,694025dbf2570295c2e830325641388f74260798d94d5b65c7504511aeeb6105,Y,invalid,field 'cdr_id' altered after evidence capture
VER0361,CASE091,cdr:CDR18773,fba898a8b5f55b86498142f07a21f52e93903ef859ab7da67d6c6a4c9ac6551c,fba898a8b5f55b86498142f07a21f52e93903ef859ab7da67d6c6a4c9ac6551c,N,valid,none
VER0362,CASE091,transactions:TX4311,87ee149130c86250e9f43cbcee057ff99ac55e88720334cd597ec164a7557f31,94421d86d14cc7636a59ffd373ddbea93e779ded261203d82af4a49220bf3852,Y,invalid,field 'transaction_id' altered after evidence capture
VER0363,CASE091,cdr:CDR18794,e36f95b8a5f37cced5f0d2bb9baddad562e95ccc928f5703ec2c0b396443a8d7,e36f95b8a5f37cced5f0d2bb9baddad562e95ccc928f5703ec2c0b396443a8d7,N,valid,none
VER0364,CASE091,cdr:CDR18762,d396ddd0bfe8cfb31f2c615220989aaddfd0b7953e5a9ecfdad9dc645cdf3da8,fb6dfa42ccde2dfe1b672d4504a5cb0e5e15ef7afc7507a0ca824bc0dc1946d7,Y,invalid,field 'cdr_id' altered after evidence capture
VER0365,CASE092,transactions:TX4375,9c37303c4a487f4f31a57bda300b6b05f6122c8e4c621d41fe342f4d0c308d8e,9c37303c4a487f4f31a57bda300b6b05f6122c8e4c621d41fe342f4d0c308d8e,N,valid,none
VER0366,CASE092,transactions:TX4384,414284149aac5c5b9828daf10674fe2b3bf267d70e10d3ab224625c4e6e61720,78c969e4b92c86741e0307907272f6f691b0986a47504c405ecab78b0918c67b,Y,invalid,field 'transaction_id' altered after evidence capture
VER0367,CASE092,cdr:CDR18945,e806ccdac064ef5ffbed05f48a044ff166bd0fa9d98db2f099885a94186392ef,e806ccdac064ef5ffbed05f48a044ff166bd0fa9d98db2f099885a94186392ef,N,valid,none
VER0368,CASE092,cdr:CDR18967,1e948e0ff4e7fca2adbd1d37a024362e600f1632b25529af0f8c571e44dc7cd1,03d274c609800ff46b8d3d0abf7743518fd8ab983b2473f7f6dc4ba24f52fa32,Y,invalid,field 'cdr_id' altered after evidence capture
VER0369,CASE093,transactions:TX4417,2856d525acce12da16f20a36a095c9946a7a238401d4185a22e5e39a5813f486,2856d525acce12da16f20a36a095c9946a7a238401d4185a22e5e39a5813f486,N,valid,none
VER0370,CASE093,cdr:CDR19005,d46dade2c6be7da28030e55337701fb86ca7b998d5ba1fcf0a4b93e89700a493,b41fc0b729c1dd5086691053bc1d34fde135a1f718b35f8d8e6cded05ebbdafa,Y,invalid,field 'cdr_id' altered after evidence capture
VER0371,CASE093,location_events:CASE093-LE0482,9a19bc7dae0c672683018a75dabe39a74b5829f3d6cb77890d322bc3fcfcc8ec,9a19bc7dae0c672683018a75dabe39a74b5829f3d6cb77890d322bc3fcfcc8ec,N,valid,none
VER0372,CASE093,cdr:CDR19036,c9ee60eb01470197ef108e7163f0b6cf08f20e8ca84e0971d2849d192891f8a4,dac3626c7d56f9c27a52041bcdb7e047eb0fe16eea630b5ab50a0e3444a805ff,Y,invalid,field 'cdr_id' altered after evidence capture
VER0373,CASE094,cdr:CDR19338,0f5a45034e9d08a5aba8064ffef5cd0c57a0aa0d0ba53c5b92511458d3f6d2f8,0f5a45034e9d08a5aba8064ffef5cd0c57a0aa0d0ba53c5b92511458d3f6d2f8,N,valid,none
VER0374,CASE094,transactions:TX4496,4061856728420416f194bf74d93695908c695940dbacf799e59101b19c206ae9,c7b3917580a8a5ff0db8b392ee83e1cd3628f6c2529530e8e287b4e7c0f6de0b,Y,invalid,field 'transaction_id' altered after evidence capture
VER0375,CASE094,location_events:CASE094-LE0487,a62c1662ef6328d1e34f8dc374d5171f9de75b42bae89ef07b1f93579075ed61,a62c1662ef6328d1e34f8dc374d5171f9de75b42bae89ef07b1f93579075ed61,N,valid,none
VER0376,CASE094,cdr:CDR19279,3360052cb95c8a9c2a0dc09062148e61dda0e9cfd61f4eeba573f8791baf2f70,658de4b7cb38c9acadf1a3411e7734b961cea8d5c2d2d68158e5a3454c82e0cb,Y,invalid,field 'cdr_id' altered after evidence capture
VER0377,CASE095,cdr:CDR19469,1e20c38b603f687ce22a2303587fe7e1b565a02bc48a46f7111f27feecb144e5,1e20c38b603f687ce22a2303587fe7e1b565a02bc48a46f7111f27feecb144e5,N,valid,none
VER0378,CASE095,transactions:TX5269,d390ae163fd053aede78fc26234b5591c640de52ecaf1fa1eb3135c9c7da599d,10e05d31eaad2e13b37f655622ee693dc98354ec4d66ebb44de91532716d8a18,Y,invalid,field 'transaction_id' altered after evidence capture
VER0379,CASE095,cdr:CDR19424,fa5a42379f878e8e207b348dbb08833dd89fd2fe89d2538039206e654ffc4e47,fa5a42379f878e8e207b348dbb08833dd89fd2fe89d2538039206e654ffc4e47,N,valid,none
VER0380,CASE095,transactions:TX4503,91f72a66b06267207e3fb2b8454413615ae532206e2ad824220c57cb0bf150ba,ba427d8bafe03fb4a2e36a22fe9887593df9c9dd17ff5ec4aabad72a70df56b7,Y,invalid,field 'transaction_id' altered after evidence capture
VER0381,CASE096,transactions:TX4573,ff6c7a516fcc45c02c4702725ade9f888aedcb01861e96e418b26ceaf43205fc,ff6c7a516fcc45c02c4702725ade9f888aedcb01861e96e418b26ceaf43205fc,N,valid,none
VER0382,CASE096,cdr:CDR19646,cb27edddd1ddab5626e1acf9559a0d907f59de320c7c6aeedddd5850b02282ad,f6d7a467e39453e9ebb4f08eca0cd593c53851eb5306d0850793de2653c4ae27,Y,invalid,field 'cdr_id' altered after evidence capture
VER0383,CASE096,cdr:CDR19743,f26b96a5b945d02c581a23bcdf49196ae7ac98b3c4cbd61967a7fbe48a545f4f,f26b96a5b945d02c581a23bcdf49196ae7ac98b3c4cbd61967a7fbe48a545f4f,N,valid,none
VER0384,CASE096,cdr:CDR19768,bd4d90fd52c1cdf5d3224c7843ddb57070b18eae6092d980c5f03066bee28f86,35d3755210faa767608efb56c0369cb3f0773c67a6c5af86f6b820afb7928fd5,Y,invalid,field 'cdr_id' altered after evidence capture
VER0385,CASE097,transactions:TX4626,d8d99dba67ba4b75198f5ea428f2ac9b587f69582918704ef90e904ea6551dee,d8d99dba67ba4b75198f5ea428f2ac9b587f69582918704ef90e904ea6551dee,N,valid,none
VER0386,CASE097,cdr:CDR19968,326d1d8147b3c3c4ef4c0eec437ca4ef23870165bc10ab7149433da4c499ddce,6f792fd89d975af0c387273a878be725c72d10525bdb243c0581d8335067b313,Y,invalid,field 'cdr_id' altered after evidence capture
VER0387,CASE097,cdr:CDR19948,36198749756a66ac156bf9e957ee8773436272910297767ce4c53f0adb8fc8f7,36198749756a66ac156bf9e957ee8773436272910297767ce4c53f0adb8fc8f7,N,valid,none
VER0388,CASE097,cdr:CDR20013,e27095469435e0e83e1302a3ac5856951100ee2e15d5a7910e7663f7b439e43a,81bea6b32e350fc454b47842ec3210f8047edb22e9d03e85f5650da61b045dc6,Y,invalid,field 'cdr_id' altered after evidence capture
VER0389,CASE098,cdr:CDR20116,2beff9cd90372b2e07a68f6dea8da263f72cdb1fa957e323c73eefc868dafd38,2beff9cd90372b2e07a68f6dea8da263f72cdb1fa957e323c73eefc868dafd38,N,valid,none
VER0390,CASE098,cdr:CDR20145,89d2bcf46dca53aea08ee7aa8bfba61253ec954cc29032a9fef7b0fd3a9b3579,a744bf77054d40df6ed34662ce900297d6aa07f6a4d374185e59a782778aa0a8,Y,invalid,field 'cdr_id' altered after evidence capture
VER0391,CASE098,cdr:CDR20138,0858145b21d33c8cbc366321667653a3898a06c69a6004e205ced6d1e5fbae42,0858145b21d33c8cbc366321667653a3898a06c69a6004e205ced6d1e5fbae42,N,valid,none
VER0392,CASE098,cdr:CDR20147,e7ee7e662fe91e049157f810c6463e0b07b88f80495f49a3e4892c7d0672d63c,84d42a2e3300e2fa1d6cca7432aa78a2697c1d3ed4ed77f714a5339d053a1b77,Y,invalid,field 'cdr_id' altered after evidence capture
VER0393,CASE099,cdr:CDR20394,45b4045115fb96a90a4ccb61bc7a16b6ca0246e0437ab1b172f70d200390100b,45b4045115fb96a90a4ccb61bc7a16b6ca0246e0437ab1b172f70d200390100b,N,valid,none
VER0394,CASE099,cdr:CDR20525,2632ecaebc7ab486539010e014ed6702c3c36d7fc93ee9f25dbc86b410d4e423,2d0a1a66ef333b6a53b1d5ab6589a38fb195a59a3118a89a078f9f5976e6d9fa,Y,invalid,field 'cdr_id' altered after evidence capture
VER0395,CASE099,cdr:CDR20518,e4aeb444a1f0faaaa90b7c1be4d5f62a3e24191abac012c620525f1450470922,e4aeb444a1f0faaaa90b7c1be4d5f62a3e24191abac012c620525f1450470922,N,valid,none
VER0396,CASE099,cdr:CDR20346,740cad527b107e6973eed0b2ec2e35c822f6bccdc9072f731190cf943b0ccb10,cf8a0824ab5aab877acfe53a779fe446323f42933f96c3c0273d18c425d556d2,Y,invalid,field 'cdr_id' altered after evidence capture
VER0397,CASE100,cdr:CDR20711,cbeca39d879a6ea37caae42f93bd7a87d6f0258be6b9662ad2b4a3ece88259f9,cbeca39d879a6ea37caae42f93bd7a87d6f0258be6b9662ad2b4a3ece88259f9,N,valid,none
VER0398,CASE100,cdr:CDR20714,54a7674357192a40dd4acf550c970d23a351ab430ebd6f64696fb5d0df5014a8,874e0c6e600f63c3e705a1bdf219e91c44e2d41882ee1526ab78cd6f2fd9c61c,Y,invalid,field 'cdr_id' altered after evidence capture
VER0399,CASE100,transactions:TX4772,d78c45a9ef0952297d31c644e95aa4521f46f3de029f5bd354d9e147b2b8b4a6,d78c45a9ef0952297d31c644e95aa4521f46f3de029f5bd354d9e147b2b8b4a6,N,valid,none
VER0400,CASE100,cdr:CDR20667,94741af70617683e70b491ca76cd19786a9c16cb1df07f1989abccffe6c7761b,8318691bd96ab3025ad554ba17f9ce722237adf3f9571262b13d75db727cffda,Y,invalid,field 'cdr_id' altered after evidence capture
