span_id,doc_id,case_id,start,end,text,label,entity_id
NER0001,FIR_FIR0001,CASE001,37,47,2026-06-11,DATE,
NER0002,FIR_FIR0001,CASE001,221,232,Kirti Arora,PERSON,P0520
NER0003,WITNESS_CASE001_1,CASE001,97,108,Kirti Arora,PERSON,P0520
NER0004,FIR_FIR0002,CASE002,84,95,Radha Joshi,PERSON,P0555
NER0005,FIR_FIR0002,CASE002,171,184,SU-31-ZI-0084,VEHICLE,VEH0084
NER0006,FIR_FIR0002,CASE002,203,239,Model Town Block C Family Restaurant,LOCATION,LOC0158
NER0007,WITNESS_CASE002_1,CASE002,77,88,Radha Joshi,PERSON,P0555
NER0008,WITNESS_CASE002_1,CASE002,94,130,Model Town Block C Family Restaurant,LOCATION,LOC0158
NER0009,FIR_FIR0003,CASE003,67,98,Bhatia Group Transport Services,ORG,ORG0052
NER0010,FIR_FIR0003,CASE003,120,130,2026-01-06,DATE,
NER0011,FIR_FIR0003,CASE003,135,145,2026-01-09,DATE,
NER0012,FIR_FIR0003,CASE003,216,224,Karan S.,PERSON,P0217
NER0013,FIR_FIR0003,CASE003,250,276,Housing Board Colony Dhaba,LOCATION,LOC0014
NER0014,WITNESS_CASE003_1,CASE003,48,56,Karan S.,PERSON,P0217
NER0015,WITNESS_CASE003_1,CASE003,72,98,Housing Board Colony Dhaba,LOCATION,LOC0014
NER0016,FIR_FIR0004,CASE004,171,184,GH-99-DO-0019,VEHICLE,VEH0019
NER0017,FIR_FIR0004,CASE004,203,236,Old City Market Family Restaurant,LOCATION,LOC0104
NER0018,WITNESS_CASE004_1,CASE004,75,108,Old City Market Family Restaurant,LOCATION,LOC0104
NER0019,FIR_FIR0005,CASE005,67,92,Rawat Group Retail Stores,ORG,ORG0063
NER0020,FIR_FIR0005,CASE005,114,124,2026-04-10,DATE,
NER0021,FIR_FIR0005,CASE005,129,139,2026-04-13,DATE,
NER0022,FIR_FIR0005,CASE005,210,223,Sanjay Tiwari,PERSON,P0061
NER0023,FIR_FIR0005,CASE005,249,285,Model Town Block B Family Restaurant,LOCATION,LOC0127
NER0024,WITNESS_CASE005_1,CASE005,97,110,Sanjay Tiwari,PERSON,P0061
NER0025,FIR_FIR0006,CASE006,84,95,Mohit Rawat,PERSON,P0036
NER0026,FIR_FIR0006,CASE006,171,184,DE-53-WN-0032,VEHICLE,VEH0032
NER0027,FIR_FIR0006,CASE006,203,235,Hotel Model Town Block C Regency,LOCATION,LOC0110
NER0028,WITNESS_CASE006_1,CASE006,77,88,Mohit Rawat,PERSON,P0036
NER0029,WITNESS_CASE006_1,CASE006,94,126,Hotel Model Town Block C Regency,LOCATION,LOC0110
NER0030,FIR_FIR0007,CASE007,67,93,Arora & Sons Retail Stores,ORG,ORG0072
NER0031,FIR_FIR0007,CASE007,115,125,2026-05-27,DATE,
NER0032,FIR_FIR0007,CASE007,130,140,2026-05-30,DATE,
NER0033,FIR_FIR0007,CASE007,211,221,Radha Nair,PERSON,P0297
NER0034,FIR_FIR0007,CASE007,247,272,Old City Market Residency,LOCATION,LOC0075
NER0035,WITNESS_CASE007_1,CASE007,48,58,Radha Nair,PERSON,P0297
NER0036,WITNESS_CASE007_1,CASE007,74,99,Old City Market Residency,LOCATION,LOC0075
NER0037,FIR_FIR0008,CASE008,84,95,Radha Arora,PERSON,P0913
NER0038,FIR_FIR0008,CASE008,171,184,GH-12-UB-0117,VEHICLE,VEH0117
NER0039,FIR_FIR0008,CASE008,203,239,Model Town Block C Family Restaurant,LOCATION,LOC0158
NER0040,WITNESS_CASE008_1,CASE008,48,59,Radha Arora,PERSON,P0913
NER0041,WITNESS_CASE008_1,CASE008,75,111,Model Town Block C Family Restaurant,LOCATION,LOC0158
NER0042,FIR_FIR0009,CASE009,84,96,Aarti Khanna,PERSON,P0399
NER0043,FIR_FIR0009,CASE009,172,185,IN-99-PG-0255,VEHICLE,VEH0255
NER0044,FIR_FIR0009,CASE009,204,233,Commercial Block B Apartments,LOCATION,LOC0193
NER0045,WITNESS_CASE009_1,CASE009,48,60,Aarti Khanna,PERSON,P0399
NER0046,WITNESS_CASE009_1,CASE009,76,105,Commercial Block B Apartments,LOCATION,LOC0193
NER0047,FIR_FIR0010,CASE010,37,47,2025-10-09,DATE,
NER0048,FIR_FIR0010,CASE010,221,233,Priya Bhatia,PERSON,P0271
NER0049,WITNESS_CASE010_1,CASE010,77,89,Priya Bhatia,PERSON,P0271
NER0050,WITNESS_CASE010_1,CASE010,95,133,Phase 5 Industrial Estate Bus Terminal,LOCATION,LOC0002
NER0051,FIR_FIR0011,CASE011,37,47,2025-09-28,DATE,
NER0052,FIR_FIR0011,CASE011,221,233,Anjali Verma,PERSON,P0294
NER0053,WITNESS_CASE011_1,CASE011,77,89,Anjali Verma,PERSON,P0294
NER0054,WITNESS_CASE011_1,CASE011,95,113,Railway Colony Inn,LOCATION,LOC0032
NER0055,FIR_FIR0012,CASE012,84,100,Siddharth Saxena,PERSON,P0817
NER0056,FIR_FIR0012,CASE012,176,189,BH-27-EV-0275,VEHICLE,VEH0275
NER0057,FIR_FIR0012,CASE012,208,231,Hotel Sector 41 Regency,LOCATION,LOC0250
NER0058,WITNESS_CASE012_1,CASE012,77,93,Siddharth Saxena,PERSON,P0817
NER0059,WITNESS_CASE012_1,CASE012,99,122,Hotel Sector 41 Regency,LOCATION,LOC0250
NER0060,FIR_FIR0013,CASE013,37,47,2025-10-08,DATE,
NER0061,FIR_FIR0013,CASE013,221,234,Sanjay Bansal,PERSON,P0325
NER0062,WITNESS_CASE013_1,CASE013,97,110,Sanjay Bansal,PERSON,P0325
NER0063,FIR_FIR0014,CASE014,84,97,Vikram Sharma,PERSON,P0801
NER0064,FIR_FIR0014,CASE014,173,186,LU-31-WZ-0265,VEHICLE,VEH0265
NER0065,FIR_FIR0014,CASE014,205,239,Housing Board Colony Public Ground,LOCATION,LOC0009
NER0066,WITNESS_CASE014_1,CASE014,48,61,Vikram Sharma,PERSON,P0801
NER0067,WITNESS_CASE014_1,CASE014,77,111,Housing Board Colony Public Ground,LOCATION,LOC0009
NER0068,FIR_FIR0015,CASE015,67,97,Kapoor Group Manufacturing Ltd,ORG,ORG0062
NER0069,FIR_FIR0015,CASE015,119,129,2026-05-06,DATE,
NER0070,FIR_FIR0015,CASE015,134,144,2026-05-09,DATE,
NER0071,FIR_FIR0015,CASE015,215,227,Nikhil Kohli,PERSON,P0261
NER0072,FIR_FIR0015,CASE015,253,293,Phase 3 Industrial Estate Public Parking,LOCATION,LOC0257
NER0073,WITNESS_CASE015_1,CASE015,97,109,Nikhil Kohli,PERSON,P0261
NER0074,FIR_FIR0016,CASE016,67,90,Rawat & Sons Trading Co,ORG,ORG0147
NER0075,FIR_FIR0016,CASE016,112,122,2025-11-20,DATE,
NER0076,FIR_FIR0016,CASE016,127,137,2025-11-23,DATE,
NER0077,FIR_FIR0016,CASE016,247,271,Sector 33 Business Tower,LOCATION,LOC0211
NER0078,WITNESS_CASE016_1,CASE016,77,90,Ramesh Bhalla,PERSON,P0704
NER0079,WITNESS_CASE016_1,CASE016,96,120,Sector 33 Business Tower,LOCATION,LOC0211
NER0080,FIR_FIR0017,CASE017,37,47,2026-01-11,DATE,
NER0081,FIR_FIR0017,CASE017,221,234,Preeti Kapoor,PERSON,P0723
NER0082,WITNESS_CASE017_1,CASE017,97,110,Preeti Kapoor,PERSON,P0723
NER0083,FIR_FIR0018,CASE018,37,47,2025-07-27,DATE,
NER0084,FIR_FIR0018,CASE018,221,234,Amit Malhotra,PERSON,P0613
NER0085,WITNESS_CASE018_1,CASE018,48,61,Amit Malhotra,PERSON,P0613
NER0086,WITNESS_CASE018_1,CASE018,77,105,Old City Market Trade Centre,LOCATION,LOC0035
NER0087,FIR_FIR0019,CASE019,37,47,2025-07-28,DATE,
NER0088,FIR_FIR0019,CASE019,221,233,Mohit Kapoor,PERSON,P0333
NER0089,WITNESS_CASE019_1,CASE019,48,60,Mohit Kapoor,PERSON,P0333
NER0090,WITNESS_CASE019_1,CASE019,76,112,Commercial Block B Family Restaurant,LOCATION,LOC0178
NER0091,FIR_FIR0020,CASE020,37,47,2025-12-12,DATE,
NER0092,FIR_FIR0020,CASE020,221,235,Tanya Malhotra,PERSON,P0293
NER0093,WITNESS_CASE020_1,CASE020,97,111,Tanya Malhotra,PERSON,P0293
NER0094,FIR_FIR0021,CASE021,37,47,2026-01-27,DATE,
NER0095,WITNESS_CASE021_1,CASE021,97,111,Harish Rathore,PERSON,P0038
NER0096,FIR_FIR0022,CASE022,67,102,Malhotra & Sons Consulting Services,ORG,ORG0135
NER0097,FIR_FIR0022,CASE022,124,134,2025-09-07,DATE,
NER0098,FIR_FIR0022,CASE022,139,149,2025-09-10,DATE,
NER0099,FIR_FIR0022,CASE022,220,231,Anil Sharma,PERSON,P0184
NER0100,FIR_FIR0022,CASE022,257,297,Phase 3 Industrial Estate Public Parking,LOCATION,LOC0257
NER0101,WITNESS_CASE022_1,CASE022,77,88,Anil Sharma,PERSON,P0184
NER0102,WITNESS_CASE022_1,CASE022,94,134,Phase 3 Industrial Estate Public Parking,LOCATION,LOC0257
NER0103,FIR_FIR0023,CASE023,67,91,Chawla & Sons Trading Co,ORG,ORG0064
NER0104,FIR_FIR0023,CASE023,113,123,2025-06-24,DATE,
NER0105,FIR_FIR0023,CASE023,128,138,2025-06-27,DATE,
NER0106,FIR_FIR0023,CASE023,209,223,Tanya Malhotra,PERSON,P0293
NER0107,FIR_FIR0023,CASE023,249,291,New Township Sector 19 Multi-level Parking,LOCATION,LOC0028
NER0108,WITNESS_CASE023_1,CASE023,48,62,Tanya Malhotra,PERSON,P0293
NER0109,WITNESS_CASE023_1,CASE023,78,120,New Township Sector 19 Multi-level Parking,LOCATION,LOC0028
NER0110,FIR_FIR0024,CASE024,84,94,Kavya Iyer,PERSON,P0429
NER0111,FIR_FIR0024,CASE024,170,183,GU-86-LS-0176,VEHICLE,VEH0176
NER0112,FIR_FIR0024,CASE024,202,226,Sector 55 Community Park,LOCATION,LOC0152
NER0113,WITNESS_CASE024_1,CASE024,97,107,Kavya Iyer,PERSON,P0429
NER0114,FIR_FIR0025,CASE025,67,98,Bansal & Sons Logistics Pvt Ltd,ORG,ORG0028
NER0115,FIR_FIR0025,CASE025,120,130,2026-03-05,DATE,
NER0116,FIR_FIR0025,CASE025,135,145,2026-03-08,DATE,
NER0117,FIR_FIR0025,CASE025,216,232,Anjali Choudhary,PERSON,P0603
NER0118,FIR_FIR0025,CASE025,258,293,New Township Sector 29 Bus Terminal,LOCATION,LOC0163
NER0119,WITNESS_CASE025_1,CASE025,48,64,Anjali Choudhary,PERSON,P0603
NER0120,WITNESS_CASE025_1,CASE025,80,115,New Township Sector 29 Bus Terminal,LOCATION,LOC0163
NER0121,FIR_FIR0026,CASE026,171,184,PA-12-KO-0211,VEHICLE,VEH0211
NER0122,FIR_FIR0026,CASE026,203,222,Transport Nagar Inn,LOCATION,LOC0057
NER0123,FIR_FIR0027,CASE027,84,97,Aditya Bansal,PERSON,P0014
NER0124,FIR_FIR0027,CASE027,173,186,CH-17-NB-0054,VEHICLE,VEH0054
NER0125,FIR_FIR0027,CASE027,205,236,Transport Nagar Housing Complex,LOCATION,LOC0012
NER0126,WITNESS_CASE027_1,CASE027,77,90,Aditya Bansal,PERSON,P0014
NER0127,WITNESS_CASE027_1,CASE027,96,127,Transport Nagar Housing Complex,LOCATION,LOC0012
NER0128,FIR_FIR0028,CASE028,67,92,Saxena Transport Services,ORG,ORG0089
NER0129,FIR_FIR0028,CASE028,114,124,2025-09-13,DATE,
NER0130,FIR_FIR0028,CASE028,129,139,2025-09-16,DATE,
NER0131,FIR_FIR0028,CASE028,210,222,Tarun Grover,PERSON,P0054
NER0132,FIR_FIR0028,CASE028,248,278,Old City Market Warehouse Zone,LOCATION,LOC0300
NER0133,WITNESS_CASE028_1,CASE028,77,89,Tarun Grover,PERSON,P0054
NER0134,WITNESS_CASE028_1,CASE028,95,125,Old City Market Warehouse Zone,LOCATION,LOC0300
NER0135,FIR_FIR0029,CASE029,67,100,Nair & Sons Constructions Pvt Ltd,ORG,ORG0133
NER0136,FIR_FIR0029,CASE029,122,132,2025-09-18,DATE,
NER0137,FIR_FIR0029,CASE029,137,147,2025-09-21,DATE,
NER0138,FIR_FIR0029,CASE029,258,290,Railway Colony Family Restaurant,LOCATION,LOC0093
NER0139,WITNESS_CASE029_1,CASE029,77,91,Nidhi Aggarwal,PERSON,P0205
NER0140,WITNESS_CASE029_1,CASE029,97,129,Railway Colony Family Restaurant,LOCATION,LOC0093
NER0141,FIR_FIR0030,CASE030,37,47,2025-06-18,DATE,
NER0142,FIR_FIR0030,CASE030,221,233,Neeraj Verma,PERSON,P0501
NER0143,WITNESS_CASE030_1,CASE030,97,109,Neeraj Verma,PERSON,P0501
NER0144,FIR_FIR0031,CASE031,84,94,Ravi Joshi,PERSON,P0805
NER0145,FIR_FIR0031,CASE031,170,183,AG-58-EA-0135,VEHICLE,VEH0135
NER0146,FIR_FIR0031,CASE031,202,233,Civil Lines Multi-level Parking,LOCATION,LOC0190
NER0147,WITNESS_CASE031_1,CASE031,97,107,Ravi Joshi,PERSON,P0805
NER0148,FIR_FIR0032,CASE032,84,95,Tarun Singh,PERSON,P0791
NER0149,FIR_FIR0032,CASE032,171,184,AG-65-FX-0152,VEHICLE,VEH0152
NER0150,FIR_FIR0032,CASE032,203,240,Phase 29 Industrial Estate Apartments,LOCATION,LOC0292
NER0151,WITNESS_CASE032_1,CASE032,77,88,Tarun Singh,PERSON,P0791
NER0152,WITNESS_CASE032_1,CASE032,94,131,Phase 29 Industrial Estate Apartments,LOCATION,LOC0292
NER0153,FIR_FIR0033,CASE033,37,47,2025-07-02,DATE,
NER0154,FIR_FIR0033,CASE033,221,233,Mohit Tiwari,PERSON,P0490
NER0155,WITNESS_CASE033_1,CASE033,97,109,Mohit Tiwari,PERSON,P0490
NER0156,FIR_FIR0034,CASE034,37,47,2026-07-06,DATE,
NER0157,FIR_FIR0034,CASE034,221,232,Divya Verma,PERSON,P0216
NER0158,WITNESS_CASE034_1,CASE034,48,59,Divya Verma,PERSON,P0216
NER0159,WITNESS_CASE034_1,CASE034,75,101,Civil Lines Warehouse Zone,LOCATION,LOC0223
NER0160,FIR_FIR0035,CASE035,84,92,K. Sethi,PERSON,P0894
NER0161,FIR_FIR0035,CASE035,168,181,HY-34-RI-0003,VEHICLE,VEH0003
NER0162,FIR_FIR0035,CASE035,200,231,Commercial Block B Trade Centre,LOCATION,LOC0079
NER0163,WITNESS_CASE035_1,CASE035,77,88,Karan Sethi,PERSON,P0894
NER0164,WITNESS_CASE035_1,CASE035,94,125,Commercial Block B Trade Centre,LOCATION,LOC0079
NER0165,FIR_FIR0036,CASE036,67,90,Bhatia Group Trading Co,ORG,ORG0109
NER0166,FIR_FIR0036,CASE036,112,122,2025-07-27,DATE,
NER0167,FIR_FIR0036,CASE036,127,137,2025-07-30,DATE,
NER0168,FIR_FIR0036,CASE036,208,219,Vidya Arora,PERSON,P0954
NER0169,FIR_FIR0036,CASE036,245,281,Model Town Block C Family Restaurant,LOCATION,LOC0158
NER0170,WITNESS_CASE036_1,CASE036,94,130,Model Town Block C Family Restaurant,LOCATION,LOC0158
NER0171,FIR_FIR0037,CASE037,37,47,2026-06-19,DATE,
NER0172,FIR_FIR0037,CASE037,221,234,Bhavna Chopra,PERSON,P0557
NER0173,WITNESS_CASE037_1,CASE037,48,54,"""Bhau""",PERSON,P0027
NER0174,WITNESS_CASE037_1,CASE037,70,111,New Township Sector 20 Commercial Complex,LOCATION,LOC0233
NER0175,FIR_FIR0038,CASE038,67,99,Joshi Group Technologies Pvt Ltd,ORG,ORG0066
NER0176,FIR_FIR0038,CASE038,121,131,2026-06-16,DATE,
NER0177,FIR_FIR0038,CASE038,136,146,2026-06-19,DATE,
NER0178,FIR_FIR0038,CASE038,217,229,Simran Reddy,PERSON,P0938
NER0179,FIR_FIR0038,CASE038,255,295,New Township Sector 48 Family Restaurant,LOCATION,LOC0216
NER0180,WITNESS_CASE038_1,CASE038,77,89,Simran Reddy,PERSON,P0938
NER0181,WITNESS_CASE038_1,CASE038,95,135,New Township Sector 48 Family Restaurant,LOCATION,LOC0216
NER0182,FIR_FIR0039,CASE039,67,98,Chawla & Sons Manufacturing Ltd,ORG,ORG0069
NER0183,FIR_FIR0039,CASE039,120,130,2025-12-21,DATE,
NER0184,FIR_FIR0039,CASE039,135,145,2025-12-24,DATE,
NER0185,FIR_FIR0039,CASE039,216,225,Ravi Nair,PERSON,P0285
NER0186,FIR_FIR0039,CASE039,251,269,Civil Lines Market,LOCATION,LOC0008
NER0187,WITNESS_CASE039_1,CASE039,48,57,Ravi Nair,PERSON,P0285
NER0188,WITNESS_CASE039_1,CASE039,73,91,Civil Lines Market,LOCATION,LOC0008
NER0189,FIR_FIR0040,CASE040,84,95,Manju Verma,PERSON,P0581
NER0190,FIR_FIR0040,CASE040,171,184,MU-34-SZ-0162,VEHICLE,VEH0162
NER0191,FIR_FIR0040,CASE040,203,221,Railway Colony Inn,LOCATION,LOC0032
NER0192,WITNESS_CASE040_1,CASE040,48,59,Manju Verma,PERSON,P0581
NER0193,WITNESS_CASE040_1,CASE040,75,93,Railway Colony Inn,LOCATION,LOC0032
NER0194,FIR_FIR0041,CASE041,67,86,Arora Retail Stores,ORG,ORG0148
NER0195,FIR_FIR0041,CASE041,108,118,2025-06-03,DATE,
NER0196,FIR_FIR0041,CASE041,123,133,2025-06-06,DATE,
NER0197,FIR_FIR0041,CASE041,204,217,Aditya Mishra,PERSON,P0075
NER0198,FIR_FIR0041,CASE041,243,275,Commercial Block A Public Ground,LOCATION,LOC0157
NER0199,WITNESS_CASE041_1,CASE041,97,110,Aditya Mishra,PERSON,P0075
NER0200,FIR_FIR0042,CASE042,67,98,Rathore Group Manufacturing Ltd,ORG,ORG0132
NER0201,FIR_FIR0042,CASE042,120,130,2025-07-28,DATE,
NER0202,FIR_FIR0042,CASE042,135,145,2025-07-31,DATE,
NER0203,FIR_FIR0042,CASE042,216,231,Ashok Choudhary,PERSON,P0529
NER0204,FIR_FIR0042,CASE042,257,293,New Township Sector 53 Public Ground,LOCATION,LOC0256
NER0205,WITNESS_CASE042_1,CASE042,48,63,Ashok Choudhary,PERSON,P0529
NER0206,WITNESS_CASE042_1,CASE042,79,115,New Township Sector 53 Public Ground,LOCATION,LOC0256
NER0207,FIR_FIR0043,CASE043,67,101,Gupta & Sons Constructions Pvt Ltd,ORG,ORG0144
NER0208,FIR_FIR0043,CASE043,123,133,2026-02-09,DATE,
NER0209,FIR_FIR0043,CASE043,138,148,2026-02-12,DATE,
NER0210,FIR_FIR0043,CASE043,258,294,Housing Board Colony Corporate Plaza,LOCATION,LOC0121
NER0211,WITNESS_CASE043_1,CASE043,77,90,Aakash Sharma,PERSON,P0133
NER0212,WITNESS_CASE043_1,CASE043,96,132,Housing Board Colony Corporate Plaza,LOCATION,LOC0121
NER0213,FIR_FIR0044,CASE044,37,47,2026-01-17,DATE,
NER0214,FIR_FIR0044,CASE044,221,233,Gaurav Gupta,PERSON,P0689
NER0215,WITNESS_CASE044_1,CASE044,77,89,Gaurav Gupta,PERSON,P0689
NER0216,WITNESS_CASE044_1,CASE044,95,131,New Township Sector 45 Public Ground,LOCATION,LOC0246
NER0217,FIR_FIR0045,CASE045,37,47,2025-12-03,DATE,
NER0218,FIR_FIR0045,CASE045,221,233,Rajat Khanna,PERSON,P0916
NER0219,WITNESS_CASE045_1,CASE045,97,109,Rajat Khanna,PERSON,P0916
NER0220,FIR_FIR0046,CASE046,37,47,2025-08-26,DATE,
NER0221,FIR_FIR0046,CASE046,221,233,Sanjay Arora,PERSON,P0088
NER0222,WITNESS_CASE046_1,CASE046,48,60,Sanjay Arora,PERSON,P0088
NER0223,WITNESS_CASE046_1,CASE046,76,101,Sector 59 Corporate Plaza,LOCATION,LOC0030
NER0224,FIR_FIR0047,CASE047,37,47,2025-07-06,DATE,
NER0225,FIR_FIR0047,CASE047,221,237,Siddharth Saxena,PERSON,P0817
NER0226,WITNESS_CASE047_1,CASE047,77,93,Siddharth Saxena,PERSON,P0817
NER0227,WITNESS_CASE047_1,CASE047,99,120,Civil Lines Residency,LOCATION,LOC0109
NER0228,FIR_FIR0048,CASE048,84,96,Aakash Rawat,PERSON,P0482
NER0229,FIR_FIR0048,CASE048,172,185,BH-86-IH-0090,VEHICLE,VEH0090
NER0230,FIR_FIR0048,CASE048,204,236,Hotel Model Town Block D Regency,LOCATION,LOC0019
NER0231,WITNESS_CASE048_1,CASE048,77,89,Aakash Rawat,PERSON,P0482
NER0232,WITNESS_CASE048_1,CASE048,95,127,Hotel Model Town Block D Regency,LOCATION,LOC0019
NER0233,FIR_FIR0049,CASE049,84,96,Neha Rathore,PERSON,P0837
NER0234,FIR_FIR0049,CASE049,172,185,KA-61-DH-0223,VEHICLE,VEH0223
NER0235,FIR_FIR0049,CASE049,204,226,Commercial Block B Inn,LOCATION,LOC0115
NER0236,WITNESS_CASE049_1,CASE049,77,89,Neha Rathore,PERSON,P0837
NER0237,WITNESS_CASE049_1,CASE049,95,117,Commercial Block B Inn,LOCATION,LOC0115
NER0238,FIR_FIR0050,CASE050,84,95,Yash Chopra,PERSON,P0156
NER0239,FIR_FIR0050,CASE050,171,184,AG-57-UO-0163,VEHICLE,VEH0163
NER0240,FIR_FIR0050,CASE050,203,234,Old City Market Railway Station,LOCATION,LOC0290
NER0241,WITNESS_CASE050_1,CASE050,97,108,Yash Chopra,PERSON,P0156
NER0242,FIR_FIR0051,CASE051,84,94,Ritu Mehta,PERSON,P0201
NER0243,FIR_FIR0051,CASE051,170,183,LU-95-EB-0187,VEHICLE,VEH0187
NER0244,FIR_FIR0051,CASE051,202,229,Sector 18 Family Restaurant,LOCATION,LOC0118
NER0245,WITNESS_CASE051_1,CASE051,48,58,Ritu Mehta,PERSON,P0201
NER0246,WITNESS_CASE051_1,CASE051,74,101,Sector 18 Family Restaurant,LOCATION,LOC0118
NER0247,FIR_FIR0052,CASE052,67,96,Grover Group Finance Services,ORG,ORG0013
NER0248,FIR_FIR0052,CASE052,118,128,2026-03-17,DATE,
NER0249,FIR_FIR0052,CASE052,133,143,2026-03-20,DATE,
NER0250,FIR_FIR0052,CASE052,214,225,Neha Bhatia,PERSON,P0716
NER0251,FIR_FIR0052,CASE052,251,275,Sector 53 Public Parking,LOCATION,LOC0098
NER0252,WITNESS_CASE052_1,CASE052,97,108,Neha Bhatia,PERSON,P0716
NER0253,FIR_FIR0054,CASE053,37,47,2026-05-04,DATE,
NER0254,FIR_FIR0054,CASE053,221,233,Aditya Verma,PERSON,P0494
NER0255,WITNESS_CASE053_1,CASE053,77,89,Aditya Verma,PERSON,P0494
NER0256,WITNESS_CASE053_1,CASE053,95,129,Railway Colony Logistics Warehouse,LOCATION,LOC0073
NER0257,FIR_FIR0055,CASE054,37,47,2026-04-17,DATE,
NER0258,FIR_FIR0055,CASE054,221,232,Yash Bhatia,PERSON,P0366
NER0259,WITNESS_CASE054_1,CASE054,77,88,Yash Bhatia,PERSON,P0366
NER0260,WITNESS_CASE054_1,CASE054,94,119,Sector 30 Railway Station,LOCATION,LOC0230
NER0261,FIR_FIR0056,CASE055,67,98,Malhotra Group Finance Services,ORG,ORG0141
NER0262,FIR_FIR0056,CASE055,120,130,2026-02-27,DATE,
NER0263,FIR_FIR0056,CASE055,135,145,2026-03-02,DATE,
NER0264,FIR_FIR0056,CASE055,216,228,Kajal Sharma,PERSON,P0101
NER0265,FIR_FIR0056,CASE055,254,283,Railway Colony Warehouse Zone,LOCATION,LOC0044
NER0266,WITNESS_CASE055_1,CASE055,97,109,Kajal Sharma,PERSON,P0101
NER0267,FIR_FIR0057,CASE056,67,100,Joshi & Sons Technologies Pvt Ltd,ORG,ORG0077
NER0268,FIR_FIR0057,CASE056,122,132,2025-06-12,DATE,
NER0269,FIR_FIR0057,CASE056,137,147,2025-06-15,DATE,
NER0270,FIR_FIR0057,CASE056,218,233,Simran Aggarwal,PERSON,P0725
NER0271,FIR_FIR0057,CASE056,259,278,Old City Market Inn,LOCATION,LOC0058
NER0272,WITNESS_CASE056_1,CASE056,48,63,Simran Aggarwal,PERSON,P0725
NER0273,WITNESS_CASE056_1,CASE056,79,98,Old City Market Inn,LOCATION,LOC0058
NER0274,FIR_FIR0058,CASE057,67,96,Choudhary Group Retail Stores,ORG,ORG0039
NER0275,FIR_FIR0058,CASE057,118,128,2026-03-28,DATE,
NER0276,FIR_FIR0058,CASE057,133,143,2026-03-31,DATE,
NER0277,FIR_FIR0058,CASE057,214,223,Ravi Nair,PERSON,P0285
NER0278,FIR_FIR0058,CASE057,249,276,Sector 30 Family Restaurant,LOCATION,LOC0102
NER0279,WITNESS_CASE057_1,CASE057,97,106,Ravi Nair,PERSON,P0285
NER0280,FIR_FIR0059,CASE058,84,97,Tarun Rathore,PERSON,P0380
NER0281,FIR_FIR0059,CASE058,173,186,BH-37-EM-0246,VEHICLE,VEH0246
NER0282,FIR_FIR0059,CASE058,205,234,Hotel Transport Nagar Regency,LOCATION,LOC0037
NER0283,WITNESS_CASE058_1,CASE058,77,90,Tarun Rathore,PERSON,P0380
NER0284,WITNESS_CASE058_1,CASE058,96,125,Hotel Transport Nagar Regency,LOCATION,LOC0037
NER0285,FIR_FIR0060,CASE059,84,100,Siddharth Kapoor,PERSON,P0642
NER0286,FIR_FIR0060,CASE059,176,189,GH-99-DO-0019,VEHICLE,VEH0019
NER0287,FIR_FIR0060,CASE059,208,250,Phase 12 Industrial Estate Corporate Plaza,LOCATION,LOC0139
NER0288,WITNESS_CASE059_1,CASE059,97,113,Siddharth Kapoor,PERSON,P0642
NER0289,FIR_FIR0061,CASE060,37,47,2025-07-25,DATE,
NER0290,FIR_FIR0061,CASE060,221,232,Kajal Rawat,PERSON,P0884
NER0291,WITNESS_CASE060_1,CASE060,97,108,Kajal Rawat,PERSON,P0884
NER0292,FIR_FIR0062,CASE061,67,90,Mehta Manufacturing Ltd,ORG,ORG0088
NER0293,FIR_FIR0062,CASE061,112,122,2026-05-30,DATE,
NER0294,FIR_FIR0062,CASE061,127,137,2026-06-02,DATE,
NER0295,FIR_FIR0062,CASE061,208,221,Aditya Chawla,PERSON,P0432
NER0296,FIR_FIR0062,CASE061,247,284,Model Town Block D Commercial Complex,LOCATION,LOC0083
NER0297,WITNESS_CASE061_1,CASE061,48,57,Aditya C.,PERSON,P0432
NER0298,WITNESS_CASE061_1,CASE061,73,110,Model Town Block D Commercial Complex,LOCATION,LOC0083
NER0299,FIR_FIR0063,CASE062,67,90,Sethi Logistics Pvt Ltd,ORG,ORG0045
NER0300,FIR_FIR0063,CASE062,112,122,2025-12-25,DATE,
NER0301,FIR_FIR0063,CASE062,127,137,2025-12-28,DATE,
NER0302,FIR_FIR0063,CASE062,208,220,Vivek Bansal,PERSON,P0794
NER0303,FIR_FIR0063,CASE062,246,277,Old City Market Housing Complex,LOCATION,LOC0208
NER0304,WITNESS_CASE062_1,CASE062,76,107,Old City Market Housing Complex,LOCATION,LOC0208
NER0305,FIR_FIR0064,CASE063,84,98,Nidhi Malhotra,PERSON,P0049
NER0306,FIR_FIR0064,CASE063,174,187,BE-45-WN-0045,VEHICLE,VEH0045
NER0307,FIR_FIR0064,CASE063,206,246,Phase 1 Industrial Estate Public Parking,LOCATION,LOC0146
NER0308,WITNESS_CASE063_1,CASE063,97,111,Nidhi Malhotra,PERSON,P0049
NER0309,FIR_FIR0065,CASE064,67,101,Verma & Sons Constructions Pvt Ltd,ORG,ORG0041
NER0310,FIR_FIR0065,CASE064,123,133,2025-06-05,DATE,
NER0311,FIR_FIR0065,CASE064,138,148,2025-06-08,DATE,
NER0312,FIR_FIR0065,CASE064,219,230,Ashok Rawat,PERSON,P0462
NER0313,FIR_FIR0065,CASE064,256,277,Civil Lines Residency,LOCATION,LOC0109
NER0314,WITNESS_CASE064_1,CASE064,48,59,Ashok Rawat,PERSON,P0462
NER0315,WITNESS_CASE064_1,CASE064,75,96,Civil Lines Residency,LOCATION,LOC0109
NER0316,FIR_FIR0066,CASE065,67,89,Gupta Group Trading Co,ORG,ORG0023
NER0317,FIR_FIR0066,CASE065,111,121,2025-07-07,DATE,
NER0318,FIR_FIR0066,CASE065,126,136,2025-07-10,DATE,
NER0319,FIR_FIR0066,CASE065,207,219,Payal Tiwari,PERSON,P0144
NER0320,FIR_FIR0066,CASE065,245,269,Sector 55 Community Park,LOCATION,LOC0152
NER0321,WITNESS_CASE065_1,CASE065,97,109,Payal Tiwari,PERSON,P0144
NER0322,FIR_FIR0067,CASE066,67,95,Bhalla Constructions Pvt Ltd,ORG,ORG0034
NER0323,FIR_FIR0067,CASE066,117,127,2025-12-20,DATE,
NER0324,FIR_FIR0067,CASE066,132,142,2025-12-23,DATE,
NER0325,FIR_FIR0067,CASE066,213,225,Isha Rathore,PERSON,P0180
NER0326,FIR_FIR0067,CASE066,251,282,Commercial Block B Trade Centre,LOCATION,LOC0079
NER0327,WITNESS_CASE066_1,CASE066,97,109,Isha Rathore,PERSON,P0180
NER0328,FIR_FIR0068,CASE067,67,101,Grover & Sons Technologies Pvt Ltd,ORG,ORG0010
NER0329,FIR_FIR0068,CASE067,123,133,2026-01-07,DATE,
NER0330,FIR_FIR0068,CASE067,138,148,2026-01-10,DATE,
NER0331,FIR_FIR0068,CASE067,219,232,Sunita Tiwari,PERSON,P0258
NER0332,FIR_FIR0068,CASE067,258,288,Transport Nagar Business Tower,LOCATION,LOC0151
NER0333,WITNESS_CASE067_1,CASE067,77,90,Sunita Tiwari,PERSON,P0258
NER0334,WITNESS_CASE067_1,CASE067,96,126,Transport Nagar Business Tower,LOCATION,LOC0151
NER0335,FIR_FIR0069,CASE068,67,98,Tiwari & Sons Manufacturing Ltd,ORG,ORG0117
NER0336,FIR_FIR0069,CASE068,120,130,2026-07-03,DATE,
NER0337,FIR_FIR0069,CASE068,135,145,2026-07-06,DATE,
NER0338,FIR_FIR0069,CASE068,216,229,Ramesh Bansal,PERSON,P0309
NER0339,FIR_FIR0069,CASE068,255,301,Phase 27 Industrial Estate Multi-level Parking,LOCATION,LOC0018
NER0340,WITNESS_CASE068_1,CASE068,97,110,Ramesh Bansal,PERSON,P0309
NER0341,FIR_FIR0070,CASE069,84,95,Anil Sharma,PERSON,P0184
NER0342,FIR_FIR0070,CASE069,171,184,CH-71-YD-0293,VEHICLE,VEH0293
NER0343,FIR_FIR0070,CASE069,203,232,Old City Market Public Ground,LOCATION,LOC0241
NER0344,WITNESS_CASE069_1,CASE069,48,59,Anil Sharma,PERSON,P0184
NER0345,WITNESS_CASE069_1,CASE069,75,104,Old City Market Public Ground,LOCATION,LOC0241
NER0346,FIR_FIR0071,CASE070,37,47,2025-09-13,DATE,
NER0347,FIR_FIR0071,CASE070,221,235,Sanjay Rathore,PERSON,P0357
NER0348,WITNESS_CASE070_1,CASE070,97,111,Sanjay Rathore,PERSON,P0357
NER0349,FIR_FIR0072,CASE071,84,95,Vidya Mehta,PERSON,P0023
NER0350,FIR_FIR0072,CASE071,171,184,SU-70-JR-0267,VEHICLE,VEH0267
NER0351,FIR_FIR0072,CASE071,203,236,Commercial Block C Warehouse Zone,LOCATION,LOC0156
NER0352,WITNESS_CASE071_1,CASE071,94,127,Commercial Block C Warehouse Zone,LOCATION,LOC0156
NER0353,FIR_FIR0073,CASE072,37,47,2025-08-25,DATE,
NER0354,FIR_FIR0073,CASE072,221,233,Komal Saxena,PERSON,P0650
NER0355,WITNESS_CASE072_1,CASE072,48,60,Komal Saxena,PERSON,P0650
NER0356,WITNESS_CASE072_1,CASE072,76,95,Old City Market Inn,LOCATION,LOC0058
NER0357,FIR_FIR0074,CASE073,37,47,2026-06-15,DATE,
NER0358,FIR_FIR0074,CASE073,221,233,Deepak Arora,PERSON,P0242
NER0359,WITNESS_CASE073_1,CASE073,48,60,Deepak Arora,PERSON,P0242
NER0360,WITNESS_CASE073_1,CASE073,76,109,Transport Nagar Industrial Estate,LOCATION,LOC0042
NER0361,FIR_FIR0075,CASE074,84,96,Swati Khanna,PERSON,P0056
NER0362,FIR_FIR0075,CASE074,172,185,KO-18-AJ-0015,VEHICLE,VEH0015
NER0363,FIR_FIR0075,CASE074,204,236,Commercial Block B Public Ground,LOCATION,LOC0271
NER0364,WITNESS_CASE074_1,CASE074,48,60,Swati Khanna,PERSON,P0056
NER0365,WITNESS_CASE074_1,CASE074,76,108,Commercial Block B Public Ground,LOCATION,LOC0271
NER0366,FIR_FIR0076,CASE075,37,47,2026-02-22,DATE,
NER0367,FIR_FIR0076,CASE075,221,234,Manish Bhatia,PERSON,P0318
NER0368,WITNESS_CASE075_1,CASE075,77,90,Manish Bhatia,PERSON,P0318
NER0369,WITNESS_CASE075_1,CASE075,96,131,New Township Sector 58 Trade Centre,LOCATION,LOC0092
NER0370,FIR_FIR0077,CASE076,67,98,Bansal & Sons Logistics Pvt Ltd,ORG,ORG0028
NER0371,FIR_FIR0077,CASE076,120,130,2026-04-27,DATE,
NER0372,FIR_FIR0077,CASE076,135,145,2026-04-30,DATE,
NER0373,FIR_FIR0077,CASE076,216,228,Rohit Kapoor,PERSON,P0559
NER0374,FIR_FIR0077,CASE076,254,283,Commercial Block B Apartments,LOCATION,LOC0193
NER0375,WITNESS_CASE076_1,CASE076,76,105,Commercial Block B Apartments,LOCATION,LOC0193
NER0376,FIR_FIR0078,CASE077,37,47,2025-07-22,DATE,
NER0377,FIR_FIR0078,CASE077,221,233,Rohan Sharma,PERSON,P0775
NER0378,WITNESS_CASE077_1,CASE077,97,109,Rohan Sharma,PERSON,P0775
NER0379,FIR_FIR0079,CASE078,67,89,Sethi Finance Services,ORG,ORG0142
NER0380,FIR_FIR0079,CASE078,111,121,2026-07-08,DATE,
NER0381,FIR_FIR0079,CASE078,126,136,2026-07-11,DATE,
NER0382,FIR_FIR0079,CASE078,207,218,Yash Grover,PERSON,P0092
NER0383,FIR_FIR0079,CASE078,244,290,Phase 27 Industrial Estate Multi-level Parking,LOCATION,LOC0018
NER0384,WITNESS_CASE078_1,CASE078,48,59,Yash Grover,PERSON,P0092
NER0385,WITNESS_CASE078_1,CASE078,75,121,Phase 27 Industrial Estate Multi-level Parking,LOCATION,LOC0018
NER0386,FIR_FIR0080,CASE079,37,47,2025-12-03,DATE,
NER0387,FIR_FIR0080,CASE079,221,233,Kirti Bhalla,PERSON,P0139
NER0388,WITNESS_CASE079_1,CASE079,48,60,Kirti Bhalla,PERSON,P0139
NER0389,WITNESS_CASE079_1,CASE079,76,98,Transport Nagar Market,LOCATION,LOC0204
NER0390,FIR_FIR0081,CASE080,67,95,Arora Group Finance Services,ORG,ORG0070
NER0391,FIR_FIR0081,CASE080,117,127,2025-10-17,DATE,
NER0392,FIR_FIR0081,CASE080,132,142,2025-10-20,DATE,
NER0393,FIR_FIR0081,CASE080,213,225,Ashok Kapoor,PERSON,P0423
NER0394,FIR_FIR0081,CASE080,251,278,Civil Lines Railway Station,LOCATION,LOC0041
NER0395,WITNESS_CASE080_1,CASE080,77,89,Ashok Kapoor,PERSON,P0423
NER0396,WITNESS_CASE080_1,CASE080,95,122,Civil Lines Railway Station,LOCATION,LOC0041
NER0397,FIR_FIR0082,CASE081,84,95,Divya Arora,PERSON,P0548
NER0398,FIR_FIR0082,CASE081,171,184,HA-92-PB-0027,VEHICLE,VEH0027
NER0399,FIR_FIR0082,CASE081,203,222,Transport Nagar Inn,LOCATION,LOC0057
NER0400,WITNESS_CASE081_1,CASE081,48,59,Divya Arora,PERSON,P0548
NER0401,WITNESS_CASE081_1,CASE081,75,94,Transport Nagar Inn,LOCATION,LOC0057
NER0402,FIR_FIR0083,CASE082,37,47,2025-09-22,DATE,
NER0403,FIR_FIR0083,CASE082,221,234,Anjali Mishra,PERSON,P0107
NER0404,WITNESS_CASE082_1,CASE082,97,110,Anjali Mishra,PERSON,P0107
NER0405,FIR_FIR0085,CASE083,67,100,Reddy Group Constructions Pvt Ltd,ORG,ORG0014
NER0406,FIR_FIR0085,CASE083,122,132,2026-07-01,DATE,
NER0407,FIR_FIR0085,CASE083,137,147,2026-07-04,DATE,
NER0408,FIR_FIR0085,CASE083,218,226,R. Sethi,PERSON,P0435
NER0409,FIR_FIR0085,CASE083,252,288,Phase 19 Industrial Estate Residency,LOCATION,LOC0054
NER0410,WITNESS_CASE083_1,CASE083,97,105,R. Sethi,PERSON,P0435
NER0411,FIR_FIR0086,CASE084,37,47,2026-06-02,DATE,
NER0412,FIR_FIR0086,CASE084,221,233,Radha Sharma,PERSON,P0255
NER0413,WITNESS_CASE084_1,CASE084,97,109,Radha Sharma,PERSON,P0255
NER0414,FIR_FIR0087,CASE085,67,100,Aggarwal Group Transport Services,ORG,ORG0001
NER0415,FIR_FIR0087,CASE085,122,132,2026-05-26,DATE,
NER0416,FIR_FIR0087,CASE085,137,147,2026-05-29,DATE,
NER0417,FIR_FIR0087,CASE085,218,229,Rohan Rawat,PERSON,P0605
NER0418,FIR_FIR0087,CASE085,255,290,Old City Market Multi-level Parking,LOCATION,LOC0051
NER0419,WITNESS_CASE085_1,CASE085,97,108,Rohan Rawat,PERSON,P0605
NER0420,FIR_FIR0088,CASE086,37,47,2026-01-31,DATE,
NER0421,FIR_FIR0088,CASE086,221,233,Meera Grover,PERSON,P0245
NER0422,WITNESS_CASE086_1,CASE086,97,109,Meera Grover,PERSON,P0245
NER0423,FIR_FIR0089,CASE087,37,47,2025-12-09,DATE,
NER0424,FIR_FIR0089,CASE087,221,232,Bhavna Nair,PERSON,P0826
NER0425,WITNESS_CASE087_1,CASE087,48,59,Bhavna Nair,PERSON,P0826
NER0426,WITNESS_CASE087_1,CASE087,75,112,Model Town Block B Commercial Complex,LOCATION,LOC0113
NER0427,FIR_FIR0090,CASE088,37,47,2025-06-27,DATE,
NER0428,FIR_FIR0090,CASE088,221,232,Aarti Reddy,PERSON,P0187
NER0429,WITNESS_CASE088_1,CASE088,48,56,Aarti R.,PERSON,P0187
NER0430,WITNESS_CASE088_1,CASE088,72,106,Transport Nagar Commercial Complex,LOCATION,LOC0237
NER0431,FIR_FIR0091,CASE089,84,95,Kirti Verma,PERSON,P0513
NER0432,FIR_FIR0091,CASE089,171,184,BH-20-ZL-0106,VEHICLE,VEH0106
NER0433,FIR_FIR0091,CASE089,203,225,Old City Market Market,LOCATION,LOC0031
NER0434,WITNESS_CASE089_1,CASE089,48,59,Kirti Verma,PERSON,P0513
NER0435,WITNESS_CASE089_1,CASE089,75,97,Old City Market Market,LOCATION,LOC0031
NER0436,FIR_FIR0092,CASE090,37,47,2026-04-21,DATE,
NER0437,FIR_FIR0092,CASE090,221,233,Priya Saxena,PERSON,P0623
NER0438,WITNESS_CASE090_1,CASE090,48,60,Priya Saxena,PERSON,P0623
NER0439,WITNESS_CASE090_1,CASE090,76,100,Commercial Block B Dhaba,LOCATION,LOC0188
NER0440,FIR_FIR0093,CASE091,37,47,2026-01-13,DATE,
NER0441,FIR_FIR0093,CASE091,221,233,Radha Chawla,PERSON,P0095
NER0442,WITNESS_CASE091_1,CASE091,48,60,Radha Chawla,PERSON,P0095
NER0443,WITNESS_CASE091_1,CASE091,76,105,Commercial Block B Apartments,LOCATION,LOC0193
NER0444,FIR_FIR0095,CASE092,37,47,2025-10-28,DATE,
NER0445,FIR_FIR0095,CASE092,221,233,Vikram Arora,PERSON,P0980
NER0446,WITNESS_CASE092_1,CASE092,97,109,Vikram Arora,PERSON,P0980
NER0447,FIR_FIR0096,CASE093,84,96,Nikhil Kohli,PERSON,P0261
NER0448,FIR_FIR0096,CASE093,172,185,BE-77-PY-0116,VEHICLE,VEH0116
NER0449,FIR_FIR0096,CASE093,204,246,Phase 37 Industrial Estate Housing Complex,LOCATION,LOC0149
NER0450,WITNESS_CASE093_1,CASE093,48,60,Nikhil Kohli,PERSON,P0261
NER0451,WITNESS_CASE093_1,CASE093,76,118,Phase 37 Industrial Estate Housing Complex,LOCATION,LOC0149
NER0452,FIR_FIR0097,CASE094,84,96,Kavya Pandey,PERSON,P0502
NER0453,FIR_FIR0097,CASE094,172,185,CH-24-MQ-0156,VEHICLE,VEH0156
NER0454,FIR_FIR0097,CASE094,204,226,Old City Market Market,LOCATION,LOC0031
NER0455,WITNESS_CASE094_1,CASE094,97,109,Kavya Pandey,PERSON,P0502
NER0456,FIR_FIR0098,CASE095,67,89,Reddy Group Trading Co,ORG,ORG0107
NER0457,FIR_FIR0098,CASE095,111,121,2026-07-17,DATE,
NER0458,FIR_FIR0098,CASE095,126,136,2026-07-20,DATE,
NER0459,FIR_FIR0098,CASE095,207,219,Priya Pandey,PERSON,P0682
NER0460,FIR_FIR0098,CASE095,245,282,New Township Sector 54 Warehouse Zone,LOCATION,LOC0040
NER0461,WITNESS_CASE095_1,CASE095,76,113,New Township Sector 54 Warehouse Zone,LOCATION,LOC0040
NER0462,FIR_FIR0099,CASE096,37,47,2026-01-17,DATE,
NER0463,FIR_FIR0099,CASE096,221,233,Manju Grover,PERSON,P0331
NER0464,WITNESS_CASE096_1,CASE096,48,60,Manju Grover,PERSON,P0331
NER0465,WITNESS_CASE096_1,CASE096,76,106,Civil Lines Commercial Complex,LOCATION,LOC0245
NER0466,FIR_FIR0100,CASE097,84,90,"""Raju""",PERSON,P0664
NER0467,FIR_FIR0100,CASE097,166,179,KO-78-JG-0285,VEHICLE,VEH0285
NER0468,FIR_FIR0100,CASE097,198,234,Model Town Block A Family Restaurant,LOCATION,LOC0289
NER0469,WITNESS_CASE097_1,CASE097,97,103,"""Raju""",PERSON,P0664
NER0470,FIR_FIR0101,CASE098,84,96,Aakash Singh,PERSON,P0103
NER0471,FIR_FIR0101,CASE098,172,185,SU-31-ZI-0084,VEHICLE,VEH0084
NER0472,FIR_FIR0101,CASE098,204,231,Civil Lines Railway Station,LOCATION,LOC0041
NER0473,WITNESS_CASE098_1,CASE098,77,89,Aakash Singh,PERSON,P0103
NER0474,WITNESS_CASE098_1,CASE098,95,122,Civil Lines Railway Station,LOCATION,LOC0041
NER0475,FIR_FIR0102,CASE099,67,95,Choudhary Transport Services,ORG,ORG0025
NER0476,FIR_FIR0102,CASE099,117,127,2026-06-15,DATE,
NER0477,FIR_FIR0102,CASE099,132,142,2026-06-18,DATE,
NER0478,FIR_FIR0102,CASE099,213,226,Nikhil Bansal,PERSON,P0935
NER0479,FIR_FIR0102,CASE099,252,281,Railway Colony Public Parking,LOCATION,LOC0138
NER0480,WITNESS_CASE099_1,CASE099,77,90,Nikhil Bansal,PERSON,P0935
NER0481,WITNESS_CASE099_1,CASE099,96,125,Railway Colony Public Parking,LOCATION,LOC0138
NER0482,FIR_FIR0103,CASE100,67,90,Bhatia Group Trading Co,ORG,ORG0109
NER0483,FIR_FIR0103,CASE100,112,122,2026-05-25,DATE,
NER0484,FIR_FIR0103,CASE100,127,137,2026-05-28,DATE,
NER0485,FIR_FIR0103,CASE100,208,221,Meera Rathore,PERSON,P0478
NER0486,FIR_FIR0103,CASE100,247,274,Civil Lines Corporate Plaza,LOCATION,LOC0077
NER0487,WITNESS_CASE100_1,CASE100,77,90,Meera Rathore,PERSON,P0478
NER0488,WITNESS_CASE100_1,CASE100,96,123,Civil Lines Corporate Plaza,LOCATION,LOC0077
