case_id,person_id,true_role
CASE001,P0981,Coordinator
CASE001,P0520,Financial Intermediary
CASE001,P0607,False Lead
CASE001,P0236,False Lead
CASE001,P0038,False Lead
CASE001,P0536,Recruiter
CASE001,P0624,Unrelated Person
CASE001,P0144,Vehicle Provider
CASE001,P0887,Operational Member
CASE001,P0201,Operational Member
CASE001,P0914,Unrelated Person
CASE001,P0469,Recruiter
CASE001,P0163,Vehicle Provider
CASE001,P0019,Operational Member
CASE001,P0635,Operational Member
CASE001,P0745,Vehicle Provider
CASE001,P0107,Unrelated Person
CASE001,P0076,Associate
CASE001,P0270,Communicator
CASE001,P0493,Associate
CASE001,P0824,Communicator
CASE001,P0980,Document Handler
CASE001,P0013,Communicator
CASE001,P0269,Vehicle Provider
CASE001,P0867,Operational Member
CASE001,P0344,Associate
CASE001,P0172,Logistics Coordinator
CASE001,P0508,Logistics Coordinator
CASE001,P0119,Operational Member
CASE001,P0212,Operational Member
CASE001,P0338,Communicator
CASE001,P0083,Communicator
CASE001,P0286,Logistics Coordinator
CASE001,P0321,Vehicle Provider
CASE001,P0861,Recruiter
CASE001,P0967,Associate
CASE001,P0475,Communicator
CASE001,P0907,Document Handler
CASE001,P0006,Communicator
CASE002,P0905,Coordinator
CASE002,P0555,Financial Intermediary
CASE002,P0904,False Lead
CASE002,P0665,False Lead
CASE002,P0552,False Lead
CASE002,P0017,Logistics Coordinator
CASE002,P0029,Operational Member
CASE002,P0417,Document Handler
CASE002,P0082,Unrelated Person
CASE002,P0925,Associate
CASE002,P0920,Vehicle Provider
CASE002,P0325,Operational Member
CASE002,P0917,Logistics Coordinator
CASE002,P0060,Associate
CASE002,P0063,Recruiter
CASE002,P0919,Logistics Coordinator
CASE002,P0524,Document Handler
CASE002,P0677,Associate
CASE002,P0730,Associate
CASE002,P0003,Logistics Coordinator
CASE002,P0320,Communicator
CASE002,P0125,Communicator
CASE002,P0916,Unrelated Person
CASE002,P0844,Logistics Coordinator
CASE002,P0964,Unrelated Person
CASE002,P0949,Unrelated Person
CASE002,P0049,Document Handler
CASE002,P0773,Document Handler
CASE002,P0234,Recruiter
CASE002,P0663,Associate
CASE002,P0182,Logistics Coordinator
CASE003,P0037,Coordinator
CASE003,P0217,Financial Intermediary
CASE003,P1000,False Lead
CASE003,P0154,Recruiter
CASE003,P0605,Logistics Coordinator
CASE003,P0990,Vehicle Provider
CASE003,P0423,Communicator
CASE003,P0019,Unrelated Person
CASE003,P0539,Recruiter
CASE003,P0584,Vehicle Provider
CASE003,P0001,Logistics Coordinator
CASE003,P0894,Communicator
CASE003,P0351,Associate
CASE003,P0421,Unrelated Person
CASE003,P0173,Document Handler
CASE003,P0523,Operational Member
CASE003,P0607,Operational Member
CASE003,P0784,Communicator
CASE004,P0662,Coordinator
CASE004,P0595,Financial Intermediary
CASE004,P0307,False Lead
CASE004,P0257,Logistics Coordinator
CASE004,P0726,Logistics Coordinator
CASE004,P0841,Communicator
CASE004,P0976,Communicator
CASE004,P0081,Communicator
CASE004,P0179,Recruiter
CASE004,P0792,Document Handler
CASE004,P0775,Logistics Coordinator
CASE004,P0964,Logistics Coordinator
CASE005,P0509,Coordinator
CASE005,P0765,Financial Intermediary
CASE005,P0327,False Lead
CASE005,P0639,Communicator
CASE005,P0450,Associate
CASE005,P0705,Vehicle Provider
CASE005,P0414,Unrelated Person
CASE005,P0432,Document Handler
CASE005,P0782,Logistics Coordinator
CASE005,P0093,Vehicle Provider
CASE005,P0622,Logistics Coordinator
CASE006,P0575,Coordinator
CASE006,P0036,Financial Intermediary
CASE006,P0095,False Lead
CASE007,P0207,Coordinator
CASE007,P0303,Financial Intermediary
CASE007,P0586,False Lead
CASE007,P0158,Bridge / Communicator
CASE007,P0918,Communicator
CASE007,P0267,Operational Member
CASE007,P0584,Associate
CASE007,P0053,Vehicle Provider
CASE008,P0922,Coordinator
CASE008,P0913,Financial Intermediary
CASE008,P0229,False Lead
CASE008,P0788,False Lead
CASE008,P0667,False Lead
CASE008,P0408,False Lead
CASE008,P0505,False Lead
CASE008,P0043,False Lead
CASE008,P0085,False Lead
CASE008,P0220,Associate
CASE008,P0004,Associate
CASE008,P0066,Associate
CASE008,P0414,Vehicle Provider
CASE008,P0954,Unrelated Person
CASE008,P0722,Logistics Coordinator
CASE008,P0463,Operational Member
CASE008,P0945,Communicator
CASE008,P0662,Operational Member
CASE008,P0298,Vehicle Provider
CASE008,P0876,Communicator
CASE008,P0941,Operational Member
CASE008,P0593,Vehicle Provider
CASE008,P0885,Associate
CASE008,P0459,Vehicle Provider
CASE008,P0736,Unrelated Person
CASE008,P0218,Document Handler
CASE008,P0108,Operational Member
CASE008,P0377,Associate
CASE008,P0844,Recruiter
CASE008,P0490,Communicator
CASE008,P0205,Operational Member
CASE008,P0351,Vehicle Provider
CASE008,P0135,Recruiter
CASE008,P0001,Document Handler
CASE008,P0902,Vehicle Provider
CASE008,P0926,Communicator
CASE008,P0154,Logistics Coordinator
CASE008,P0966,Associate
CASE008,P0763,Recruiter
CASE008,P0195,Vehicle Provider
CASE008,P0447,Vehicle Provider
CASE008,P0470,Logistics Coordinator
CASE008,P0188,Document Handler
CASE008,P0806,Recruiter
CASE008,P0774,Vehicle Provider
CASE008,P0023,Vehicle Provider
CASE008,P0555,Vehicle Provider
CASE008,P0996,Logistics Coordinator
CASE008,P0661,Operational Member
CASE008,P0760,Vehicle Provider
CASE008,P0212,Recruiter
CASE008,P0746,Vehicle Provider
CASE008,P0333,Unrelated Person
CASE008,P0669,Logistics Coordinator
CASE008,P0908,Document Handler
CASE008,P0777,Unrelated Person
CASE008,P0528,Vehicle Provider
CASE008,P0586,Recruiter
CASE008,P0451,Logistics Coordinator
CASE008,P0617,Unrelated Person
CASE008,P0318,Associate
CASE008,P0035,Operational Member
CASE008,P0674,Vehicle Provider
CASE008,P0375,Document Handler
CASE008,P0148,Vehicle Provider
CASE008,P0860,Unrelated Person
CASE008,P0964,Associate
CASE008,P0424,Communicator
CASE008,P0289,Operational Member
CASE008,P0293,Communicator
CASE008,P0805,Associate
CASE008,P0049,Operational Member
CASE008,P0301,Communicator
CASE008,P0171,Associate
CASE009,P0763,Coordinator
CASE009,P0399,Financial Intermediary
CASE009,P0029,False Lead
CASE009,P0440,False Lead
CASE009,P0008,False Lead
CASE009,P0798,False Lead
CASE009,P0083,False Lead
CASE009,P0247,False Lead
CASE009,P0228,False Lead
CASE009,P0967,Associate
CASE009,P0979,Recruiter
CASE009,P0013,Recruiter
CASE009,P0351,Vehicle Provider
CASE009,P0838,Logistics Coordinator
CASE009,P0016,Operational Member
CASE009,P0472,Document Handler
CASE009,P0529,Recruiter
CASE009,P0137,Unrelated Person
CASE009,P0141,Recruiter
CASE009,P0858,Associate
CASE009,P0012,Recruiter
CASE009,P0871,Document Handler
CASE009,P0055,Unrelated Person
CASE009,P0725,Logistics Coordinator
CASE009,P0208,Operational Member
CASE009,P0124,Logistics Coordinator
CASE009,P0430,Logistics Coordinator
CASE009,P0547,Unrelated Person
CASE009,P0225,Logistics Coordinator
CASE009,P0125,Operational Member
CASE009,P0670,Operational Member
CASE009,P0340,Vehicle Provider
CASE009,P0282,Associate
CASE009,P0374,Communicator
CASE009,P0517,Vehicle Provider
CASE009,P0814,Logistics Coordinator
CASE009,P0599,Communicator
CASE009,P0905,Unrelated Person
CASE009,P0426,Recruiter
CASE009,P0380,Associate
CASE009,P0103,Recruiter
CASE009,P0964,Vehicle Provider
CASE009,P0076,Recruiter
CASE009,P0315,Vehicle Provider
CASE009,P0255,Operational Member
CASE009,P0740,Communicator
CASE009,P0505,Associate
CASE009,P0332,Recruiter
CASE009,P0445,Associate
CASE009,P0140,Operational Member
CASE009,P0400,Communicator
CASE009,P0886,Operational Member
CASE009,P0538,Logistics Coordinator
CASE009,P0164,Unrelated Person
CASE009,P0709,Document Handler
CASE009,P0397,Associate
CASE009,P0248,Associate
CASE009,P0609,Operational Member
CASE009,P0436,Associate
CASE009,P0200,Communicator
CASE009,P0133,Logistics Coordinator
CASE009,P0567,Recruiter
CASE009,P0323,Communicator
CASE009,P0755,Document Handler
CASE009,P0041,Vehicle Provider
CASE009,P0250,Recruiter
CASE009,P0826,Logistics Coordinator
CASE009,P0840,Logistics Coordinator
CASE009,P0990,Unrelated Person
CASE009,P0421,Recruiter
CASE009,P0787,Document Handler
CASE009,P0376,Recruiter
CASE009,P0572,Associate
CASE009,P0651,Document Handler
CASE009,P0153,Associate
CASE009,P0658,Unrelated Person
CASE009,P0294,Recruiter
CASE009,P0861,Logistics Coordinator
CASE009,P0827,Communicator
CASE010,P0288,Coordinator
CASE010,P0534,Financial Intermediary
CASE010,P0440,False Lead
CASE010,P0746,False Lead
CASE010,P0141,False Lead
CASE010,P0960,False Lead
CASE010,P0978,Recruiter
CASE010,P0730,Logistics Coordinator
CASE010,P0231,Associate
CASE010,P0794,Recruiter
CASE010,P0353,Associate
CASE010,P0210,Associate
CASE010,P0006,Vehicle Provider
CASE010,P0720,Associate
CASE010,P0815,Vehicle Provider
CASE010,P0694,Associate
CASE010,P0319,Operational Member
CASE010,P0129,Logistics Coordinator
CASE010,P0510,Vehicle Provider
CASE010,P0967,Unrelated Person
CASE010,P0486,Document Handler
CASE010,P0061,Vehicle Provider
CASE010,P0124,Logistics Coordinator
CASE010,P0809,Logistics Coordinator
CASE010,P0159,Unrelated Person
CASE010,P0506,Communicator
CASE010,P0814,Operational Member
CASE010,P0436,Document Handler
CASE010,P0499,Recruiter
CASE010,P0832,Logistics Coordinator
CASE010,P0076,Operational Member
CASE010,P0594,Document Handler
CASE010,P0428,Operational Member
CASE010,P0280,Logistics Coordinator
CASE010,P0144,Logistics Coordinator
CASE010,P0999,Document Handler
CASE010,P0983,Unrelated Person
CASE010,P0939,Logistics Coordinator
CASE010,P0028,Unrelated Person
CASE010,P0830,Associate
CASE010,P0085,Vehicle Provider
CASE010,P0416,Recruiter
CASE010,P0840,Unrelated Person
CASE010,P0807,Vehicle Provider
CASE010,P0565,Communicator
CASE010,P0904,Recruiter
CASE011,P0649,Coordinator
CASE011,P0510,Financial Intermediary
CASE011,P0437,False Lead
CASE011,P0137,Communicator
CASE011,P0361,Document Handler
CASE011,P0705,Logistics Coordinator
CASE011,P0402,Communicator
CASE011,P0842,Communicator
CASE011,P0549,Associate
CASE011,P0587,Operational Member
CASE011,P0794,Document Handler
CASE011,P0416,Logistics Coordinator
CASE011,P0034,Associate
CASE012,P0174,Coordinator
CASE012,P0927,Financial Intermediary
CASE012,P0096,False Lead
CASE012,P0235,Unrelated Person
CASE012,P0670,Vehicle Provider
CASE012,P0715,Vehicle Provider
CASE012,P0637,Recruiter
CASE012,P0257,Recruiter
CASE013,P0196,Coordinator
CASE013,P0325,Financial Intermediary
CASE013,P0759,False Lead
CASE013,P0309,Document Handler
CASE013,P0383,Associate
CASE013,P0344,Recruiter
CASE013,P0443,Unrelated Person
CASE013,P0517,Operational Member
CASE014,P0454,Coordinator
CASE014,P0801,Financial Intermediary
CASE014,P0807,False Lead
CASE014,P0843,False Lead
CASE014,P0233,Operational Member
CASE014,P0754,Unrelated Person
CASE014,P0842,Logistics Coordinator
CASE014,P0026,Communicator
CASE014,P0234,Logistics Coordinator
CASE014,P0666,Communicator
CASE014,P0610,Operational Member
CASE014,P0332,Logistics Coordinator
CASE014,P0889,Recruiter
CASE014,P0703,Associate
CASE014,P0643,Logistics Coordinator
CASE014,P0414,Communicator
CASE014,P0861,Communicator
CASE014,P0266,Unrelated Person
CASE014,P0627,Operational Member
CASE014,P0342,Recruiter
CASE014,P0168,Unrelated Person
CASE014,P0697,Communicator
CASE014,P0171,Vehicle Provider
CASE014,P0001,Communicator
CASE014,P0691,Unrelated Person
CASE014,P0116,Recruiter
CASE014,P0616,Operational Member
CASE014,P0449,Document Handler
CASE014,P0502,Operational Member
CASE015,P0930,Coordinator
CASE015,P0261,Financial Intermediary
CASE015,P0611,False Lead
CASE015,P0587,Logistics Coordinator
CASE015,P0046,Recruiter
CASE016,P0486,Coordinator
CASE016,P0704,Financial Intermediary
CASE016,P0547,False Lead
CASE016,P0343,False Lead
CASE016,P0452,False Lead
CASE016,P0730,False Lead
CASE016,P0099,Vehicle Provider
CASE016,P0130,Recruiter
CASE016,P0550,Operational Member
CASE016,P0979,Operational Member
CASE016,P0591,Logistics Coordinator
CASE016,P0319,Vehicle Provider
CASE016,P0566,Logistics Coordinator
CASE016,P0926,Operational Member
CASE016,P0875,Operational Member
CASE016,P0962,Vehicle Provider
CASE016,P0861,Associate
CASE016,P0859,Associate
CASE016,P0801,Associate
CASE016,P0913,Communicator
CASE016,P0729,Operational Member
CASE016,P0355,Document Handler
CASE016,P0092,Operational Member
CASE016,P0826,Operational Member
CASE016,P0737,Unrelated Person
CASE016,P0521,Logistics Coordinator
CASE016,P0786,Associate
CASE016,P0909,Unrelated Person
CASE016,P0029,Unrelated Person
CASE016,P0150,Logistics Coordinator
CASE016,P0189,Operational Member
CASE016,P0384,Associate
CASE016,P0002,Operational Member
CASE016,P0906,Operational Member
CASE016,P0534,Recruiter
CASE016,P0489,Associate
CASE016,P0889,Associate
CASE016,P0447,Operational Member
CASE016,P0956,Unrelated Person
CASE016,P0210,Associate
CASE016,P0829,Associate
CASE016,P0076,Communicator
CASE016,P0732,Recruiter
CASE016,P0032,Document Handler
CASE017,P0186,Coordinator
CASE017,P0723,Financial Intermediary
CASE017,P0026,False Lead
CASE017,P0870,False Lead
CASE017,P0511,False Lead
CASE017,P0219,False Lead
CASE017,P0695,Operational Member
CASE017,P0727,Vehicle Provider
CASE017,P0139,Document Handler
CASE017,P0862,Vehicle Provider
CASE017,P0318,Operational Member
CASE017,P0624,Vehicle Provider
CASE017,P0313,Communicator
CASE017,P0730,Recruiter
CASE017,P0579,Communicator
CASE017,P1000,Logistics Coordinator
CASE017,P0600,Recruiter
CASE017,P0450,Associate
CASE017,P0196,Recruiter
CASE017,P0359,Logistics Coordinator
CASE017,P0397,Document Handler
CASE017,P0953,Logistics Coordinator
CASE017,P0463,Communicator
CASE017,P0404,Vehicle Provider
CASE017,P0693,Unrelated Person
CASE017,P0748,Associate
CASE017,P0728,Logistics Coordinator
CASE017,P0029,Document Handler
CASE017,P0198,Logistics Coordinator
CASE017,P0970,Communicator
CASE017,P0356,Unrelated Person
CASE017,P0009,Document Handler
CASE017,P0775,Logistics Coordinator
CASE017,P0520,Operational Member
CASE017,P0043,Operational Member
CASE017,P0785,Associate
CASE017,P0456,Vehicle Provider
CASE017,P0806,Associate
CASE017,P0249,Logistics Coordinator
CASE017,P0287,Vehicle Provider
CASE017,P0550,Operational Member
CASE017,P0178,Unrelated Person
CASE017,P0814,Recruiter
CASE017,P0307,Recruiter
CASE018,P0772,Coordinator
CASE018,P0613,Financial Intermediary
CASE018,P0273,False Lead
CASE018,P0596,False Lead
CASE018,P0986,False Lead
CASE018,P0448,False Lead
CASE018,P0930,False Lead
CASE018,P0970,Communicator
CASE018,P0664,Communicator
CASE018,P0103,Communicator
CASE018,P0021,Vehicle Provider
CASE018,P0810,Unrelated Person
CASE018,P0728,Associate
CASE018,P0893,Vehicle Provider
CASE018,P0148,Vehicle Provider
CASE018,P0663,Document Handler
CASE018,P0732,Operational Member
CASE018,P0355,Associate
CASE018,P0552,Recruiter
CASE018,P0239,Document Handler
CASE018,P0277,Document Handler
CASE018,P0589,Operational Member
CASE018,P0585,Communicator
CASE018,P0120,Logistics Coordinator
CASE018,P0745,Vehicle Provider
CASE018,P0326,Vehicle Provider
CASE018,P0778,Recruiter
CASE018,P0535,Recruiter
CASE018,P0757,Communicator
CASE018,P0921,Document Handler
CASE018,P0924,Unrelated Person
CASE018,P0036,Recruiter
CASE018,P0248,Operational Member
CASE018,P0786,Communicator
CASE018,P0789,Associate
CASE018,P0918,Recruiter
CASE018,P0219,Operational Member
CASE018,P0673,Logistics Coordinator
CASE018,P0680,Unrelated Person
CASE018,P0393,Vehicle Provider
CASE018,P0012,Recruiter
CASE018,P0991,Logistics Coordinator
CASE018,P0776,Vehicle Provider
CASE018,P0665,Operational Member
CASE018,P0931,Associate
CASE018,P0246,Vehicle Provider
CASE018,P0005,Associate
CASE018,P0531,Document Handler
CASE018,P0466,Associate
CASE018,P0584,Associate
CASE018,P0163,Communicator
CASE018,P0746,Document Handler
CASE018,P0168,Vehicle Provider
CASE018,P0854,Document Handler
CASE019,P0888,Coordinator
CASE019,P0333,Financial Intermediary
CASE019,P0894,False Lead
CASE019,P0528,False Lead
CASE019,P0587,False Lead
CASE019,P0635,False Lead
CASE019,P0270,False Lead
CASE019,P0625,Bridge / Communicator
CASE019,P0406,Associate
CASE019,P0538,Logistics Coordinator
CASE019,P0283,Recruiter
CASE019,P0215,Unrelated Person
CASE019,P0498,Unrelated Person
CASE019,P0354,Logistics Coordinator
CASE019,P0772,Operational Member
CASE019,P0222,Operational Member
CASE019,P0547,Vehicle Provider
CASE019,P0257,Recruiter
CASE019,P0816,Vehicle Provider
CASE019,P0723,Logistics Coordinator
CASE019,P0242,Recruiter
CASE019,P0722,Communicator
CASE019,P0431,Operational Member
CASE019,P0458,Associate
CASE019,P0929,Recruiter
CASE019,P0404,Vehicle Provider
CASE019,P0052,Communicator
CASE019,P0228,Associate
CASE019,P0050,Communicator
CASE019,P0613,Associate
CASE019,P0582,Operational Member
CASE019,P0710,Recruiter
CASE019,P0703,Communicator
CASE019,P0998,Document Handler
CASE019,P0313,Operational Member
CASE019,P0759,Vehicle Provider
CASE019,P0741,Communicator
CASE019,P0933,Document Handler
CASE019,P0762,Logistics Coordinator
CASE019,P0734,Communicator
CASE019,P0777,Operational Member
CASE019,P0912,Unrelated Person
CASE019,P0295,Vehicle Provider
CASE019,P0438,Document Handler
CASE019,P0850,Unrelated Person
CASE019,P0990,Communicator
CASE019,P0687,Unrelated Person
CASE019,P0755,Logistics Coordinator
CASE019,P0733,Associate
CASE019,P0107,Unrelated Person
CASE019,P0823,Communicator
CASE019,P0532,Communicator
CASE019,P0463,Unrelated Person
CASE019,P0343,Associate
CASE019,P0291,Recruiter
CASE019,P0062,Unrelated Person
CASE019,P0649,Operational Member
CASE019,P0407,Vehicle Provider
CASE020,P0985,Coordinator
CASE020,P0820,Financial Intermediary
CASE020,P0572,False Lead
CASE020,P0023,False Lead
CASE020,P0826,False Lead
CASE020,P0494,False Lead
CASE020,P0038,False Lead
CASE020,P0674,False Lead
CASE020,P0543,False Lead
CASE020,P0850,Operational Member
CASE020,P0541,Communicator
CASE020,P0435,Operational Member
CASE020,P0565,Logistics Coordinator
CASE020,P0911,Unrelated Person
CASE020,P0714,Recruiter
CASE020,P0693,Associate
CASE020,P0951,Communicator
CASE020,P0273,Communicator
CASE020,P0065,Recruiter
CASE020,P0132,Vehicle Provider
CASE020,P0443,Document Handler
CASE020,P0214,Document Handler
CASE020,P0239,Vehicle Provider
CASE020,P1000,Document Handler
CASE020,P0041,Operational Member
CASE020,P0669,Logistics Coordinator
CASE020,P0206,Document Handler
CASE020,P0010,Document Handler
CASE020,P0817,Associate
CASE020,P0345,Vehicle Provider
CASE020,P0964,Communicator
CASE020,P0048,Recruiter
CASE020,P0763,Document Handler
CASE020,P0203,Document Handler
CASE020,P0397,Vehicle Provider
CASE020,P0789,Vehicle Provider
CASE020,P0950,Recruiter
CASE020,P0606,Communicator
CASE020,P0296,Recruiter
CASE020,P0487,Logistics Coordinator
CASE020,P0411,Unrelated Person
CASE020,P0949,Recruiter
CASE020,P0767,Communicator
CASE020,P0742,Operational Member
CASE020,P0975,Document Handler
CASE020,P0007,Unrelated Person
CASE020,P0502,Communicator
CASE020,P0191,Document Handler
CASE020,P0621,Document Handler
CASE020,P0930,Communicator
CASE020,P0125,Document Handler
CASE020,P0927,Logistics Coordinator
CASE020,P0707,Logistics Coordinator
CASE020,P0127,Communicator
CASE020,P0670,Associate
CASE020,P0842,Operational Member
CASE020,P0561,Associate
CASE020,P0195,Logistics Coordinator
CASE020,P0651,Associate
CASE020,P0066,Unrelated Person
CASE020,P0302,Document Handler
CASE020,P0255,Document Handler
CASE020,P0076,Recruiter
CASE020,P0406,Recruiter
CASE020,P0107,Operational Member
CASE020,P0448,Document Handler
CASE020,P0708,Unrelated Person
CASE020,P0802,Operational Member
CASE020,P0177,Logistics Coordinator
CASE020,P0071,Document Handler
CASE020,P0544,Recruiter
CASE020,P0620,Unrelated Person
CASE020,P0421,Recruiter
CASE020,P0907,Associate
CASE020,P0812,Associate
CASE021,P0801,Coordinator
CASE021,P0038,Financial Intermediary
CASE021,P0585,False Lead
CASE021,P0954,False Lead
CASE021,P0127,Recruiter
CASE021,P0113,Operational Member
CASE021,P0401,Communicator
CASE021,P0624,Recruiter
CASE021,P0591,Document Handler
CASE021,P0738,Associate
CASE021,P0328,Document Handler
CASE021,P0483,Logistics Coordinator
CASE021,P0132,Unrelated Person
CASE021,P0616,Recruiter
CASE021,P0431,Document Handler
CASE021,P0187,Operational Member
CASE021,P0922,Associate
CASE021,P0840,Document Handler
CASE021,P0090,Recruiter
CASE021,P0974,Logistics Coordinator
CASE021,P0938,Communicator
CASE021,P0942,Associate
CASE021,P0200,Communicator
CASE021,P0806,Unrelated Person
CASE021,P0763,Document Handler
CASE021,P0358,Logistics Coordinator
CASE022,P0875,Coordinator
CASE022,P0184,Financial Intermediary
CASE022,P0346,False Lead
CASE022,P0364,Associate
CASE022,P0277,Communicator
CASE022,P0498,Unrelated Person
CASE022,P0908,Associate
CASE022,P0504,Logistics Coordinator
CASE023,P0933,Coordinator
CASE023,P0760,Financial Intermediary
CASE023,P0060,False Lead
CASE023,P0191,False Lead
CASE023,P0084,False Lead
CASE023,P0101,False Lead
CASE023,P0334,False Lead
CASE023,P0431,False Lead
CASE023,P0992,False Lead
CASE023,P0892,Document Handler
CASE023,P0393,Recruiter
CASE023,P0246,Logistics Coordinator
CASE023,P0093,Logistics Coordinator
CASE023,P0536,Associate
CASE023,P0063,Unrelated Person
CASE023,P0678,Recruiter
CASE023,P0925,Document Handler
CASE023,P0624,Associate
CASE023,P0358,Recruiter
CASE023,P0315,Unrelated Person
CASE023,P0444,Communicator
CASE023,P0679,Communicator
CASE023,P0149,Vehicle Provider
CASE023,P0878,Communicator
CASE023,P0058,Logistics Coordinator
CASE023,P0434,Document Handler
CASE023,P0575,Associate
CASE023,P0915,Associate
CASE023,P0756,Unrelated Person
CASE023,P0048,Document Handler
CASE023,P0176,Unrelated Person
CASE023,P0346,Unrelated Person
CASE023,P0479,Document Handler
CASE023,P0182,Operational Member
CASE023,P0172,Communicator
CASE023,P0843,Operational Member
CASE023,P0245,Vehicle Provider
CASE023,P0596,Unrelated Person
CASE023,P0630,Communicator
CASE023,P0905,Unrelated Person
CASE023,P0081,Logistics Coordinator
CASE023,P0531,Associate
CASE023,P0714,Vehicle Provider
CASE023,P0857,Logistics Coordinator
CASE023,P0699,Operational Member
CASE023,P0024,Associate
CASE023,P0665,Operational Member
CASE023,P0526,Vehicle Provider
CASE023,P0303,Vehicle Provider
CASE023,P0123,Document Handler
CASE023,P0644,Vehicle Provider
CASE023,P0166,Vehicle Provider
CASE023,P0098,Logistics Coordinator
CASE023,P0380,Recruiter
CASE023,P0340,Recruiter
CASE023,P0397,Unrelated Person
CASE023,P0970,Document Handler
CASE023,P0386,Logistics Coordinator
CASE023,P0602,Operational Member
CASE023,P0914,Vehicle Provider
CASE023,P0518,Operational Member
CASE023,P0167,Associate
CASE023,P0208,Operational Member
CASE023,P0731,Unrelated Person
CASE023,P0594,Vehicle Provider
CASE023,P0898,Unrelated Person
CASE023,P0803,Recruiter
CASE023,P0522,Logistics Coordinator
CASE023,P0932,Operational Member
CASE023,P0675,Document Handler
CASE023,P0832,Operational Member
CASE023,P0827,Associate
CASE023,P0661,Logistics Coordinator
CASE023,P0552,Document Handler
CASE023,P0351,Document Handler
CASE023,P0629,Vehicle Provider
CASE023,P0353,Recruiter
CASE024,P0436,Coordinator
CASE024,P0429,Financial Intermediary
CASE024,P0352,False Lead
CASE024,P0364,False Lead
CASE024,P0565,False Lead
CASE024,P0878,False Lead
CASE024,P0404,False Lead
CASE024,P0967,False Lead
CASE024,P0787,False Lead
CASE024,P0236,Document Handler
CASE024,P0630,Document Handler
CASE024,P0162,Unrelated Person
CASE024,P0288,Logistics Coordinator
CASE024,P0366,Unrelated Person
CASE024,P0384,Operational Member
CASE024,P0544,Vehicle Provider
CASE024,P0212,Associate
CASE024,P0169,Document Handler
CASE024,P0070,Associate
CASE024,P0038,Operational Member
CASE024,P0318,Communicator
CASE024,P0882,Unrelated Person
CASE024,P0772,Document Handler
CASE024,P0206,Associate
CASE024,P0241,Logistics Coordinator
CASE024,P0482,Vehicle Provider
CASE024,P0263,Communicator
CASE024,P0684,Recruiter
CASE024,P0590,Operational Member
CASE024,P0666,Document Handler
CASE024,P0780,Associate
CASE024,P0221,Associate
CASE024,P0635,Operational Member
CASE024,P0960,Associate
CASE024,P0205,Communicator
CASE024,P0063,Logistics Coordinator
CASE024,P0266,Recruiter
CASE024,P0391,Communicator
CASE024,P0963,Vehicle Provider
CASE024,P0219,Logistics Coordinator
CASE024,P0250,Communicator
CASE024,P0249,Vehicle Provider
CASE024,P0297,Vehicle Provider
CASE024,P0337,Vehicle Provider
CASE024,P0885,Unrelated Person
CASE024,P0736,Document Handler
CASE024,P0865,Vehicle Provider
CASE024,P0824,Associate
CASE024,P0451,Recruiter
CASE024,P0529,Unrelated Person
CASE024,P0240,Associate
CASE024,P0491,Document Handler
CASE024,P0353,Communicator
CASE024,P0850,Associate
CASE024,P0806,Unrelated Person
CASE024,P0245,Logistics Coordinator
CASE024,P0557,Document Handler
CASE024,P0158,Document Handler
CASE024,P0310,Unrelated Person
CASE024,P0537,Associate
CASE024,P0421,Logistics Coordinator
CASE024,P0925,Associate
CASE024,P0903,Unrelated Person
CASE024,P0302,Unrelated Person
CASE024,P0223,Operational Member
CASE024,P0438,Document Handler
CASE024,P0155,Logistics Coordinator
CASE024,P0880,Communicator
CASE024,P0702,Associate
CASE024,P0182,Associate
CASE024,P0074,Associate
CASE024,P0778,Document Handler
CASE024,P0541,Recruiter
CASE024,P0387,Vehicle Provider
CASE024,P0422,Operational Member
CASE024,P0402,Operational Member
CASE024,P0731,Document Handler
CASE024,P0447,Document Handler
CASE024,P0328,Operational Member
CASE025,P0510,Coordinator
CASE025,P0603,Financial Intermediary
CASE025,P0751,False Lead
CASE025,P0625,Bridge / Communicator
CASE025,P0711,Document Handler
CASE025,P0223,Vehicle Provider
CASE025,P0550,Associate
CASE025,P0900,Associate
CASE026,P0689,Coordinator
CASE026,P0759,Financial Intermediary
CASE026,P0992,False Lead
CASE026,P0095,False Lead
CASE026,P0094,Bridge / Communicator
CASE026,P0734,Recruiter
CASE026,P0903,Vehicle Provider
CASE026,P0290,Logistics Coordinator
CASE026,P0069,Unrelated Person
CASE026,P0577,Operational Member
CASE026,P0162,Communicator
CASE026,P0034,Recruiter
CASE026,P0843,Vehicle Provider
CASE026,P0397,Operational Member
CASE026,P0187,Recruiter
CASE026,P0946,Document Handler
CASE026,P0473,Document Handler
CASE026,P0979,Communicator
CASE026,P0767,Communicator
CASE026,P0895,Operational Member
CASE026,P0431,Logistics Coordinator
CASE026,P0851,Vehicle Provider
CASE026,P0773,Document Handler
CASE026,P0394,Vehicle Provider
CASE026,P0153,Document Handler
CASE026,P0849,Recruiter
CASE026,P0883,Unrelated Person
CASE027,P0627,Coordinator
CASE027,P0126,Financial Intermediary
CASE027,P0899,False Lead
CASE027,P0995,False Lead
CASE027,P0586,False Lead
CASE027,P0158,Bridge / Communicator
CASE027,P0811,Operational Member
CASE027,P0937,Communicator
CASE027,P0203,Document Handler
CASE027,P0943,Communicator
CASE027,P0532,Recruiter
CASE027,P0292,Associate
CASE027,P0149,Vehicle Provider
CASE027,P0153,Logistics Coordinator
CASE027,P0547,Communicator
CASE027,P0068,Associate
CASE027,P0558,Unrelated Person
CASE027,P0688,Logistics Coordinator
CASE027,P0870,Associate
CASE027,P0327,Unrelated Person
CASE027,P0218,Associate
CASE027,P0823,Associate
CASE027,P0692,Unrelated Person
CASE027,P0971,Vehicle Provider
CASE027,P0975,Recruiter
CASE027,P0154,Unrelated Person
CASE027,P0664,Vehicle Provider
CASE027,P0258,Vehicle Provider
CASE027,P0066,Associate
CASE027,P0541,Vehicle Provider
CASE027,P0259,Unrelated Person
CASE027,P0467,Associate
CASE028,P0813,Coordinator
CASE028,P0054,Financial Intermediary
CASE028,P0146,False Lead
CASE028,P0250,Logistics Coordinator
CASE028,P0648,Recruiter
CASE028,P0502,Recruiter
CASE028,P0431,Recruiter
CASE028,P0430,Unrelated Person
CASE028,P0588,Document Handler
CASE028,P0226,Associate
CASE028,P0414,Recruiter
CASE028,P0003,Associate
CASE028,P0170,Recruiter
CASE029,P0849,Coordinator
CASE029,P0341,Financial Intermediary
CASE029,P0901,False Lead
CASE029,P0125,Operational Member
CASE029,P0171,Vehicle Provider
CASE029,P0378,Associate
CASE029,P0822,Logistics Coordinator
CASE029,P0842,Associate
CASE029,P0933,Vehicle Provider
CASE029,P0634,Logistics Coordinator
CASE029,P0810,Vehicle Provider
CASE029,P0282,Document Handler
CASE029,P0870,Communicator
CASE029,P0597,Vehicle Provider
CASE029,P0986,Logistics Coordinator
CASE029,P0322,Recruiter
CASE029,P0791,Recruiter
CASE029,P0845,Operational Member
CASE029,P0851,Logistics Coordinator
CASE030,P0026,Coordinator
CASE030,P0501,Financial Intermediary
CASE030,P0069,False Lead
CASE030,P0184,False Lead
CASE030,P0810,False Lead
CASE030,P0374,Unrelated Person
CASE030,P0320,Communicator
CASE030,P0477,Operational Member
CASE030,P0327,Logistics Coordinator
CASE030,P0813,Logistics Coordinator
CASE030,P0375,Communicator
CASE030,P0740,Logistics Coordinator
CASE030,P0011,Associate
CASE030,P0857,Document Handler
CASE030,P0354,Operational Member
CASE030,P0411,Logistics Coordinator
CASE030,P0027,Document Handler
CASE030,P0269,Document Handler
CASE030,P0818,Unrelated Person
CASE030,P0984,Document Handler
CASE030,P0883,Vehicle Provider
CASE030,P0355,Document Handler
CASE030,P0055,Recruiter
CASE030,P0697,Unrelated Person
CASE030,P0716,Document Handler
CASE030,P0478,Communicator
CASE030,P0880,Operational Member
CASE030,P0409,Operational Member
CASE030,P0489,Operational Member
CASE030,P0016,Associate
CASE030,P0758,Unrelated Person
CASE030,P0920,Communicator
CASE030,P0266,Document Handler
CASE030,P0596,Associate
CASE031,P0323,Coordinator
CASE031,P0805,Financial Intermediary
CASE031,P0514,False Lead
CASE031,P0260,False Lead
CASE031,P0160,False Lead
CASE031,P0585,False Lead
CASE031,P0635,False Lead
CASE031,P0495,False Lead
CASE031,P0629,False Lead
CASE031,P0117,Logistics Coordinator
CASE031,P0170,Unrelated Person
CASE031,P0978,Operational Member
CASE031,P0694,Associate
CASE031,P0595,Unrelated Person
CASE031,P0139,Logistics Coordinator
CASE031,P0999,Vehicle Provider
CASE031,P0998,Vehicle Provider
CASE031,P0211,Document Handler
CASE031,P0533,Unrelated Person
CASE031,P0440,Vehicle Provider
CASE031,P0778,Operational Member
CASE031,P0927,Communicator
CASE031,P0770,Associate
CASE031,P0016,Unrelated Person
CASE031,P0494,Document Handler
CASE031,P0107,Recruiter
CASE031,P0603,Operational Member
CASE031,P0539,Operational Member
CASE031,P0898,Logistics Coordinator
CASE031,P0997,Unrelated Person
CASE031,P0723,Logistics Coordinator
CASE031,P0466,Operational Member
CASE031,P0541,Communicator
CASE031,P0480,Operational Member
CASE031,P0492,Operational Member
CASE031,P0885,Document Handler
CASE031,P0922,Document Handler
CASE031,P0940,Communicator
CASE031,P0656,Communicator
CASE031,P0034,Document Handler
CASE031,P0055,Logistics Coordinator
CASE031,P0593,Operational Member
CASE031,P0611,Unrelated Person
CASE031,P0780,Associate
CASE031,P0022,Communicator
CASE031,P0575,Unrelated Person
CASE031,P0269,Communicator
CASE031,P0263,Operational Member
CASE031,P0327,Unrelated Person
CASE031,P0423,Unrelated Person
CASE031,P0243,Operational Member
CASE031,P0929,Unrelated Person
CASE031,P0788,Operational Member
CASE031,P0058,Unrelated Person
CASE031,P0484,Associate
CASE031,P0100,Vehicle Provider
CASE031,P0353,Vehicle Provider
CASE031,P0763,Unrelated Person
CASE031,P0869,Logistics Coordinator
CASE031,P0787,Recruiter
CASE031,P0481,Logistics Coordinator
CASE031,P0802,Unrelated Person
CASE031,P0883,Vehicle Provider
CASE031,P0919,Recruiter
CASE031,P0094,Operational Member
CASE031,P0738,Associate
CASE031,P0120,Unrelated Person
CASE031,P0207,Vehicle Provider
CASE031,P0948,Recruiter
CASE031,P0281,Communicator
CASE031,P0033,Recruiter
CASE031,P0512,Associate
CASE031,P0192,Logistics Coordinator
CASE031,P0887,Recruiter
CASE031,P0557,Communicator
CASE031,P0054,Vehicle Provider
CASE031,P0989,Document Handler
CASE032,P0019,Coordinator
CASE032,P0791,Financial Intermediary
CASE032,P0832,False Lead
CASE032,P0918,Operational Member
CASE032,P0615,Communicator
CASE032,P0716,Logistics Coordinator
CASE032,P0210,Vehicle Provider
CASE032,P0614,Associate
CASE032,P0207,Logistics Coordinator
CASE032,P0773,Associate
CASE032,P0994,Vehicle Provider
CASE032,P0649,Document Handler
CASE032,P0843,Document Handler
CASE032,P0138,Operational Member
CASE032,P0583,Logistics Coordinator
CASE032,P0631,Document Handler
CASE032,P0332,Document Handler
CASE032,P0866,Logistics Coordinator
CASE033,P0535,Coordinator
CASE033,P0490,Financial Intermediary
CASE033,P0752,False Lead
CASE033,P0094,Bridge / Communicator
CASE033,P0979,Unrelated Person
CASE033,P0095,Communicator
CASE033,P0059,Logistics Coordinator
CASE033,P0844,Document Handler
CASE033,P0560,Vehicle Provider
CASE033,P0675,Vehicle Provider
CASE033,P0642,Associate
CASE033,P0823,Unrelated Person
CASE033,P0799,Communicator
CASE033,P0388,Logistics Coordinator
CASE034,P0287,Coordinator
CASE034,P0216,Financial Intermediary
CASE034,P0251,False Lead
CASE035,P0414,Coordinator
CASE035,P0894,Financial Intermediary
CASE035,P0587,False Lead
CASE035,P0628,False Lead
CASE035,P0124,False Lead
CASE035,P0193,False Lead
CASE035,P0856,False Lead
CASE035,P0418,Communicator
CASE035,P0770,Vehicle Provider
CASE035,P0180,Operational Member
CASE035,P0483,Associate
CASE035,P0938,Communicator
CASE035,P0064,Unrelated Person
CASE035,P0660,Unrelated Person
CASE035,P0076,Unrelated Person
CASE035,P0235,Vehicle Provider
CASE035,P0387,Operational Member
CASE035,P0925,Vehicle Provider
CASE035,P0299,Unrelated Person
CASE035,P0244,Associate
CASE035,P0291,Operational Member
CASE035,P0530,Logistics Coordinator
CASE035,P0243,Logistics Coordinator
CASE035,P0261,Associate
CASE035,P0727,Document Handler
CASE035,P0832,Unrelated Person
CASE035,P0210,Document Handler
CASE035,P0070,Document Handler
CASE035,P0537,Associate
CASE035,P0968,Associate
CASE035,P0930,Document Handler
CASE035,P0741,Logistics Coordinator
CASE035,P0236,Operational Member
CASE035,P0361,Recruiter
CASE035,P0569,Associate
CASE035,P0276,Vehicle Provider
CASE035,P0931,Vehicle Provider
CASE035,P0100,Vehicle Provider
CASE035,P0839,Document Handler
CASE035,P0428,Document Handler
CASE035,P0729,Document Handler
CASE035,P0564,Communicator
CASE035,P0001,Communicator
CASE035,P0423,Operational Member
CASE035,P0252,Associate
CASE035,P0590,Recruiter
CASE035,P0278,Associate
CASE035,P0306,Recruiter
CASE035,P0972,Vehicle Provider
CASE035,P0020,Logistics Coordinator
CASE035,P0300,Communicator
CASE035,P0634,Operational Member
CASE036,P0970,Coordinator
CASE036,P0954,Financial Intermediary
CASE036,P0351,False Lead
CASE036,P0595,Operational Member
CASE036,P0851,Associate
CASE036,P0437,Document Handler
CASE036,P0442,Communicator
CASE036,P0644,Operational Member
CASE037,P0723,Coordinator
CASE037,P0557,Financial Intermediary
CASE037,P0004,False Lead
CASE037,P0441,Logistics Coordinator
CASE037,P0599,Document Handler
CASE037,P0094,Recruiter
CASE037,P0926,Document Handler
CASE037,P0063,Operational Member
CASE037,P0159,Communicator
CASE037,P0644,Vehicle Provider
CASE037,P0047,Vehicle Provider
CASE037,P0708,Communicator
CASE037,P0419,Recruiter
CASE037,P0852,Recruiter
CASE037,P0545,Associate
CASE037,P0881,Recruiter
CASE037,P0609,Recruiter
CASE038,P0899,Coordinator
CASE038,P0938,Financial Intermediary
CASE038,P0239,False Lead
CASE038,P0158,Bridge / Communicator
CASE038,P0818,Document Handler
CASE038,P0514,Vehicle Provider
CASE038,P0426,Logistics Coordinator
CASE038,P0781,Associate
CASE039,P0826,Coordinator
CASE039,P0285,Financial Intermediary
CASE039,P0342,False Lead
CASE039,P0234,False Lead
CASE039,P0711,False Lead
CASE039,P0608,False Lead
CASE039,P0811,False Lead
CASE039,P0054,Logistics Coordinator
CASE039,P0458,Logistics Coordinator
CASE039,P0364,Recruiter
CASE039,P0085,Communicator
CASE039,P0244,Document Handler
CASE039,P0463,Document Handler
CASE039,P0730,Vehicle Provider
CASE039,P0564,Communicator
CASE039,P0279,Associate
CASE039,P0981,Communicator
CASE039,P0597,Unrelated Person
CASE039,P0143,Operational Member
CASE039,P0581,Vehicle Provider
CASE039,P0264,Communicator
CASE039,P0817,Unrelated Person
CASE039,P0004,Operational Member
CASE039,P0894,Operational Member
CASE039,P0920,Unrelated Person
CASE039,P0425,Recruiter
CASE039,P0490,Logistics Coordinator
CASE039,P0984,Document Handler
CASE039,P0737,Associate
CASE039,P0047,Unrelated Person
CASE039,P0697,Vehicle Provider
CASE039,P0961,Vehicle Provider
CASE039,P0093,Logistics Coordinator
CASE039,P0231,Operational Member
CASE039,P0089,Recruiter
CASE039,P0033,Logistics Coordinator
CASE039,P0945,Logistics Coordinator
CASE039,P0735,Recruiter
CASE039,P0139,Communicator
CASE039,P0947,Vehicle Provider
CASE039,P0302,Communicator
CASE039,P0477,Document Handler
CASE039,P0621,Vehicle Provider
CASE039,P0549,Vehicle Provider
CASE039,P0413,Vehicle Provider
CASE039,P0729,Logistics Coordinator
CASE039,P0024,Document Handler
CASE039,P0485,Recruiter
CASE039,P0766,Recruiter
CASE039,P0319,Unrelated Person
CASE039,P0733,Logistics Coordinator
CASE040,P0869,Coordinator
CASE040,P0581,Financial Intermediary
CASE040,P0335,False Lead
CASE041,P0772,Coordinator
CASE041,P0917,Financial Intermediary
CASE041,P0759,False Lead
CASE041,P0636,False Lead
CASE041,P0671,Bridge / Communicator
CASE041,P0714,Recruiter
CASE041,P0659,Unrelated Person
CASE041,P0311,Unrelated Person
CASE041,P0176,Associate
CASE041,P0535,Document Handler
CASE041,P0186,Logistics Coordinator
CASE041,P0095,Unrelated Person
CASE041,P0461,Associate
CASE041,P0544,Communicator
CASE041,P0153,Document Handler
CASE041,P0640,Associate
CASE041,P0382,Logistics Coordinator
CASE041,P0954,Vehicle Provider
CASE041,P0610,Communicator
CASE041,P0124,Vehicle Provider
CASE041,P0947,Vehicle Provider
CASE041,P0928,Associate
CASE041,P0729,Document Handler
CASE041,P0410,Associate
CASE041,P0310,Associate
CASE041,P0534,Vehicle Provider
CASE042,P0431,Coordinator
CASE042,P0529,Financial Intermediary
CASE042,P0194,False Lead
CASE042,P0513,Document Handler
CASE042,P0754,Communicator
CASE042,P0013,Logistics Coordinator
CASE042,P0427,Recruiter
CASE042,P0490,Operational Member
CASE042,P0512,Logistics Coordinator
CASE042,P0588,Operational Member
CASE042,P0546,Logistics Coordinator
CASE042,P0987,Document Handler
CASE042,P0954,Unrelated Person
CASE042,P0217,Operational Member
CASE042,P0468,Logistics Coordinator
CASE042,P0772,Operational Member
CASE042,P0583,Document Handler
CASE042,P0907,Document Handler
CASE042,P0043,Operational Member
CASE043,P0310,Coordinator
CASE043,P0133,Financial Intermediary
CASE043,P0844,False Lead
CASE043,P0984,Logistics Coordinator
CASE043,P0074,Logistics Coordinator
CASE044,P0227,Coordinator
CASE044,P0689,Financial Intermediary
CASE044,P0052,False Lead
CASE044,P0758,Recruiter
CASE044,P0747,Recruiter
CASE044,P0800,Communicator
CASE044,P0449,Recruiter
CASE044,P0934,Operational Member
CASE044,P0030,Unrelated Person
CASE044,P0823,Recruiter
CASE044,P0481,Communicator
CASE044,P0476,Associate
CASE044,P0049,Logistics Coordinator
CASE044,P0517,Vehicle Provider
CASE044,P0976,Communicator
CASE044,P0600,Vehicle Provider
CASE044,P0919,Operational Member
CASE044,P0892,Unrelated Person
CASE044,P0729,Document Handler
CASE045,P0125,Coordinator
CASE045,P0916,Financial Intermediary
CASE045,P0281,False Lead
CASE045,P0573,Communicator
CASE045,P0755,Vehicle Provider
CASE045,P0242,Document Handler
CASE045,P0748,Logistics Coordinator
CASE045,P0768,Logistics Coordinator
CASE045,P0297,Vehicle Provider
CASE045,P0002,Document Handler
CASE045,P0785,Operational Member
CASE045,P0261,Unrelated Person
CASE045,P0491,Unrelated Person
CASE045,P0055,Associate
CASE046,P0253,Coordinator
CASE046,P0170,Financial Intermediary
CASE046,P0296,False Lead
CASE046,P0498,Operational Member
CASE047,P0296,Coordinator
CASE047,P0817,Financial Intermediary
CASE047,P0195,False Lead
CASE047,P0443,Bridge / Communicator
CASE048,P0632,Coordinator
CASE048,P0482,Financial Intermediary
CASE048,P0419,False Lead
CASE048,P0961,False Lead
CASE048,P0144,False Lead
CASE048,P0394,Logistics Coordinator
CASE048,P0947,Operational Member
CASE048,P0378,Communicator
CASE048,P0005,Document Handler
CASE048,P0231,Operational Member
CASE048,P0346,Unrelated Person
CASE048,P0228,Communicator
CASE048,P0564,Communicator
CASE048,P0593,Associate
CASE048,P0930,Recruiter
CASE048,P0053,Vehicle Provider
CASE048,P0673,Unrelated Person
CASE048,P0124,Document Handler
CASE048,P0894,Communicator
CASE048,P0422,Recruiter
CASE048,P0734,Document Handler
CASE048,P0235,Communicator
CASE048,P0264,Logistics Coordinator
CASE048,P0359,Vehicle Provider
CASE048,P0230,Document Handler
CASE048,P0563,Unrelated Person
CASE048,P0709,Document Handler
CASE048,P0506,Communicator
CASE048,P0111,Document Handler
CASE048,P0873,Associate
CASE048,P0035,Document Handler
CASE048,P0022,Unrelated Person
CASE048,P0297,Document Handler
CASE048,P0533,Vehicle Provider
CASE048,P0558,Unrelated Person
CASE048,P0731,Communicator
CASE048,P0464,Unrelated Person
CASE049,P0736,Coordinator
CASE049,P0837,Financial Intermediary
CASE049,P0224,False Lead
CASE049,P0662,False Lead
CASE049,P0145,Communicator
CASE049,P0923,Unrelated Person
CASE049,P0507,Document Handler
CASE049,P0324,Associate
CASE049,P0165,Document Handler
CASE049,P0059,Communicator
CASE049,P0998,Communicator
CASE049,P0172,Recruiter
CASE049,P0153,Unrelated Person
CASE049,P0896,Logistics Coordinator
CASE049,P0405,Document Handler
CASE049,P0156,Logistics Coordinator
CASE049,P1000,Unrelated Person
CASE049,P0616,Vehicle Provider
CASE049,P0274,Document Handler
CASE049,P0843,Associate
CASE049,P0147,Vehicle Provider
CASE049,P0818,Communicator
CASE049,P0287,Logistics Coordinator
CASE049,P0417,Unrelated Person
CASE049,P0125,Document Handler
CASE049,P0755,Logistics Coordinator
CASE049,P0216,Operational Member
CASE050,P0118,Coordinator
CASE050,P0156,Financial Intermediary
CASE050,P0942,False Lead
CASE050,P0278,False Lead
CASE050,P0430,False Lead
CASE050,P0843,False Lead
CASE050,P0700,Logistics Coordinator
CASE050,P0393,Unrelated Person
CASE050,P0486,Recruiter
CASE050,P0691,Communicator
CASE050,P0046,Document Handler
CASE050,P0433,Associate
CASE050,P0503,Logistics Coordinator
CASE050,P0272,Vehicle Provider
CASE050,P0136,Unrelated Person
CASE050,P0630,Logistics Coordinator
CASE050,P0544,Operational Member
CASE050,P0533,Logistics Coordinator
CASE050,P0080,Recruiter
CASE050,P0065,Operational Member
CASE050,P0575,Associate
CASE050,P0653,Vehicle Provider
CASE050,P0453,Document Handler
CASE050,P0333,Recruiter
CASE050,P0534,Document Handler
CASE050,P0720,Logistics Coordinator
CASE050,P0021,Document Handler
CASE050,P0686,Associate
CASE050,P0816,Communicator
CASE050,P0984,Communicator
CASE050,P0013,Vehicle Provider
CASE050,P0938,Document Handler
CASE050,P0190,Unrelated Person
CASE050,P0378,Vehicle Provider
CASE050,P0582,Unrelated Person
CASE050,P0732,Communicator
CASE050,P0956,Document Handler
CASE050,P0998,Document Handler
CASE050,P0180,Communicator
CASE050,P0482,Vehicle Provider
CASE050,P0227,Communicator
CASE050,P0943,Logistics Coordinator
CASE050,P0401,Associate
CASE050,P0441,Vehicle Provider
CASE051,P0009,Coordinator
CASE051,P0201,Financial Intermediary
CASE051,P0145,False Lead
CASE052,P0086,Coordinator
CASE052,P0716,Financial Intermediary
CASE052,P0783,False Lead
CASE052,P0102,Operational Member
CASE053,P0968,Coordinator
CASE053,P0494,Financial Intermediary
CASE053,P0873,False Lead
CASE053,P0158,Bridge / Communicator
CASE053,P0774,Operational Member
CASE053,P0808,Communicator
CASE053,P0438,Document Handler
CASE053,P0874,Operational Member
CASE053,P0241,Logistics Coordinator
CASE053,P0988,Unrelated Person
CASE053,P0901,Vehicle Provider
CASE053,P0688,Associate
CASE054,P0497,Coordinator
CASE054,P0366,Financial Intermediary
CASE054,P0126,False Lead
CASE054,P0251,Document Handler
CASE054,P0815,Communicator
CASE054,P0287,Vehicle Provider
CASE054,P0053,Document Handler
CASE054,P0559,Vehicle Provider
CASE055,P0476,Coordinator
CASE055,P0101,Financial Intermediary
CASE055,P0964,False Lead
CASE055,P0117,Operational Member
CASE055,P0563,Logistics Coordinator
CASE055,P0712,Logistics Coordinator
CASE055,P0398,Unrelated Person
CASE055,P0856,Operational Member
CASE055,P0430,Associate
CASE055,P0426,Recruiter
CASE055,P0402,Document Handler
CASE055,P0981,Vehicle Provider
CASE055,P0280,Vehicle Provider
CASE055,P0996,Document Handler
CASE055,P0711,Communicator
CASE055,P0890,Vehicle Provider
CASE055,P0011,Recruiter
CASE056,P0179,Coordinator
CASE056,P0725,Financial Intermediary
CASE056,P0698,False Lead
CASE056,P0532,False Lead
CASE056,P0124,False Lead
CASE056,P0688,Unrelated Person
CASE056,P0485,Document Handler
CASE056,P0986,Logistics Coordinator
CASE056,P0379,Operational Member
CASE056,P0687,Associate
CASE056,P0783,Logistics Coordinator
CASE056,P0607,Unrelated Person
CASE056,P0847,Communicator
CASE056,P0315,Communicator
CASE056,P0702,Logistics Coordinator
CASE056,P0992,Operational Member
CASE056,P0251,Recruiter
CASE056,P0480,Operational Member
CASE056,P0178,Vehicle Provider
CASE056,P0728,Associate
CASE056,P0966,Communicator
CASE056,P0555,Vehicle Provider
CASE056,P0192,Operational Member
CASE056,P0809,Associate
CASE056,P0406,Associate
CASE056,P0822,Vehicle Provider
CASE056,P0699,Vehicle Provider
CASE056,P0775,Operational Member
CASE056,P0297,Communicator
CASE056,P0328,Vehicle Provider
CASE056,P0429,Recruiter
CASE057,P0851,Coordinator
CASE057,P0285,Financial Intermediary
CASE057,P0714,False Lead
CASE058,P0637,Coordinator
CASE058,P0821,Financial Intermediary
CASE058,P0187,False Lead
CASE058,P0828,Bridge / Communicator
CASE058,P0193,Associate
CASE058,P0543,Associate
CASE058,P0487,Operational Member
CASE058,P0862,Vehicle Provider
CASE058,P0373,Associate
CASE058,P0771,Operational Member
CASE058,P0424,Logistics Coordinator
CASE058,P0426,Associate
CASE058,P0602,Document Handler
CASE058,P0350,Unrelated Person
CASE059,P0780,Coordinator
CASE059,P0642,Financial Intermediary
CASE059,P0678,False Lead
CASE059,P0009,False Lead
CASE059,P0405,False Lead
CASE059,P0529,False Lead
CASE059,P0373,Communicator
CASE059,P0223,Vehicle Provider
CASE059,P0671,Document Handler
CASE059,P0077,Associate
CASE059,P0075,Document Handler
CASE059,P0325,Associate
CASE059,P0466,Operational Member
CASE059,P0850,Document Handler
CASE059,P0958,Operational Member
CASE059,P0334,Associate
CASE059,P0117,Associate
CASE059,P0818,Associate
CASE059,P0676,Recruiter
CASE059,P0131,Associate
CASE059,P0425,Document Handler
CASE059,P0320,Document Handler
CASE059,P0130,Document Handler
CASE059,P0551,Communicator
CASE059,P0296,Unrelated Person
CASE059,P0970,Operational Member
CASE059,P0248,Operational Member
CASE059,P0960,Operational Member
CASE059,P0071,Recruiter
CASE059,P0541,Document Handler
CASE059,P0585,Vehicle Provider
CASE059,P0019,Logistics Coordinator
CASE059,P0503,Operational Member
CASE059,P0445,Logistics Coordinator
CASE059,P0617,Document Handler
CASE059,P0426,Document Handler
CASE059,P0157,Unrelated Person
CASE059,P0324,Unrelated Person
CASE059,P0140,Vehicle Provider
CASE059,P0613,Document Handler
CASE059,P0458,Vehicle Provider
CASE059,P0193,Operational Member
CASE059,P0603,Operational Member
CASE059,P0885,Operational Member
CASE059,P0207,Operational Member
CASE059,P0584,Communicator
CASE059,P0450,Document Handler
CASE059,P0692,Associate
CASE060,P0577,Coordinator
CASE060,P0884,Financial Intermediary
CASE060,P1000,False Lead
CASE060,P0557,False Lead
CASE060,P0354,False Lead
CASE060,P0062,Recruiter
CASE060,P0713,Recruiter
CASE060,P0373,Unrelated Person
CASE060,P0311,Communicator
CASE060,P0358,Operational Member
CASE060,P0374,Recruiter
CASE060,P0758,Unrelated Person
CASE060,P0696,Associate
CASE060,P0666,Associate
CASE060,P0968,Communicator
CASE060,P0498,Document Handler
CASE060,P0371,Operational Member
CASE060,P0917,Unrelated Person
CASE060,P0035,Recruiter
CASE060,P0733,Logistics Coordinator
CASE060,P0033,Associate
CASE060,P0316,Recruiter
CASE060,P0730,Unrelated Person
CASE060,P0934,Vehicle Provider
CASE060,P0529,Operational Member
CASE060,P0263,Recruiter
CASE060,P0381,Associate
CASE060,P0684,Unrelated Person
CASE060,P0981,Communicator
CASE060,P0580,Unrelated Person
CASE060,P0550,Vehicle Provider
CASE060,P0370,Vehicle Provider
CASE060,P0830,Operational Member
CASE060,P0559,Operational Member
CASE060,P0851,Vehicle Provider
CASE060,P0960,Recruiter
CASE060,P0494,Unrelated Person
CASE060,P0697,Operational Member
CASE060,P0241,Operational Member
CASE061,P0353,Coordinator
CASE061,P0432,Financial Intermediary
CASE061,P0023,False Lead
CASE061,P0996,False Lead
CASE061,P0740,False Lead
CASE061,P0331,False Lead
CASE061,P0001,False Lead
CASE061,P0103,False Lead
CASE061,P0136,False Lead
CASE061,P0035,Communicator
CASE061,P0715,Operational Member
CASE061,P0133,Document Handler
CASE061,P0497,Unrelated Person
CASE061,P0879,Operational Member
CASE061,P0661,Unrelated Person
CASE061,P0414,Recruiter
CASE061,P0198,Logistics Coordinator
CASE061,P0474,Unrelated Person
CASE061,P0115,Communicator
CASE061,P0411,Associate
CASE061,P0617,Operational Member
CASE061,P0711,Unrelated Person
CASE061,P0493,Logistics Coordinator
CASE061,P0549,Logistics Coordinator
CASE061,P0899,Communicator
CASE061,P0294,Unrelated Person
CASE061,P0839,Operational Member
CASE061,P0961,Associate
CASE061,P0345,Communicator
CASE061,P0826,Associate
CASE061,P0544,Logistics Coordinator
CASE061,P0923,Vehicle Provider
CASE061,P0933,Operational Member
CASE061,P0492,Communicator
CASE061,P0050,Associate
CASE061,P0456,Operational Member
CASE061,P0116,Operational Member
CASE061,P0356,Recruiter
CASE061,P0363,Recruiter
CASE061,P0908,Communicator
CASE061,P0072,Recruiter
CASE061,P0752,Associate
CASE061,P0399,Communicator
CASE061,P0855,Associate
CASE061,P0114,Associate
CASE061,P0800,Document Handler
CASE061,P0510,Vehicle Provider
CASE061,P0371,Recruiter
CASE061,P0620,Operational Member
CASE061,P0272,Unrelated Person
CASE061,P0288,Unrelated Person
CASE061,P0346,Vehicle Provider
CASE061,P0816,Document Handler
CASE061,P0968,Recruiter
CASE061,P0779,Associate
CASE061,P0350,Document Handler
CASE061,P0298,Communicator
CASE061,P0370,Associate
CASE061,P0631,Document Handler
CASE061,P0650,Associate
CASE061,P0327,Operational Member
CASE061,P0459,Document Handler
CASE061,P0890,Document Handler
CASE061,P0725,Document Handler
CASE061,P0766,Unrelated Person
CASE061,P0902,Vehicle Provider
CASE061,P0049,Associate
CASE061,P0280,Vehicle Provider
CASE061,P0435,Logistics Coordinator
CASE061,P0501,Unrelated Person
CASE061,P0601,Logistics Coordinator
CASE061,P0379,Communicator
CASE061,P0821,Communicator
CASE061,P0321,Operational Member
CASE062,P0901,Coordinator
CASE062,P0794,Financial Intermediary
CASE062,P0395,False Lead
CASE062,P0816,False Lead
CASE062,P0625,Bridge / Communicator
CASE062,P0404,False Lead
CASE062,P0314,Vehicle Provider
CASE062,P0463,Operational Member
CASE062,P0366,Vehicle Provider
CASE062,P0108,Operational Member
CASE062,P0757,Communicator
CASE062,P0456,Logistics Coordinator
CASE062,P0200,Logistics Coordinator
CASE062,P0824,Document Handler
CASE062,P0363,Associate
CASE062,P0980,Associate
CASE062,P0895,Communicator
CASE062,P0328,Logistics Coordinator
CASE062,P0519,Operational Member
CASE062,P0664,Communicator
CASE062,P0782,Communicator
CASE062,P0199,Vehicle Provider
CASE062,P0070,Unrelated Person
CASE062,P0359,Unrelated Person
CASE062,P0053,Document Handler
CASE062,P0287,Logistics Coordinator
CASE062,P0653,Document Handler
CASE062,P0915,Associate
CASE062,P0446,Operational Member
CASE062,P0112,Associate
CASE062,P0297,Operational Member
CASE062,P0060,Recruiter
CASE062,P0996,Recruiter
CASE062,P0806,Operational Member
CASE062,P0345,Document Handler
CASE062,P0280,Communicator
CASE062,P0853,Logistics Coordinator
CASE062,P0370,Vehicle Provider
CASE062,P0288,Operational Member
CASE062,P0181,Logistics Coordinator
CASE062,P0875,Communicator
CASE062,P0469,Communicator
CASE062,P0969,Communicator
CASE062,P0544,Logistics Coordinator
CASE063,P0148,Coordinator
CASE063,P0471,Financial Intermediary
CASE063,P0615,False Lead
CASE063,P0973,False Lead
CASE063,P0689,False Lead
CASE063,P0064,False Lead
CASE063,P0431,False Lead
CASE063,P0116,Associate
CASE063,P0272,Communicator
CASE063,P0694,Vehicle Provider
CASE063,P0229,Operational Member
CASE063,P0005,Associate
CASE063,P0017,Document Handler
CASE063,P0124,Associate
CASE063,P0545,Document Handler
CASE063,P0707,Unrelated Person
CASE063,P0223,Communicator
CASE063,P0390,Recruiter
CASE063,P0659,Unrelated Person
CASE063,P0806,Logistics Coordinator
CASE063,P0607,Logistics Coordinator
CASE063,P0307,Communicator
CASE063,P0448,Associate
CASE063,P0999,Document Handler
CASE063,P0484,Logistics Coordinator
CASE063,P0812,Unrelated Person
CASE063,P0370,Recruiter
CASE063,P0168,Operational Member
CASE063,P0289,Associate
CASE063,P0930,Unrelated Person
CASE063,P0306,Logistics Coordinator
CASE063,P0027,Associate
CASE063,P0611,Unrelated Person
CASE063,P0986,Recruiter
CASE063,P0145,Vehicle Provider
CASE063,P0469,Recruiter
CASE063,P0630,Communicator
CASE063,P0451,Vehicle Provider
CASE063,P0575,Vehicle Provider
CASE063,P0216,Document Handler
CASE063,P0135,Recruiter
CASE063,P0646,Vehicle Provider
CASE063,P0947,Recruiter
CASE063,P0861,Operational Member
CASE063,P0499,Unrelated Person
CASE063,P0786,Recruiter
CASE063,P0134,Unrelated Person
CASE063,P0350,Logistics Coordinator
CASE063,P0001,Vehicle Provider
CASE063,P0206,Unrelated Person
CASE063,P0282,Operational Member
CASE063,P0173,Associate
CASE063,P0189,Operational Member
CASE063,P0943,Operational Member
CASE063,P0388,Recruiter
CASE063,P0601,Logistics Coordinator
CASE063,P0746,Associate
CASE063,P0164,Communicator
CASE064,P0753,Coordinator
CASE064,P0462,Financial Intermediary
CASE064,P0568,False Lead
CASE064,P0488,Vehicle Provider
CASE064,P0519,Operational Member
CASE064,P0169,Communicator
CASE064,P0848,Vehicle Provider
CASE065,P0790,Coordinator
CASE065,P0560,Financial Intermediary
CASE065,P0598,False Lead
CASE065,P0401,Unrelated Person
CASE065,P0795,Recruiter
CASE065,P0015,Unrelated Person
CASE065,P0561,Operational Member
CASE066,P0778,Coordinator
CASE066,P0180,Financial Intermediary
CASE066,P0368,False Lead
CASE066,P0107,False Lead
CASE066,P0930,False Lead
CASE066,P0969,False Lead
CASE066,P0942,False Lead
CASE066,P0795,False Lead
CASE066,P0724,False Lead
CASE066,P0671,Bridge / Communicator
CASE066,P0743,Associate
CASE066,P0845,Operational Member
CASE066,P0956,Unrelated Person
CASE066,P0648,Operational Member
CASE066,P0148,Unrelated Person
CASE066,P0853,Communicator
CASE066,P0809,Unrelated Person
CASE066,P0389,Logistics Coordinator
CASE066,P0940,Associate
CASE066,P0606,Vehicle Provider
CASE066,P0789,Unrelated Person
CASE066,P0132,Associate
CASE066,P0274,Associate
CASE066,P0859,Operational Member
CASE066,P0213,Vehicle Provider
CASE066,P0450,Logistics Coordinator
CASE066,P0153,Associate
CASE066,P0932,Associate
CASE066,P0101,Recruiter
CASE066,P0248,Logistics Coordinator
CASE066,P0090,Document Handler
CASE066,P0141,Unrelated Person
CASE066,P0189,Operational Member
CASE066,P0601,Unrelated Person
CASE066,P0725,Recruiter
CASE066,P0405,Associate
CASE066,P0750,Vehicle Provider
CASE066,P0688,Vehicle Provider
CASE066,P0957,Unrelated Person
CASE066,P0830,Recruiter
CASE066,P0113,Operational Member
CASE066,P0171,Operational Member
CASE066,P0475,Unrelated Person
CASE066,P0104,Logistics Coordinator
CASE066,P0379,Operational Member
CASE066,P0850,Vehicle Provider
CASE066,P0584,Document Handler
CASE066,P0580,Vehicle Provider
CASE066,P0055,Operational Member
CASE066,P0410,Associate
CASE066,P0501,Associate
CASE066,P0543,Vehicle Provider
CASE066,P0391,Communicator
CASE066,P0432,Unrelated Person
CASE066,P0498,Unrelated Person
CASE066,P0669,Recruiter
CASE066,P0441,Document Handler
CASE066,P0121,Vehicle Provider
CASE066,P0713,Associate
CASE066,P0697,Logistics Coordinator
CASE066,P0878,Document Handler
CASE066,P0444,Logistics Coordinator
CASE066,P0357,Communicator
CASE066,P0784,Unrelated Person
CASE066,P0964,Logistics Coordinator
CASE066,P0553,Logistics Coordinator
CASE066,P0003,Vehicle Provider
CASE066,P0687,Unrelated Person
CASE066,P0469,Associate
CASE066,P0806,Associate
CASE066,P0159,Unrelated Person
CASE067,P0156,Coordinator
CASE067,P0258,Financial Intermediary
CASE067,P0847,False Lead
CASE068,P0763,Coordinator
CASE068,P0309,Financial Intermediary
CASE068,P0795,False Lead
CASE068,P0721,False Lead
CASE068,P0939,False Lead
CASE068,P0622,Document Handler
CASE068,P0267,Vehicle Provider
CASE068,P0115,Communicator
CASE068,P0932,Recruiter
CASE068,P0068,Recruiter
CASE068,P0333,Vehicle Provider
CASE068,P0225,Unrelated Person
CASE068,P0107,Operational Member
CASE068,P0089,Logistics Coordinator
CASE068,P0994,Unrelated Person
CASE068,P0845,Associate
CASE068,P0923,Associate
CASE068,P0280,Operational Member
CASE068,P0051,Logistics Coordinator
CASE068,P0510,Recruiter
CASE068,P0971,Recruiter
CASE068,P0238,Vehicle Provider
CASE068,P0262,Recruiter
CASE068,P0724,Communicator
CASE068,P0103,Unrelated Person
CASE068,P0712,Recruiter
CASE068,P0788,Document Handler
CASE068,P0980,Communicator
CASE068,P0512,Unrelated Person
CASE068,P0989,Document Handler
CASE068,P0571,Operational Member
CASE069,P0195,Coordinator
CASE069,P0846,Financial Intermediary
CASE069,P0180,False Lead
CASE069,P0914,Operational Member
CASE069,P0906,Logistics Coordinator
CASE069,P0326,Unrelated Person
CASE069,P0737,Document Handler
CASE069,P0212,Unrelated Person
CASE069,P0700,Logistics Coordinator
CASE069,P0757,Vehicle Provider
CASE069,P0550,Operational Member
CASE069,P0016,Logistics Coordinator
CASE069,P0293,Logistics Coordinator
CASE069,P0998,Associate
CASE069,P0919,Document Handler
CASE069,P0079,Recruiter
CASE070,P0300,Coordinator
CASE070,P0357,Financial Intermediary
CASE070,P0128,False Lead
CASE070,P0316,False Lead
CASE070,P0270,Associate
CASE070,P0738,Unrelated Person
CASE070,P0469,Recruiter
CASE070,P0262,Unrelated Person
CASE070,P0663,Operational Member
CASE070,P0084,Unrelated Person
CASE070,P0861,Vehicle Provider
CASE070,P0853,Associate
CASE070,P0710,Associate
CASE070,P0418,Operational Member
CASE070,P0212,Operational Member
CASE070,P0563,Recruiter
CASE070,P0766,Recruiter
CASE070,P0240,Associate
CASE070,P0510,Operational Member
CASE070,P0175,Operational Member
CASE070,P0770,Operational Member
CASE070,P0383,Vehicle Provider
CASE070,P0430,Document Handler
CASE070,P0980,Operational Member
CASE071,P0662,Coordinator
CASE071,P0023,Financial Intermediary
CASE071,P0549,False Lead
CASE071,P0499,False Lead
CASE071,P0197,False Lead
CASE071,P0482,False Lead
CASE071,P0508,Bridge / Communicator
CASE071,P0683,Associate
CASE071,P0693,Operational Member
CASE071,P0061,Vehicle Provider
CASE071,P0175,Operational Member
CASE071,P0665,Unrelated Person
CASE071,P0341,Unrelated Person
CASE071,P0206,Recruiter
CASE071,P0737,Recruiter
CASE071,P0924,Associate
CASE071,P0518,Recruiter
CASE071,P0990,Recruiter
CASE071,P0689,Unrelated Person
CASE071,P0126,Logistics Coordinator
CASE071,P0736,Unrelated Person
CASE071,P0286,Unrelated Person
CASE071,P0954,Logistics Coordinator
CASE071,P0059,Operational Member
CASE071,P0072,Recruiter
CASE071,P0314,Document Handler
CASE071,P0459,Vehicle Provider
CASE071,P0998,Document Handler
CASE071,P0419,Associate
CASE071,P0310,Vehicle Provider
CASE071,P0401,Associate
CASE071,P0484,Document Handler
CASE071,P0381,Logistics Coordinator
CASE071,P0724,Vehicle Provider
CASE071,P0232,Communicator
CASE071,P0437,Document Handler
CASE071,P0378,Unrelated Person
CASE071,P0553,Communicator
CASE071,P0411,Unrelated Person
CASE071,P0649,Vehicle Provider
CASE071,P0651,Recruiter
CASE071,P0057,Associate
CASE071,P0745,Vehicle Provider
CASE072,P0958,Coordinator
CASE072,P0650,Financial Intermediary
CASE072,P0311,False Lead
CASE072,P0240,False Lead
CASE072,P0751,False Lead
CASE072,P0754,False Lead
CASE072,P0065,False Lead
CASE072,P0588,False Lead
CASE072,P0172,Document Handler
CASE072,P0938,Associate
CASE072,P0663,Communicator
CASE072,P0019,Recruiter
CASE072,P0615,Logistics Coordinator
CASE072,P0450,Vehicle Provider
CASE072,P0935,Communicator
CASE072,P0869,Unrelated Person
CASE072,P0825,Recruiter
CASE072,P0837,Recruiter
CASE072,P0336,Unrelated Person
CASE072,P0323,Operational Member
CASE072,P0051,Communicator
CASE072,P0281,Vehicle Provider
CASE072,P0004,Communicator
CASE072,P0261,Communicator
CASE072,P0295,Document Handler
CASE072,P0489,Unrelated Person
CASE072,P0401,Unrelated Person
CASE072,P0319,Vehicle Provider
CASE072,P0691,Operational Member
CASE072,P0379,Recruiter
CASE072,P0757,Communicator
CASE072,P0906,Logistics Coordinator
CASE072,P0808,Logistics Coordinator
CASE072,P0070,Recruiter
CASE072,P0377,Recruiter
CASE072,P0169,Vehicle Provider
CASE072,P0146,Unrelated Person
CASE072,P0769,Vehicle Provider
CASE072,P0604,Communicator
CASE072,P0164,Operational Member
CASE072,P0592,Recruiter
CASE072,P0636,Vehicle Provider
CASE072,P0214,Logistics Coordinator
CASE072,P0047,Communicator
CASE072,P0767,Operational Member
CASE072,P0687,Recruiter
CASE072,P0010,Unrelated Person
CASE072,P0968,Logistics Coordinator
CASE072,P0599,Unrelated Person
CASE072,P0764,Unrelated Person
CASE072,P0887,Document Handler
CASE072,P0048,Unrelated Person
CASE072,P0290,Logistics Coordinator
CASE072,P0882,Document Handler
CASE072,P0955,Document Handler
CASE072,P0846,Vehicle Provider
CASE072,P0883,Recruiter
CASE072,P0834,Communicator
CASE072,P0533,Vehicle Provider
CASE072,P0920,Recruiter
CASE072,P0481,Document Handler
CASE072,P0541,Document Handler
CASE072,P0108,Unrelated Person
CASE072,P0473,Vehicle Provider
CASE072,P0670,Logistics Coordinator
CASE072,P0403,Operational Member
CASE072,P0289,Unrelated Person
CASE072,P0013,Logistics Coordinator
CASE073,P0664,Coordinator
CASE073,P0450,Financial Intermediary
CASE073,P0955,False Lead
CASE073,P0235,False Lead
CASE073,P0358,False Lead
CASE073,P0286,Associate
CASE073,P0572,Unrelated Person
CASE073,P0321,Document Handler
CASE073,P0455,Communicator
CASE073,P0409,Vehicle Provider
CASE073,P0640,Operational Member
CASE073,P0956,Document Handler
CASE073,P0904,Communicator
CASE073,P0987,Vehicle Provider
CASE073,P0189,Associate
CASE073,P0621,Communicator
CASE073,P0830,Operational Member
CASE073,P0428,Operational Member
CASE073,P0547,Vehicle Provider
CASE073,P0276,Associate
CASE073,P0036,Vehicle Provider
CASE073,P0821,Unrelated Person
CASE073,P0673,Associate
CASE073,P0543,Logistics Coordinator
CASE073,P0711,Communicator
CASE073,P0650,Unrelated Person
CASE073,P0143,Operational Member
CASE073,P0209,Communicator
CASE073,P0086,Recruiter
CASE073,P0626,Recruiter
CASE073,P0954,Associate
CASE073,P0897,Unrelated Person
CASE073,P0581,Logistics Coordinator
CASE073,P0812,Communicator
CASE073,P0055,Associate
CASE073,P0011,Communicator
CASE073,P0600,Operational Member
CASE073,P0493,Unrelated Person
CASE073,P0994,Vehicle Provider
CASE074,P0884,Coordinator
CASE074,P0056,Financial Intermediary
CASE074,P0935,False Lead
CASE074,P0898,False Lead
CASE074,P0344,False Lead
CASE074,P0398,False Lead
CASE074,P0909,False Lead
CASE074,P0845,False Lead
CASE074,P0577,False Lead
CASE074,P0329,Associate
CASE074,P0251,Vehicle Provider
CASE074,P0309,Vehicle Provider
CASE074,P0036,Recruiter
CASE074,P0821,Operational Member
CASE074,P0040,Operational Member
CASE074,P0498,Unrelated Person
CASE074,P0317,Operational Member
CASE074,P0402,Communicator
CASE074,P0875,Communicator
CASE074,P0549,Communicator
CASE074,P0964,Vehicle Provider
CASE074,P0233,Associate
CASE074,P0250,Associate
CASE074,P0843,Logistics Coordinator
CASE074,P0125,Logistics Coordinator
CASE074,P0734,Recruiter
CASE074,P0597,Associate
CASE074,P0838,Vehicle Provider
CASE074,P0958,Logistics Coordinator
CASE074,P0683,Associate
CASE074,P0308,Logistics Coordinator
CASE074,P0351,Unrelated Person
CASE074,P0057,Document Handler
CASE074,P0963,Document Handler
CASE074,P0916,Associate
CASE074,P0650,Unrelated Person
CASE074,P0401,Document Handler
CASE074,P0678,Logistics Coordinator
CASE074,P0372,Communicator
CASE074,P0511,Recruiter
CASE074,P0939,Communicator
CASE074,P0934,Document Handler
CASE074,P0319,Vehicle Provider
CASE074,P0803,Logistics Coordinator
CASE074,P0975,Document Handler
CASE074,P0887,Associate
CASE074,P0531,Logistics Coordinator
CASE074,P0374,Document Handler
CASE074,P0991,Recruiter
CASE074,P0147,Unrelated Person
CASE074,P0184,Communicator
CASE074,P0508,Logistics Coordinator
CASE074,P0676,Unrelated Person
CASE074,P0016,Operational Member
CASE074,P0500,Document Handler
CASE074,P0273,Unrelated Person
CASE074,P0910,Logistics Coordinator
CASE074,P0456,Operational Member
CASE074,P0830,Recruiter
CASE074,P0361,Recruiter
CASE074,P0264,Associate
CASE074,P0522,Logistics Coordinator
CASE074,P0285,Communicator
CASE074,P0258,Logistics Coordinator
CASE074,P0217,Document Handler
CASE074,P0651,Vehicle Provider
CASE074,P0320,Logistics Coordinator
CASE074,P0529,Unrelated Person
CASE074,P0071,Unrelated Person
CASE074,P0536,Recruiter
CASE074,P0523,Communicator
CASE074,P0978,Logistics Coordinator
CASE075,P0460,Coordinator
CASE075,P0571,Financial Intermediary
CASE075,P0505,False Lead
CASE075,P0143,Operational Member
CASE075,P0474,Document Handler
CASE075,P0317,Vehicle Provider
CASE075,P0014,Recruiter
CASE076,P0947,Coordinator
CASE076,P0559,Financial Intermediary
CASE076,P0771,False Lead
CASE076,P0101,Associate
CASE076,P0095,Vehicle Provider
CASE076,P0240,Associate
CASE077,P0664,Coordinator
CASE077,P0775,Financial Intermediary
CASE077,P0541,False Lead
CASE077,P0996,False Lead
CASE077,P0968,Vehicle Provider
CASE077,P0690,Recruiter
CASE077,P0343,Operational Member
CASE077,P0649,Communicator
CASE077,P0854,Vehicle Provider
CASE077,P0397,Logistics Coordinator
CASE077,P0144,Communicator
CASE077,P0106,Logistics Coordinator
CASE077,P0009,Vehicle Provider
CASE077,P0286,Document Handler
CASE077,P0352,Unrelated Person
CASE077,P0169,Logistics Coordinator
CASE077,P0785,Vehicle Provider
CASE077,P0572,Document Handler
CASE077,P0230,Associate
CASE077,P0692,Unrelated Person
CASE077,P0705,Document Handler
CASE077,P0876,Communicator
CASE077,P0737,Associate
CASE077,P0904,Document Handler
CASE077,P0436,Logistics Coordinator
CASE077,P0618,Vehicle Provider
CASE078,P0200,Coordinator
CASE078,P0092,Financial Intermediary
CASE078,P0269,False Lead
CASE078,P0711,False Lead
CASE078,P0056,False Lead
CASE078,P0128,False Lead
CASE078,P0801,False Lead
CASE078,P0346,Associate
CASE078,P0248,Operational Member
CASE078,P0856,Logistics Coordinator
CASE078,P0052,Associate
CASE078,P0832,Operational Member
CASE078,P0445,Recruiter
CASE078,P0107,Operational Member
CASE078,P0981,Unrelated Person
CASE078,P0285,Vehicle Provider
CASE078,P0148,Unrelated Person
CASE078,P0833,Vehicle Provider
CASE078,P0691,Communicator
CASE078,P0597,Unrelated Person
CASE078,P0864,Document Handler
CASE078,P0905,Recruiter
CASE078,P0612,Logistics Coordinator
CASE078,P0777,Unrelated Person
CASE078,P0295,Associate
CASE078,P0927,Recruiter
CASE078,P0619,Communicator
CASE078,P0325,Vehicle Provider
CASE078,P0725,Logistics Coordinator
CASE078,P0138,Vehicle Provider
CASE078,P0536,Document Handler
CASE078,P0985,Unrelated Person
CASE078,P0002,Document Handler
CASE078,P0270,Communicator
CASE078,P0240,Recruiter
CASE078,P0868,Operational Member
CASE078,P0658,Communicator
CASE078,P0524,Recruiter
CASE078,P0854,Communicator
CASE078,P0489,Recruiter
CASE078,P0036,Document Handler
CASE078,P0160,Logistics Coordinator
CASE078,P0019,Unrelated Person
CASE078,P0694,Unrelated Person
CASE078,P0796,Document Handler
CASE078,P0328,Vehicle Provider
CASE078,P0222,Unrelated Person
CASE078,P0969,Communicator
CASE078,P0010,Unrelated Person
CASE078,P0561,Associate
CASE078,P0341,Vehicle Provider
CASE078,P0618,Communicator
CASE078,P0701,Recruiter
CASE078,P0474,Operational Member
CASE078,P0225,Logistics Coordinator
CASE078,P0719,Document Handler
CASE079,P0701,Coordinator
CASE079,P0139,Financial Intermediary
CASE079,P0373,False Lead
CASE079,P0286,False Lead
CASE079,P0028,False Lead
CASE079,P0279,Bridge / Communicator
CASE079,P0171,Vehicle Provider
CASE079,P0267,Unrelated Person
CASE079,P0007,Vehicle Provider
CASE079,P0313,Vehicle Provider
CASE079,P0769,Communicator
CASE079,P0451,Unrelated Person
CASE079,P0784,Operational Member
CASE079,P0108,Document Handler
CASE079,P0086,Operational Member
CASE079,P0204,Document Handler
CASE079,P0507,Communicator
CASE079,P0832,Associate
CASE079,P0644,Operational Member
CASE079,P0837,Operational Member
CASE079,P0465,Unrelated Person
CASE079,P0594,Communicator
CASE079,P0867,Operational Member
CASE079,P0541,Logistics Coordinator
CASE079,P0066,Associate
CASE079,P0341,Document Handler
CASE079,P0670,Associate
CASE079,P0745,Logistics Coordinator
CASE079,P0210,Logistics Coordinator
CASE079,P0535,Recruiter
CASE079,P0704,Associate
CASE079,P0746,Recruiter
CASE079,P0367,Logistics Coordinator
CASE080,P0303,Coordinator
CASE080,P0779,Financial Intermediary
CASE080,P0322,False Lead
CASE080,P0049,Document Handler
CASE080,P0997,Logistics Coordinator
CASE080,P0881,Vehicle Provider
CASE080,P0869,Recruiter
CASE080,P0699,Associate
CASE080,P0105,Document Handler
CASE080,P0735,Associate
CASE080,P0155,Logistics Coordinator
CASE080,P0131,Logistics Coordinator
CASE080,P0643,Vehicle Provider
CASE080,P0026,Recruiter
CASE080,P0392,Unrelated Person
CASE081,P0582,Coordinator
CASE081,P0548,Financial Intermediary
CASE081,P0620,False Lead
CASE081,P0979,False Lead
CASE081,P0529,False Lead
CASE081,P0117,Logistics Coordinator
CASE081,P0351,Unrelated Person
CASE081,P0233,Logistics Coordinator
CASE081,P0433,Document Handler
CASE081,P0872,Logistics Coordinator
CASE081,P0789,Document Handler
CASE081,P0525,Vehicle Provider
CASE081,P0742,Unrelated Person
CASE081,P0493,Document Handler
CASE081,P0562,Associate
CASE081,P0107,Communicator
CASE081,P0891,Vehicle Provider
CASE081,P0429,Document Handler
CASE081,P0585,Recruiter
CASE081,P0499,Logistics Coordinator
CASE081,P0439,Document Handler
CASE081,P0075,Unrelated Person
CASE081,P0434,Operational Member
CASE081,P0007,Associate
CASE081,P0679,Unrelated Person
CASE081,P0505,Operational Member
CASE081,P0986,Vehicle Provider
CASE081,P0946,Document Handler
CASE081,P0945,Document Handler
CASE081,P0684,Recruiter
CASE081,P0420,Recruiter
CASE081,P0873,Document Handler
CASE081,P0992,Document Handler
CASE081,P0566,Recruiter
CASE081,P0393,Vehicle Provider
CASE081,P0261,Communicator
CASE081,P0352,Vehicle Provider
CASE081,P0295,Unrelated Person
CASE081,P0944,Logistics Coordinator
CASE082,P0530,Coordinator
CASE082,P0107,Financial Intermediary
CASE082,P0528,False Lead
CASE082,P0042,False Lead
CASE082,P0404,False Lead
CASE082,P0279,Bridge / Communicator
CASE082,P0243,Unrelated Person
CASE082,P0525,Operational Member
CASE082,P0534,Unrelated Person
CASE082,P0397,Operational Member
CASE082,P0701,Unrelated Person
CASE082,P0547,Operational Member
CASE082,P0433,Operational Member
CASE082,P0314,Document Handler
CASE082,P0862,Recruiter
CASE082,P0325,Recruiter
CASE082,P0581,Unrelated Person
CASE082,P0284,Communicator
CASE082,P0103,Vehicle Provider
CASE082,P0186,Associate
CASE082,P0504,Vehicle Provider
CASE082,P0138,Logistics Coordinator
CASE082,P0848,Recruiter
CASE082,P0233,Vehicle Provider
CASE082,P0614,Operational Member
CASE082,P0145,Communicator
CASE082,P0116,Vehicle Provider
CASE082,P0248,Logistics Coordinator
CASE082,P0387,Associate
CASE082,P0255,Associate
CASE082,P0236,Operational Member
CASE083,P0241,Coordinator
CASE083,P0435,Financial Intermediary
CASE083,P0415,False Lead
CASE083,P0288,False Lead
CASE083,P0827,Associate
CASE083,P0351,Associate
CASE083,P0549,Operational Member
CASE083,P0163,Communicator
CASE083,P0277,Logistics Coordinator
CASE083,P0661,Document Handler
CASE083,P0371,Recruiter
CASE083,P0321,Logistics Coordinator
CASE083,P0929,Document Handler
CASE083,P0793,Document Handler
CASE083,P0259,Vehicle Provider
CASE083,P0857,Document Handler
CASE083,P0278,Associate
CASE083,P0324,Recruiter
CASE083,P0014,Operational Member
CASE083,P0066,Recruiter
CASE083,P0601,Unrelated Person
CASE083,P0671,Recruiter
CASE083,P0158,Operational Member
CASE083,P0229,Recruiter
CASE083,P0660,Recruiter
CASE083,P0052,Associate
CASE083,P0850,Associate
CASE083,P0247,Operational Member
CASE084,P0647,Coordinator
CASE084,P0862,Financial Intermediary
CASE084,P0870,False Lead
CASE084,P0576,False Lead
CASE084,P0612,Operational Member
CASE084,P0651,Vehicle Provider
CASE084,P0198,Associate
CASE084,P0960,Unrelated Person
CASE084,P0624,Recruiter
CASE084,P0575,Vehicle Provider
CASE084,P0567,Communicator
CASE084,P0649,Logistics Coordinator
CASE084,P0867,Associate
CASE084,P0785,Recruiter
CASE084,P0077,Associate
CASE084,P0668,Operational Member
CASE084,P0689,Vehicle Provider
CASE084,P0096,Unrelated Person
CASE084,P0185,Logistics Coordinator
CASE084,P0573,Communicator
CASE084,P0699,Unrelated Person
CASE084,P0740,Unrelated Person
CASE084,P0875,Document Handler
CASE084,P0719,Document Handler
CASE084,P0496,Unrelated Person
CASE084,P0724,Logistics Coordinator
CASE085,P0182,Coordinator
CASE085,P0605,Financial Intermediary
CASE085,P0426,False Lead
CASE085,P0158,Bridge / Communicator
CASE085,P0957,Document Handler
CASE085,P0105,Vehicle Provider
CASE085,P0637,Vehicle Provider
CASE085,P0577,Associate
CASE085,P0329,Communicator
CASE086,P0301,Coordinator
CASE086,P0245,Financial Intermediary
CASE086,P0751,False Lead
CASE086,P0443,Bridge / Communicator
CASE086,P0771,Logistics Coordinator
CASE086,P0445,Operational Member
CASE086,P0839,Document Handler
CASE086,P0020,Logistics Coordinator
CASE086,P0469,Unrelated Person
CASE086,P0513,Associate
CASE086,P0322,Associate
CASE086,P0106,Recruiter
CASE086,P0119,Logistics Coordinator
CASE086,P0690,Logistics Coordinator
CASE087,P0359,Coordinator
CASE087,P0826,Financial Intermediary
CASE087,P0638,False Lead
CASE087,P0857,Unrelated Person
CASE087,P0754,Recruiter
CASE087,P0697,Vehicle Provider
CASE087,P0024,Document Handler
CASE088,P0651,Coordinator
CASE088,P0187,Financial Intermediary
CASE088,P0696,False Lead
CASE088,P0279,Bridge / Communicator
CASE088,P0813,Document Handler
CASE088,P0463,Vehicle Provider
CASE088,P0985,Recruiter
CASE088,P0775,Document Handler
CASE088,P0016,Logistics Coordinator
CASE088,P0759,Logistics Coordinator
CASE088,P0714,Vehicle Provider
CASE088,P0825,Recruiter
CASE088,P0459,Communicator
CASE089,P0172,Coordinator
CASE089,P0777,Financial Intermediary
CASE089,P0378,False Lead
CASE089,P0014,Associate
CASE089,P0051,Vehicle Provider
CASE090,P0906,Coordinator
CASE090,P0623,Financial Intermediary
CASE090,P0978,False Lead
CASE090,P0633,False Lead
CASE090,P0376,False Lead
CASE090,P0651,False Lead
CASE090,P0257,False Lead
CASE090,P0328,False Lead
CASE090,P0545,False Lead
CASE090,P0806,Vehicle Provider
CASE090,P0749,Unrelated Person
CASE090,P0643,Operational Member
CASE090,P0362,Recruiter
CASE090,P0482,Logistics Coordinator
CASE090,P0172,Logistics Coordinator
CASE090,P0645,Document Handler
CASE090,P0994,Operational Member
CASE090,P0560,Recruiter
CASE090,P0781,Communicator
CASE090,P0263,Unrelated Person
CASE090,P0105,Document Handler
CASE090,P0962,Associate
CASE090,P0841,Vehicle Provider
CASE090,P0316,Vehicle Provider
CASE090,P0265,Logistics Coordinator
CASE090,P0534,Recruiter
CASE090,P0170,Vehicle Provider
CASE090,P0700,Communicator
CASE090,P0928,Document Handler
CASE090,P0533,Associate
CASE090,P0224,Communicator
CASE090,P0758,Unrelated Person
CASE090,P0966,Recruiter
CASE090,P0840,Operational Member
CASE090,P0008,Unrelated Person
CASE090,P0486,Unrelated Person
CASE090,P0118,Logistics Coordinator
CASE090,P0015,Associate
CASE090,P0117,Associate
CASE090,P0581,Document Handler
CASE090,P0595,Document Handler
CASE090,P0746,Vehicle Provider
CASE090,P0067,Document Handler
CASE090,P0507,Document Handler
CASE090,P0195,Logistics Coordinator
CASE090,P0986,Associate
CASE090,P0152,Vehicle Provider
CASE090,P0524,Document Handler
CASE090,P0883,Unrelated Person
CASE090,P0222,Communicator
CASE090,P0852,Document Handler
CASE090,P0721,Logistics Coordinator
CASE090,P0843,Associate
CASE090,P0449,Vehicle Provider
CASE090,P0078,Vehicle Provider
CASE090,P0961,Logistics Coordinator
CASE090,P0327,Operational Member
CASE090,P0663,Recruiter
CASE090,P0814,Document Handler
CASE090,P0987,Operational Member
CASE090,P0336,Document Handler
CASE090,P0703,Operational Member
CASE090,P0361,Document Handler
CASE090,P0750,Communicator
CASE090,P0691,Logistics Coordinator
CASE090,P0847,Unrelated Person
CASE090,P0474,Unrelated Person
CASE090,P0812,Recruiter
CASE090,P0086,Logistics Coordinator
CASE090,P0945,Recruiter
CASE090,P0348,Logistics Coordinator
CASE090,P0589,Vehicle Provider
CASE090,P0392,Logistics Coordinator
CASE090,P0732,Unrelated Person
CASE090,P0740,Associate
CASE091,P0462,Coordinator
CASE091,P0095,Financial Intermediary
CASE091,P0828,Bridge / Communicator
CASE091,P0600,Document Handler
CASE091,P0286,Logistics Coordinator
CASE091,P0738,Logistics Coordinator
CASE091,P0048,Vehicle Provider
CASE091,P0657,Unrelated Person
CASE092,P0706,Coordinator
CASE092,P0980,Financial Intermediary
CASE092,P0136,False Lead
CASE092,P0472,Logistics Coordinator
CASE092,P0024,Unrelated Person
CASE092,P0309,Operational Member
CASE092,P0822,Communicator
CASE092,P0232,Associate
CASE092,P0187,Associate
CASE092,P0840,Vehicle Provider
CASE092,P0020,Operational Member
CASE092,P0842,Associate
CASE092,P0668,Document Handler
CASE093,P0531,Coordinator
CASE093,P0332,Financial Intermediary
CASE093,P0455,False Lead
CASE093,P0723,Operational Member
CASE093,P0811,Recruiter
CASE093,P0039,Operational Member
CASE093,P0583,Unrelated Person
CASE093,P0311,Associate
CASE094,P0681,Coordinator
CASE094,P0502,Financial Intermediary
CASE094,P0255,False Lead
CASE094,P0269,False Lead
CASE094,P0954,False Lead
CASE094,P0268,False Lead
CASE094,P0286,False Lead
CASE094,P0733,Vehicle Provider
CASE094,P0200,Logistics Coordinator
CASE094,P0825,Communicator
CASE094,P0104,Operational Member
CASE094,P0638,Vehicle Provider
CASE094,P0910,Recruiter
CASE094,P0266,Vehicle Provider
CASE094,P0777,Operational Member
CASE094,P0979,Vehicle Provider
CASE094,P0866,Associate
CASE094,P0226,Logistics Coordinator
CASE094,P0765,Logistics Coordinator
CASE094,P0907,Unrelated Person
CASE094,P0750,Logistics Coordinator
CASE094,P0372,Associate
CASE094,P0186,Communicator
CASE094,P0043,Communicator
CASE094,P0921,Communicator
CASE094,P0088,Operational Member
CASE094,P0783,Operational Member
CASE094,P0356,Logistics Coordinator
CASE094,P0171,Communicator
CASE094,P0228,Associate
CASE094,P0437,Logistics Coordinator
CASE094,P0352,Associate
CASE094,P0501,Recruiter
CASE094,P0841,Document Handler
CASE094,P0865,Communicator
CASE094,P0939,Logistics Coordinator
CASE094,P0198,Unrelated Person
CASE094,P0026,Communicator
CASE094,P0699,Operational Member
CASE094,P0100,Logistics Coordinator
CASE094,P0562,Vehicle Provider
CASE094,P0637,Unrelated Person
CASE094,P0061,Operational Member
CASE094,P0278,Recruiter
CASE094,P0419,Logistics Coordinator
CASE094,P0076,Communicator
CASE094,P0872,Recruiter
CASE094,P0067,Communicator
CASE094,P0080,Communicator
CASE094,P0902,Associate
CASE094,P0151,Unrelated Person
CASE094,P0057,Logistics Coordinator
CASE094,P0032,Logistics Coordinator
CASE095,P0236,Coordinator
CASE095,P0682,Financial Intermediary
CASE095,P0125,False Lead
CASE095,P0315,False Lead
CASE095,P0933,Recruiter
CASE095,P0661,Operational Member
CASE095,P0653,Document Handler
CASE095,P0987,Logistics Coordinator
CASE095,P0260,Vehicle Provider
CASE095,P0207,Communicator
CASE095,P0814,Associate
CASE095,P0519,Vehicle Provider
CASE095,P0679,Logistics Coordinator
CASE095,P0802,Vehicle Provider
CASE095,P0652,Logistics Coordinator
CASE095,P0224,Vehicle Provider
CASE095,P0497,Unrelated Person
CASE095,P0729,Vehicle Provider
CASE095,P0637,Logistics Coordinator
CASE095,P0546,Document Handler
CASE095,P0426,Unrelated Person
CASE095,P0876,Communicator
CASE096,P0673,Coordinator
CASE096,P0331,Financial Intermediary
CASE096,P0332,False Lead
CASE096,P0692,False Lead
CASE096,P0546,False Lead
CASE096,P0812,False Lead
CASE096,P0818,False Lead
CASE096,P0997,False Lead
CASE096,P0279,Bridge / Communicator
CASE096,P0304,Associate
CASE096,P0851,Recruiter
CASE096,P0238,Operational Member
CASE096,P0198,Document Handler
CASE096,P0660,Recruiter
CASE096,P0907,Vehicle Provider
CASE096,P0588,Recruiter
CASE096,P0947,Logistics Coordinator
CASE096,P0788,Operational Member
CASE096,P0883,Logistics Coordinator
CASE096,P0092,Vehicle Provider
CASE096,P0285,Unrelated Person
CASE096,P0809,Operational Member
CASE096,P0383,Communicator
CASE096,P0605,Vehicle Provider
CASE096,P0290,Associate
CASE096,P0561,Logistics Coordinator
CASE096,P0334,Recruiter
CASE096,P0981,Associate
CASE096,P0162,Recruiter
CASE096,P0338,Operational Member
CASE096,P0184,Document Handler
CASE096,P0597,Recruiter
CASE096,P0576,Associate
CASE096,P0865,Communicator
CASE096,P0448,Logistics Coordinator
CASE096,P0461,Operational Member
CASE096,P0256,Vehicle Provider
CASE096,P0654,Recruiter
CASE096,P0429,Recruiter
CASE096,P0591,Vehicle Provider
CASE096,P0980,Associate
CASE096,P0158,Document Handler
CASE096,P0301,Logistics Coordinator
CASE096,P0884,Document Handler
CASE096,P0249,Unrelated Person
CASE096,P0458,Vehicle Provider
CASE096,P0674,Associate
CASE096,P0743,Associate
CASE096,P0072,Recruiter
CASE096,P0362,Operational Member
CASE096,P0214,Logistics Coordinator
CASE096,P0211,Vehicle Provider
CASE096,P0550,Unrelated Person
CASE096,P0045,Unrelated Person
CASE096,P0121,Recruiter
CASE096,P0431,Communicator
CASE096,P0790,Communicator
CASE096,P0364,Unrelated Person
CASE096,P0227,Recruiter
CASE096,P0294,Unrelated Person
CASE096,P0849,Recruiter
CASE096,P0459,Communicator
CASE096,P0084,Document Handler
CASE096,P0656,Unrelated Person
CASE096,P0414,Document Handler
CASE096,P0363,Unrelated Person
CASE096,P0102,Associate
CASE097,P0890,Coordinator
CASE097,P0664,Financial Intermediary
CASE097,P0862,False Lead
CASE097,P0658,False Lead
CASE097,P0974,Bridge / Communicator
CASE097,P0788,Unrelated Person
CASE097,P0676,Unrelated Person
CASE097,P0900,Unrelated Person
CASE097,P0714,Vehicle Provider
CASE097,P0717,Document Handler
CASE097,P0928,Logistics Coordinator
CASE097,P0678,Vehicle Provider
CASE097,P0003,Vehicle Provider
CASE097,P0340,Unrelated Person
CASE097,P0535,Vehicle Provider
CASE097,P0045,Operational Member
CASE097,P0190,Logistics Coordinator
CASE097,P0391,Communicator
CASE097,P0792,Operational Member
CASE097,P0593,Communicator
CASE097,P0059,Vehicle Provider
CASE097,P0299,Associate
CASE098,P0224,Coordinator
CASE098,P0103,Financial Intermediary
CASE098,P0241,False Lead
CASE098,P0690,Logistics Coordinator
CASE099,P0519,Coordinator
CASE099,P0935,Financial Intermediary
CASE099,P0062,False Lead
CASE099,P0599,False Lead
CASE099,P0677,False Lead
CASE099,P0931,False Lead
CASE099,P0134,False Lead
CASE099,P0777,False Lead
CASE099,P0061,False Lead
CASE099,P0229,Operational Member
CASE099,P0270,Vehicle Provider
CASE099,P0001,Communicator
CASE099,P0246,Unrelated Person
CASE099,P0158,Recruiter
CASE099,P0534,Logistics Coordinator
CASE099,P0934,Recruiter
CASE099,P0701,Unrelated Person
CASE099,P0230,Associate
CASE099,P0666,Communicator
CASE099,P0971,Logistics Coordinator
CASE099,P0649,Recruiter
CASE099,P0319,Unrelated Person
CASE099,P0476,Unrelated Person
CASE099,P0469,Unrelated Person
CASE099,P0918,Vehicle Provider
CASE099,P0066,Logistics Coordinator
CASE099,P0977,Unrelated Person
CASE099,P0700,Vehicle Provider
CASE099,P0650,Operational Member
CASE099,P0771,Unrelated Person
CASE099,P0038,Communicator
CASE099,P0808,Recruiter
CASE099,P0716,Logistics Coordinator
CASE099,P0558,Recruiter
CASE099,P0118,Associate
CASE099,P0682,Recruiter
CASE099,P0611,Logistics Coordinator
CASE099,P0132,Operational Member
CASE099,P0778,Vehicle Provider
CASE099,P0799,Vehicle Provider
CASE099,P0289,Vehicle Provider
CASE099,P0513,Logistics Coordinator
CASE099,P0169,Document Handler
CASE099,P0624,Associate
CASE099,P0437,Logistics Coordinator
CASE099,P0457,Vehicle Provider
CASE099,P0082,Vehicle Provider
CASE099,P0815,Communicator
CASE099,P0717,Operational Member
CASE099,P0396,Communicator
CASE099,P0911,Unrelated Person
CASE099,P0678,Communicator
CASE099,P0614,Recruiter
CASE099,P0190,Unrelated Person
CASE099,P0968,Vehicle Provider
CASE099,P0630,Document Handler
CASE099,P0107,Communicator
CASE099,P0388,Operational Member
CASE099,P0272,Operational Member
CASE099,P0375,Vehicle Provider
CASE099,P0401,Associate
CASE099,P0427,Recruiter
CASE099,P0350,Vehicle Provider
CASE099,P0572,Logistics Coordinator
CASE099,P0706,Recruiter
CASE099,P0471,Vehicle Provider
CASE099,P0535,Recruiter
CASE099,P0097,Document Handler
CASE099,P0282,Logistics Coordinator
CASE099,P0423,Recruiter
CASE099,P0510,Document Handler
CASE099,P0913,Logistics Coordinator
CASE099,P0866,Vehicle Provider
CASE099,P0333,Recruiter
CASE099,P0425,Recruiter
CASE099,P0769,Operational Member
CASE099,P0010,Logistics Coordinator
CASE099,P0833,Recruiter
CASE100,P0789,Coordinator
CASE100,P0478,Financial Intermediary
CASE100,P0348,False Lead
CASE100,P0625,Bridge / Communicator
CASE100,P0863,Vehicle Provider
CASE100,P0643,Operational Member
CASE100,P0098,Communicator
CASE100,P0019,Recruiter
CASE100,P0946,Unrelated Person
CASE100,P0957,Associate
CASE100,P0598,Associate
CASE100,P0989,Vehicle Provider
CASE100,P0306,Associate
CASE100,P0198,Logistics Coordinator
CASE100,P0950,Unrelated Person
CASE100,P0674,Logistics Coordinator
